Copyright 1986-2022 Xilinx, Inc. All Rights Reserved. Copyright 2022-2025 Advanced Micro Devices, Inc. All Rights Reserved.
------------------------------------------------------------------------------------------------------------------------------------------------------------------------------------------------------------------------------------------------------
| Tool Version : Vivado v.2025.2 (win64) Build 6299465 Fri Nov 14 19:35:11 GMT 2025
| Date         : Wed May 13 20:59:30 2026
| Host         : MSI-FilmKub running 64-bit major release  (build 9200)
| Command      : report_timing_summary -max_paths 10 -routable_nets -report_unconstrained -file top_ov7670_vga_timing_summary_routed.rpt -pb top_ov7670_vga_timing_summary_routed.pb -rpx top_ov7670_vga_timing_summary_routed.rpx -warn_on_violation
| Design       : top_ov7670_vga
| Device       : 7a35t-cpg236
| Speed File   : -1  PRODUCTION 1.23 2018-06-13
| Design State : Routed
------------------------------------------------------------------------------------------------------------------------------------------------------------------------------------------------------------------------------------------------------

Timing Summary Report

------------------------------------------------------------------------------------------------
| Timer Settings
| --------------
------------------------------------------------------------------------------------------------

  Enable Multi Corner Analysis               :  Yes
  Enable Pessimism Removal                   :  Yes
  Pessimism Removal Resolution               :  Nearest Common Node
  Enable Input Delay Default Clock           :  No
  Enable Preset / Clear Arcs                 :  No
  Disable Flight Delays                      :  No
  Ignore I/O Paths                           :  No
  Timing Early Launch at Borrowing Latches   :  No
  Borrow Time for Max Delay Exceptions       :  Yes
  Merge Timing Exceptions                    :  Yes
  Inter-SLR Compensation                     :  Conservative

  Corner  Analyze    Analyze    
  Name    Max Paths  Min Paths  
  ------  ---------  ---------  
  Slow    Yes        Yes        
  Fast    Yes        Yes        


------------------------------------------------------------------------------------------------
| Report Methodology
| ------------------
------------------------------------------------------------------------------------------------

Rule       Severity  Description                                 Violations  
---------  --------  ------------------------------------------  ----------  
SYNTH-6    Warning   Timing of a RAM block might be sub-optimal  25          
TIMING-10  Warning   Missing property on synchronizer            1           
TIMING-18  Warning   Missing input or output delay               46          

Note: This report is based on the most recent report_methodology run and may not be up-to-date. Run report_methodology on the current design for the latest report.



check_timing report

Table of Contents
-----------------
1. checking no_clock (0)
2. checking constant_clock (0)
3. checking pulse_width_clock (0)
4. checking unconstrained_internal_endpoints (0)
5. checking no_input_delay (16)
6. checking no_output_delay (20)
7. checking multiple_clock (0)
8. checking generated_clocks (0)
9. checking loops (0)
10. checking partial_input_delay (0)
11. checking partial_output_delay (0)
12. checking latch_loops (0)

1. checking no_clock (0)
------------------------
 There are 0 register/latch pins with no clock.


2. checking constant_clock (0)
------------------------------
 There are 0 register/latch pins with constant_clock.


3. checking pulse_width_clock (0)
---------------------------------
 There are 0 register/latch pins which need pulse_width check


4. checking unconstrained_internal_endpoints (0)
------------------------------------------------
 There are 0 pins that are not constrained for maximum delay.

 There are 0 pins that are not constrained for maximum delay due to constant clock.


5. checking no_input_delay (16)
-------------------------------
 There are 16 input ports with no input delay specified. (HIGH)

 There are 0 input ports with no input delay but user has a false path constraint.


6. checking no_output_delay (20)
--------------------------------
 There are 20 ports with no output delay specified. (HIGH)

 There are 0 ports with no output delay but user has a false path constraint

 There are 0 ports with no output delay but with a timing clock defined on it or propagating through it


7. checking multiple_clock (0)
------------------------------
 There are 0 register/latch pins with multiple clocks.


8. checking generated_clocks (0)
--------------------------------
 There are 0 generated clocks that are not connected to a clock source.


9. checking loops (0)
---------------------
 There are 0 combinational loops in the design.


10. checking partial_input_delay (0)
------------------------------------
 There are 0 input ports with partial input delay specified.


11. checking partial_output_delay (0)
-------------------------------------
 There are 0 ports with partial output delay specified.


12. checking latch_loops (0)
----------------------------
 There are 0 combinational latch loops in the design through latch input



------------------------------------------------------------------------------------------------
| Design Timing Summary
| ---------------------
------------------------------------------------------------------------------------------------

    WNS(ns)      TNS(ns)  TNS Failing Endpoints  TNS Total Endpoints      WHS(ns)      THS(ns)  THS Failing Endpoints  THS Total Endpoints     WPWS(ns)     TPWS(ns)  TPWS Failing Endpoints  TPWS Total Endpoints  
    -------      -------  ---------------------  -------------------      -------      -------  ---------------------  -------------------     --------     --------  ----------------------  --------------------  
      3.214        0.000                      0                 1762        0.104        0.000                      0                 1762        3.000        0.000                       0                   356  


All user specified timing constraints are met.


------------------------------------------------------------------------------------------------
| Clock Summary
| -------------
------------------------------------------------------------------------------------------------

Clock          Waveform(ns)       Period(ns)      Frequency(MHz)
-----          ------------       ----------      --------------
cam_pclk_clk   {0.000 20.000}     40.000          25.000          
sys_clk        {0.000 5.000}      10.000          100.000         
  clk25_unbuf  {0.000 20.000}     40.000          25.000          
  clkfb        {0.000 5.000}      10.000          100.000         


------------------------------------------------------------------------------------------------
| Intra Clock Table
| -----------------
------------------------------------------------------------------------------------------------

Clock              WNS(ns)      TNS(ns)  TNS Failing Endpoints  TNS Total Endpoints      WHS(ns)      THS(ns)  THS Failing Endpoints  THS Total Endpoints     WPWS(ns)     TPWS(ns)  TPWS Failing Endpoints  TPWS Total Endpoints  
-----              -------      -------  ---------------------  -------------------      -------      -------  ---------------------  -------------------     --------     --------  ----------------------  --------------------  
cam_pclk_clk        32.817        0.000                      0                  849        0.210        0.000                      0                  849       19.500        0.000                       0                   145  
sys_clk              3.214        0.000                      0                  173        0.118        0.000                      0                  173        3.000        0.000                       0                    88  
  clk25_unbuf       27.858        0.000                      0                  740        0.104        0.000                      0                  740       19.500        0.000                       0                   120  
  clkfb                                                                                                                                                          7.845        0.000                       0                     3  


------------------------------------------------------------------------------------------------
| Inter Clock Table
| -----------------
------------------------------------------------------------------------------------------------

From Clock    To Clock          WNS(ns)      TNS(ns)  TNS Failing Endpoints  TNS Total Endpoints      WHS(ns)      THS(ns)  THS Failing Endpoints  THS Total Endpoints  
----------    --------          -------      -------  ---------------------  -------------------      -------      -------  ---------------------  -------------------  


------------------------------------------------------------------------------------------------
| Other Path Groups Table
| -----------------------
------------------------------------------------------------------------------------------------

Path Group    From Clock    To Clock          WNS(ns)      TNS(ns)  TNS Failing Endpoints  TNS Total Endpoints      WHS(ns)      THS(ns)  THS Failing Endpoints  THS Total Endpoints  
----------    ----------    --------          -------      -------  ---------------------  -------------------      -------      -------  ---------------------  -------------------  


------------------------------------------------------------------------------------------------
| User Ignored Path Table
| -----------------------
------------------------------------------------------------------------------------------------

Path Group    From Clock    To Clock    
----------    ----------    --------    
(none)        cam_pclk_clk  clk25_unbuf   


------------------------------------------------------------------------------------------------
| Unconstrained Path Table
| ------------------------
------------------------------------------------------------------------------------------------

Path Group    From Clock    To Clock    
----------    ----------    --------    
(none)                                    
(none)        cam_pclk_clk                
(none)        clk25_unbuf                 
(none)        sys_clk                     
(none)                      cam_pclk_clk  
(none)                      clk25_unbuf   
(none)                      sys_clk       


------------------------------------------------------------------------------------------------
| Timing Details
| --------------
------------------------------------------------------------------------------------------------


---------------------------------------------------------------------------------------------------
From Clock:  cam_pclk_clk
  To Clock:  cam_pclk_clk

Setup :            0  Failing Endpoints,  Worst Slack       32.817ns,  Total Violation        0.000ns
Hold  :            0  Failing Endpoints,  Worst Slack        0.210ns,  Total Violation        0.000ns
PW    :            0  Failing Endpoints,  Worst Slack       19.500ns,  Total Violation        0.000ns
---------------------------------------------------------------------------------------------------


Max Delay Paths
--------------------------------------------------------------------------------------
Slack (MET) :             32.817ns  (required time - arrival time)
  Source:                 u_capture/pixel_hi_reg[5]/C
                            (rising edge-triggered cell FDRE clocked by cam_pclk_clk  {rise@0.000ns fall@20.000ns period=40.000ns})
  Destination:            u_capture/full_wr_data_reg[2]/D
                            (rising edge-triggered cell FDRE clocked by cam_pclk_clk  {rise@0.000ns fall@20.000ns period=40.000ns})
  Path Group:             cam_pclk_clk
  Path Type:              Setup (Max at Slow Process Corner)
  Requirement:            40.000ns  (cam_pclk_clk rise@40.000ns - cam_pclk_clk rise@0.000ns)
  Data Path Delay:        7.140ns  (logic 2.446ns (34.257%)  route 4.694ns (65.743%))
  Logic Levels:           7  (CARRY4=1 LUT2=1 LUT3=1 LUT5=1 LUT6=3)
  Clock Path Skew:        -0.039ns (DCD - SCD + CPR)
    Destination Clock Delay (DCD):    5.065ns = ( 45.065 - 40.000 ) 
    Source Clock Delay      (SCD):    5.377ns
    Clock Pessimism Removal (CPR):    0.273ns
  Clock Uncertainty:      0.035ns  ((TSJ^2 + TIJ^2)^1/2 + DJ) / 2 + PE
    Total System Jitter     (TSJ):    0.071ns
    Total Input Jitter      (TIJ):    0.000ns
    Discrete Jitter          (DJ):    0.000ns
    Phase Error              (PE):    0.000ns

    Location             Delay type                Incr(ns)  Path(ns)    Netlist Resource(s)
  -------------------------------------------------------------------    -------------------
                         (clock cam_pclk_clk rise edge)
                                                      0.000     0.000 r  
    A16                                               0.000     0.000 r  cam_pclk (IN)
                         net (fo=0)                   0.000     0.000    cam_pclk
    A16                  IBUF (Prop_ibuf_I_O)         1.457     1.457 r  cam_pclk_IBUF_inst/O
                         net (fo=1, routed)           2.273     3.730    led_OBUF[4]
    BUFGCTRL_X0Y16       BUFG (Prop_bufg_I_O)         0.096     3.826 r  led_OBUF_BUFG[4]_inst/O
                         net (fo=145, routed)         1.551     5.377    u_capture/led_OBUF[2]
    SLICE_X37Y56         FDRE                                         r  u_capture/pixel_hi_reg[5]/C
  -------------------------------------------------------------------    -------------------
    SLICE_X37Y56         FDRE (Prop_fdre_C_Q)         0.456     5.833 r  u_capture/pixel_hi_reg[5]/Q
                         net (fo=10, routed)          0.757     6.591    u_capture/p_1_in[2]
    SLICE_X39Y57         LUT3 (Prop_lut3_I1_O)        0.118     6.709 f  u_capture/gray_acc__0_carry_i_6/O
                         net (fo=2, routed)           0.887     7.596    u_capture/gray_acc__0_carry_i_6_n_0
    SLICE_X38Y57         LUT6 (Prop_lut6_I5_O)        0.326     7.922 r  u_capture/gray_acc__0_carry__0_i_10__0/O
                         net (fo=2, routed)           0.822     8.743    u_capture/gray_acc__0_carry__0_i_10__0_n_0
    SLICE_X38Y58         LUT6 (Prop_lut6_I5_O)        0.124     8.867 f  u_capture/gray_acc__0_carry__0_i_9__0/O
                         net (fo=2, routed)           0.713     9.580    u_capture/gray_acc__0_carry__0_i_9__0_n_0
    SLICE_X39Y58         LUT2 (Prop_lut2_I1_O)        0.150     9.730 r  u_capture/gray_acc__0_carry__0_i_2/O
                         net (fo=2, routed)           0.820    10.550    u_capture/gray_acc__0_carry__0_i_2_n_0
    SLICE_X40Y58         LUT6 (Prop_lut6_I0_O)        0.326    10.876 r  u_capture/gray_acc__0_carry__0_i_6/O
                         net (fo=1, routed)           0.000    10.876    u_capture/gray_acc__0_carry__0_i_6_n_0
    SLICE_X40Y58         CARRY4 (Prop_carry4_S[1]_O[3])
                                                      0.640    11.516 r  u_capture/gray_acc__0_carry__0/O[3]
                         net (fo=1, routed)           0.695    12.211    u_capture/gray_acc[7]
    SLICE_X41Y58         LUT5 (Prop_lut5_I3_O)        0.306    12.517 r  u_capture/full_wr_data[2]_i_1/O
                         net (fo=1, routed)           0.000    12.517    u_capture/full_wr_data[2]_i_1_n_0
    SLICE_X41Y58         FDRE                                         r  u_capture/full_wr_data_reg[2]/D
  -------------------------------------------------------------------    -------------------

                         (clock cam_pclk_clk rise edge)
                                                     40.000    40.000 r  
    A16                                               0.000    40.000 r  cam_pclk (IN)
                         net (fo=0)                   0.000    40.000    cam_pclk
    A16                  IBUF (Prop_ibuf_I_O)         1.387    41.387 r  cam_pclk_IBUF_inst/O
                         net (fo=1, routed)           2.155    43.542    led_OBUF[4]
    BUFGCTRL_X0Y16       BUFG (Prop_bufg_I_O)         0.091    43.633 r  led_OBUF_BUFG[4]_inst/O
                         net (fo=145, routed)         1.433    45.065    u_capture/led_OBUF[2]
    SLICE_X41Y58         FDRE                                         r  u_capture/full_wr_data_reg[2]/C
                         clock pessimism              0.273    45.338    
                         clock uncertainty           -0.035    45.303    
    SLICE_X41Y58         FDRE (Setup_fdre_C_D)        0.031    45.334    u_capture/full_wr_data_reg[2]
  -------------------------------------------------------------------
                         required time                         45.334    
                         arrival time                         -12.517    
  -------------------------------------------------------------------
                         slack                                 32.817    

Slack (MET) :             32.922ns  (required time - arrival time)
  Source:                 u_capture/base_wr_addr_reg[16]/C
                            (rising edge-triggered cell FDRE clocked by cam_pclk_clk  {rise@0.000ns fall@20.000ns period=40.000ns})
  Destination:            u_framebuffer/u_bank2/mem_reg_1_1/ENARDEN
                            (rising edge-triggered cell RAMB36E1 clocked by cam_pclk_clk  {rise@0.000ns fall@20.000ns period=40.000ns})
  Path Group:             cam_pclk_clk
  Path Type:              Setup (Max at Slow Process Corner)
  Requirement:            40.000ns  (cam_pclk_clk rise@40.000ns - cam_pclk_clk rise@0.000ns)
  Data Path Delay:        6.531ns  (logic 0.956ns (14.638%)  route 5.575ns (85.362%))
  Logic Levels:           2  (LUT3=1 LUT6=1)
  Clock Path Skew:        -0.069ns (DCD - SCD + CPR)
    Destination Clock Delay (DCD):    5.111ns = ( 45.111 - 40.000 ) 
    Source Clock Delay      (SCD):    5.381ns
    Clock Pessimism Removal (CPR):    0.202ns
  Clock Uncertainty:      0.035ns  ((TSJ^2 + TIJ^2)^1/2 + DJ) / 2 + PE
    Total System Jitter     (TSJ):    0.071ns
    Total Input Jitter      (TIJ):    0.000ns
    Discrete Jitter          (DJ):    0.000ns
    Phase Error              (PE):    0.000ns

    Location             Delay type                Incr(ns)  Path(ns)    Netlist Resource(s)
  -------------------------------------------------------------------    -------------------
                         (clock cam_pclk_clk rise edge)
                                                      0.000     0.000 r  
    A16                                               0.000     0.000 r  cam_pclk (IN)
                         net (fo=0)                   0.000     0.000    cam_pclk
    A16                  IBUF (Prop_ibuf_I_O)         1.457     1.457 r  cam_pclk_IBUF_inst/O
                         net (fo=1, routed)           2.273     3.730    led_OBUF[4]
    BUFGCTRL_X0Y16       BUFG (Prop_bufg_I_O)         0.096     3.826 r  led_OBUF_BUFG[4]_inst/O
                         net (fo=145, routed)         1.555     5.381    u_capture/led_OBUF[2]
    SLICE_X48Y58         FDRE                                         r  u_capture/base_wr_addr_reg[16]/C
  -------------------------------------------------------------------    -------------------
    SLICE_X48Y58         FDRE (Prop_fdre_C_Q)         0.456     5.837 f  u_capture/base_wr_addr_reg[16]/Q
                         net (fo=3, routed)           0.957     6.795    u_capture/base_wr_addr[16]
    SLICE_X52Y59         LUT3 (Prop_lut3_I2_O)        0.152     6.947 f  u_capture/mem_reg_0_0_i_37/O
                         net (fo=4, routed)           0.848     7.794    u_capture/u_framebuffer/bank_wr_addr[16]
    SLICE_X52Y58         LUT6 (Prop_lut6_I5_O)        0.348     8.142 r  u_capture/mem_reg_0_0_i_32__2/O
                         net (fo=9, routed)           3.770    11.912    u_framebuffer/u_bank2/mem_reg_1_2_2[0]
    RAMB36_X0Y11         RAMB36E1                                     r  u_framebuffer/u_bank2/mem_reg_1_1/ENARDEN
  -------------------------------------------------------------------    -------------------

                         (clock cam_pclk_clk rise edge)
                                                     40.000    40.000 r  
    A16                                               0.000    40.000 r  cam_pclk (IN)
                         net (fo=0)                   0.000    40.000    cam_pclk
    A16                  IBUF (Prop_ibuf_I_O)         1.387    41.387 r  cam_pclk_IBUF_inst/O
                         net (fo=1, routed)           2.155    43.542    led_OBUF[4]
    BUFGCTRL_X0Y16       BUFG (Prop_bufg_I_O)         0.091    43.633 r  led_OBUF_BUFG[4]_inst/O
                         net (fo=145, routed)         1.478    45.111    u_framebuffer/u_bank2/led_OBUF[0]
    RAMB36_X0Y11         RAMB36E1                                     r  u_framebuffer/u_bank2/mem_reg_1_1/CLKARDCLK
                         clock pessimism              0.202    45.312    
                         clock uncertainty           -0.035    45.277    
    RAMB36_X0Y11         RAMB36E1 (Setup_ramb36e1_CLKARDCLK_ENARDEN)
                                                     -0.443    44.834    u_framebuffer/u_bank2/mem_reg_1_1
  -------------------------------------------------------------------
                         required time                         44.834    
                         arrival time                         -11.912    
  -------------------------------------------------------------------
                         slack                                 32.922    

Slack (MET) :             33.046ns  (required time - arrival time)
  Source:                 u_capture/y_count_reg[8]/C
                            (rising edge-triggered cell FDRE clocked by cam_pclk_clk  {rise@0.000ns fall@20.000ns period=40.000ns})
  Destination:            u_capture/base_wr_data_reg[1]/CE
                            (rising edge-triggered cell FDRE clocked by cam_pclk_clk  {rise@0.000ns fall@20.000ns period=40.000ns})
  Path Group:             cam_pclk_clk
  Path Type:              Setup (Max at Slow Process Corner)
  Requirement:            40.000ns  (cam_pclk_clk rise@40.000ns - cam_pclk_clk rise@0.000ns)
  Data Path Delay:        6.597ns  (logic 1.545ns (23.420%)  route 5.052ns (76.580%))
  Logic Levels:           4  (LUT3=2 LUT4=1 LUT5=1)
  Clock Path Skew:        -0.116ns (DCD - SCD + CPR)
    Destination Clock Delay (DCD):    5.065ns = ( 45.065 - 40.000 ) 
    Source Clock Delay      (SCD):    5.383ns
    Clock Pessimism Removal (CPR):    0.202ns
  Clock Uncertainty:      0.035ns  ((TSJ^2 + TIJ^2)^1/2 + DJ) / 2 + PE
    Total System Jitter     (TSJ):    0.071ns
    Total Input Jitter      (TIJ):    0.000ns
    Discrete Jitter          (DJ):    0.000ns
    Phase Error              (PE):    0.000ns

    Location             Delay type                Incr(ns)  Path(ns)    Netlist Resource(s)
  -------------------------------------------------------------------    -------------------
                         (clock cam_pclk_clk rise edge)
                                                      0.000     0.000 r  
    A16                                               0.000     0.000 r  cam_pclk (IN)
                         net (fo=0)                   0.000     0.000    cam_pclk
    A16                  IBUF (Prop_ibuf_I_O)         1.457     1.457 r  cam_pclk_IBUF_inst/O
                         net (fo=1, routed)           2.273     3.730    led_OBUF[4]
    BUFGCTRL_X0Y16       BUFG (Prop_bufg_I_O)         0.096     3.826 r  led_OBUF_BUFG[4]_inst/O
                         net (fo=145, routed)         1.557     5.383    u_capture/led_OBUF[2]
    SLICE_X51Y56         FDRE                                         r  u_capture/y_count_reg[8]/C
  -------------------------------------------------------------------    -------------------
    SLICE_X51Y56         FDRE (Prop_fdre_C_Q)         0.419     5.802 f  u_capture/y_count_reg[8]/Q
                         net (fo=4, routed)           0.653     6.455    u_capture/y_count_reg[8]
    SLICE_X51Y56         LUT3 (Prop_lut3_I1_O)        0.322     6.777 f  u_capture/full_row_addr[7]_i_3/O
                         net (fo=2, routed)           0.378     7.155    u_capture/full_row_addr[7]_i_3_n_0
    SLICE_X50Y56         LUT5 (Prop_lut5_I0_O)        0.326     7.481 r  u_capture/full_wr_addr[18]_i_3/O
                         net (fo=3, routed)           1.092     8.573    u_capture/capture_full
    SLICE_X46Y56         LUT4 (Prop_lut4_I0_O)        0.150     8.723 r  u_capture/full_wr_addr[18]_i_1/O
                         net (fo=26, routed)          1.029     9.753    u_capture/full_wr_addr[18]_i_1_n_0
    SLICE_X51Y56         LUT3 (Prop_lut3_I0_O)        0.328    10.081 r  u_capture/base_wr_addr[16]_i_1/O
                         net (fo=29, routed)          1.900    11.980    u_capture/base_wr_addr[16]_i_1_n_0
    SLICE_X28Y57         FDRE                                         r  u_capture/base_wr_data_reg[1]/CE
  -------------------------------------------------------------------    -------------------

                         (clock cam_pclk_clk rise edge)
                                                     40.000    40.000 r  
    A16                                               0.000    40.000 r  cam_pclk (IN)
                         net (fo=0)                   0.000    40.000    cam_pclk
    A16                  IBUF (Prop_ibuf_I_O)         1.387    41.387 r  cam_pclk_IBUF_inst/O
                         net (fo=1, routed)           2.155    43.542    led_OBUF[4]
    BUFGCTRL_X0Y16       BUFG (Prop_bufg_I_O)         0.091    43.633 r  led_OBUF_BUFG[4]_inst/O
                         net (fo=145, routed)         1.433    45.065    u_capture/led_OBUF[2]
    SLICE_X28Y57         FDRE                                         r  u_capture/base_wr_data_reg[1]/C
                         clock pessimism              0.202    45.267    
                         clock uncertainty           -0.035    45.232    
    SLICE_X28Y57         FDRE (Setup_fdre_C_CE)      -0.205    45.027    u_capture/base_wr_data_reg[1]
  -------------------------------------------------------------------
                         required time                         45.027    
                         arrival time                         -11.980    
  -------------------------------------------------------------------
                         slack                                 33.046    

Slack (MET) :             33.046ns  (required time - arrival time)
  Source:                 u_capture/y_count_reg[8]/C
                            (rising edge-triggered cell FDRE clocked by cam_pclk_clk  {rise@0.000ns fall@20.000ns period=40.000ns})
  Destination:            u_capture/base_wr_data_reg[4]/CE
                            (rising edge-triggered cell FDRE clocked by cam_pclk_clk  {rise@0.000ns fall@20.000ns period=40.000ns})
  Path Group:             cam_pclk_clk
  Path Type:              Setup (Max at Slow Process Corner)
  Requirement:            40.000ns  (cam_pclk_clk rise@40.000ns - cam_pclk_clk rise@0.000ns)
  Data Path Delay:        6.597ns  (logic 1.545ns (23.420%)  route 5.052ns (76.580%))
  Logic Levels:           4  (LUT3=2 LUT4=1 LUT5=1)
  Clock Path Skew:        -0.116ns (DCD - SCD + CPR)
    Destination Clock Delay (DCD):    5.065ns = ( 45.065 - 40.000 ) 
    Source Clock Delay      (SCD):    5.383ns
    Clock Pessimism Removal (CPR):    0.202ns
  Clock Uncertainty:      0.035ns  ((TSJ^2 + TIJ^2)^1/2 + DJ) / 2 + PE
    Total System Jitter     (TSJ):    0.071ns
    Total Input Jitter      (TIJ):    0.000ns
    Discrete Jitter          (DJ):    0.000ns
    Phase Error              (PE):    0.000ns

    Location             Delay type                Incr(ns)  Path(ns)    Netlist Resource(s)
  -------------------------------------------------------------------    -------------------
                         (clock cam_pclk_clk rise edge)
                                                      0.000     0.000 r  
    A16                                               0.000     0.000 r  cam_pclk (IN)
                         net (fo=0)                   0.000     0.000    cam_pclk
    A16                  IBUF (Prop_ibuf_I_O)         1.457     1.457 r  cam_pclk_IBUF_inst/O
                         net (fo=1, routed)           2.273     3.730    led_OBUF[4]
    BUFGCTRL_X0Y16       BUFG (Prop_bufg_I_O)         0.096     3.826 r  led_OBUF_BUFG[4]_inst/O
                         net (fo=145, routed)         1.557     5.383    u_capture/led_OBUF[2]
    SLICE_X51Y56         FDRE                                         r  u_capture/y_count_reg[8]/C
  -------------------------------------------------------------------    -------------------
    SLICE_X51Y56         FDRE (Prop_fdre_C_Q)         0.419     5.802 f  u_capture/y_count_reg[8]/Q
                         net (fo=4, routed)           0.653     6.455    u_capture/y_count_reg[8]
    SLICE_X51Y56         LUT3 (Prop_lut3_I1_O)        0.322     6.777 f  u_capture/full_row_addr[7]_i_3/O
                         net (fo=2, routed)           0.378     7.155    u_capture/full_row_addr[7]_i_3_n_0
    SLICE_X50Y56         LUT5 (Prop_lut5_I0_O)        0.326     7.481 r  u_capture/full_wr_addr[18]_i_3/O
                         net (fo=3, routed)           1.092     8.573    u_capture/capture_full
    SLICE_X46Y56         LUT4 (Prop_lut4_I0_O)        0.150     8.723 r  u_capture/full_wr_addr[18]_i_1/O
                         net (fo=26, routed)          1.029     9.753    u_capture/full_wr_addr[18]_i_1_n_0
    SLICE_X51Y56         LUT3 (Prop_lut3_I0_O)        0.328    10.081 r  u_capture/base_wr_addr[16]_i_1/O
                         net (fo=29, routed)          1.900    11.980    u_capture/base_wr_addr[16]_i_1_n_0
    SLICE_X28Y57         FDRE                                         r  u_capture/base_wr_data_reg[4]/CE
  -------------------------------------------------------------------    -------------------

                         (clock cam_pclk_clk rise edge)
                                                     40.000    40.000 r  
    A16                                               0.000    40.000 r  cam_pclk (IN)
                         net (fo=0)                   0.000    40.000    cam_pclk
    A16                  IBUF (Prop_ibuf_I_O)         1.387    41.387 r  cam_pclk_IBUF_inst/O
                         net (fo=1, routed)           2.155    43.542    led_OBUF[4]
    BUFGCTRL_X0Y16       BUFG (Prop_bufg_I_O)         0.091    43.633 r  led_OBUF_BUFG[4]_inst/O
                         net (fo=145, routed)         1.433    45.065    u_capture/led_OBUF[2]
    SLICE_X28Y57         FDRE                                         r  u_capture/base_wr_data_reg[4]/C
                         clock pessimism              0.202    45.267    
                         clock uncertainty           -0.035    45.232    
    SLICE_X28Y57         FDRE (Setup_fdre_C_CE)      -0.205    45.027    u_capture/base_wr_data_reg[4]
  -------------------------------------------------------------------
                         required time                         45.027    
                         arrival time                         -11.980    
  -------------------------------------------------------------------
                         slack                                 33.046    

Slack (MET) :             33.074ns  (required time - arrival time)
  Source:                 u_capture/pixel_hi_reg[5]/C
                            (rising edge-triggered cell FDRE clocked by cam_pclk_clk  {rise@0.000ns fall@20.000ns period=40.000ns})
  Destination:            u_capture/full_wr_data_reg[1]/D
                            (rising edge-triggered cell FDRE clocked by cam_pclk_clk  {rise@0.000ns fall@20.000ns period=40.000ns})
  Path Group:             cam_pclk_clk
  Path Type:              Setup (Max at Slow Process Corner)
  Requirement:            40.000ns  (cam_pclk_clk rise@40.000ns - cam_pclk_clk rise@0.000ns)
  Data Path Delay:        6.882ns  (logic 2.382ns (34.611%)  route 4.500ns (65.389%))
  Logic Levels:           7  (CARRY4=1 LUT2=1 LUT3=1 LUT5=1 LUT6=3)
  Clock Path Skew:        -0.039ns (DCD - SCD + CPR)
    Destination Clock Delay (DCD):    5.065ns = ( 45.065 - 40.000 ) 
    Source Clock Delay      (SCD):    5.377ns
    Clock Pessimism Removal (CPR):    0.273ns
  Clock Uncertainty:      0.035ns  ((TSJ^2 + TIJ^2)^1/2 + DJ) / 2 + PE
    Total System Jitter     (TSJ):    0.071ns
    Total Input Jitter      (TIJ):    0.000ns
    Discrete Jitter          (DJ):    0.000ns
    Phase Error              (PE):    0.000ns

    Location             Delay type                Incr(ns)  Path(ns)    Netlist Resource(s)
  -------------------------------------------------------------------    -------------------
                         (clock cam_pclk_clk rise edge)
                                                      0.000     0.000 r  
    A16                                               0.000     0.000 r  cam_pclk (IN)
                         net (fo=0)                   0.000     0.000    cam_pclk
    A16                  IBUF (Prop_ibuf_I_O)         1.457     1.457 r  cam_pclk_IBUF_inst/O
                         net (fo=1, routed)           2.273     3.730    led_OBUF[4]
    BUFGCTRL_X0Y16       BUFG (Prop_bufg_I_O)         0.096     3.826 r  led_OBUF_BUFG[4]_inst/O
                         net (fo=145, routed)         1.551     5.377    u_capture/led_OBUF[2]
    SLICE_X37Y56         FDRE                                         r  u_capture/pixel_hi_reg[5]/C
  -------------------------------------------------------------------    -------------------
    SLICE_X37Y56         FDRE (Prop_fdre_C_Q)         0.456     5.833 r  u_capture/pixel_hi_reg[5]/Q
                         net (fo=10, routed)          0.757     6.591    u_capture/p_1_in[2]
    SLICE_X39Y57         LUT3 (Prop_lut3_I1_O)        0.118     6.709 f  u_capture/gray_acc__0_carry_i_6/O
                         net (fo=2, routed)           0.887     7.596    u_capture/gray_acc__0_carry_i_6_n_0
    SLICE_X38Y57         LUT6 (Prop_lut6_I5_O)        0.326     7.922 r  u_capture/gray_acc__0_carry__0_i_10__0/O
                         net (fo=2, routed)           0.822     8.743    u_capture/gray_acc__0_carry__0_i_10__0_n_0
    SLICE_X38Y58         LUT6 (Prop_lut6_I5_O)        0.124     8.867 f  u_capture/gray_acc__0_carry__0_i_9__0/O
                         net (fo=2, routed)           0.713     9.580    u_capture/gray_acc__0_carry__0_i_9__0_n_0
    SLICE_X39Y58         LUT2 (Prop_lut2_I1_O)        0.150     9.730 r  u_capture/gray_acc__0_carry__0_i_2/O
                         net (fo=2, routed)           0.820    10.550    u_capture/gray_acc__0_carry__0_i_2_n_0
    SLICE_X40Y58         LUT6 (Prop_lut6_I0_O)        0.326    10.876 r  u_capture/gray_acc__0_carry__0_i_6/O
                         net (fo=1, routed)           0.000    10.876    u_capture/gray_acc__0_carry__0_i_6_n_0
    SLICE_X40Y58         CARRY4 (Prop_carry4_S[1]_O[2])
                                                      0.580    11.456 r  u_capture/gray_acc__0_carry__0/O[2]
                         net (fo=1, routed)           0.501    11.958    u_capture/gray_acc[6]
    SLICE_X41Y58         LUT5 (Prop_lut5_I3_O)        0.302    12.260 r  u_capture/full_wr_data[1]_i_1/O
                         net (fo=1, routed)           0.000    12.260    u_capture/full_wr_data[1]_i_1_n_0
    SLICE_X41Y58         FDRE                                         r  u_capture/full_wr_data_reg[1]/D
  -------------------------------------------------------------------    -------------------

                         (clock cam_pclk_clk rise edge)
                                                     40.000    40.000 r  
    A16                                               0.000    40.000 r  cam_pclk (IN)
                         net (fo=0)                   0.000    40.000    cam_pclk
    A16                  IBUF (Prop_ibuf_I_O)         1.387    41.387 r  cam_pclk_IBUF_inst/O
                         net (fo=1, routed)           2.155    43.542    led_OBUF[4]
    BUFGCTRL_X0Y16       BUFG (Prop_bufg_I_O)         0.091    43.633 r  led_OBUF_BUFG[4]_inst/O
                         net (fo=145, routed)         1.433    45.065    u_capture/led_OBUF[2]
    SLICE_X41Y58         FDRE                                         r  u_capture/full_wr_data_reg[1]/C
                         clock pessimism              0.273    45.338    
                         clock uncertainty           -0.035    45.303    
    SLICE_X41Y58         FDRE (Setup_fdre_C_D)        0.031    45.334    u_capture/full_wr_data_reg[1]
  -------------------------------------------------------------------
                         required time                         45.334    
                         arrival time                         -12.260    
  -------------------------------------------------------------------
                         slack                                 33.074    

Slack (MET) :             33.114ns  (required time - arrival time)
  Source:                 u_capture/base_wr_addr_reg[16]/C
                            (rising edge-triggered cell FDRE clocked by cam_pclk_clk  {rise@0.000ns fall@20.000ns period=40.000ns})
  Destination:            u_framebuffer/u_bank2/mem_reg_0_1/WEA[0]
                            (rising edge-triggered cell RAMB36E1 clocked by cam_pclk_clk  {rise@0.000ns fall@20.000ns period=40.000ns})
  Path Group:             cam_pclk_clk
  Path Type:              Setup (Max at Slow Process Corner)
  Requirement:            40.000ns  (cam_pclk_clk rise@40.000ns - cam_pclk_clk rise@0.000ns)
  Data Path Delay:        6.251ns  (logic 0.956ns (15.294%)  route 5.295ns (84.706%))
  Logic Levels:           2  (LUT3=1 LUT6=1)
  Clock Path Skew:        -0.068ns (DCD - SCD + CPR)
    Destination Clock Delay (DCD):    5.112ns = ( 45.112 - 40.000 ) 
    Source Clock Delay      (SCD):    5.381ns
    Clock Pessimism Removal (CPR):    0.202ns
  Clock Uncertainty:      0.035ns  ((TSJ^2 + TIJ^2)^1/2 + DJ) / 2 + PE
    Total System Jitter     (TSJ):    0.071ns
    Total Input Jitter      (TIJ):    0.000ns
    Discrete Jitter          (DJ):    0.000ns
    Phase Error              (PE):    0.000ns

    Location             Delay type                Incr(ns)  Path(ns)    Netlist Resource(s)
  -------------------------------------------------------------------    -------------------
                         (clock cam_pclk_clk rise edge)
                                                      0.000     0.000 r  
    A16                                               0.000     0.000 r  cam_pclk (IN)
                         net (fo=0)                   0.000     0.000    cam_pclk
    A16                  IBUF (Prop_ibuf_I_O)         1.457     1.457 r  cam_pclk_IBUF_inst/O
                         net (fo=1, routed)           2.273     3.730    led_OBUF[4]
    BUFGCTRL_X0Y16       BUFG (Prop_bufg_I_O)         0.096     3.826 r  led_OBUF_BUFG[4]_inst/O
                         net (fo=145, routed)         1.555     5.381    u_capture/led_OBUF[2]
    SLICE_X48Y58         FDRE                                         r  u_capture/base_wr_addr_reg[16]/C
  -------------------------------------------------------------------    -------------------
    SLICE_X48Y58         FDRE (Prop_fdre_C_Q)         0.456     5.837 f  u_capture/base_wr_addr_reg[16]/Q
                         net (fo=3, routed)           0.957     6.795    u_capture/base_wr_addr[16]
    SLICE_X52Y59         LUT3 (Prop_lut3_I2_O)        0.152     6.947 f  u_capture/mem_reg_0_0_i_37/O
                         net (fo=4, routed)           0.848     7.794    u_capture/u_framebuffer/bank_wr_addr[16]
    SLICE_X52Y58         LUT6 (Prop_lut6_I5_O)        0.348     8.142 r  u_capture/mem_reg_0_0_i_32__2/O
                         net (fo=9, routed)           3.490    11.632    u_framebuffer/u_bank2/mem_reg_1_2_2[0]
    RAMB36_X0Y10         RAMB36E1                                     r  u_framebuffer/u_bank2/mem_reg_0_1/WEA[0]
  -------------------------------------------------------------------    -------------------

                         (clock cam_pclk_clk rise edge)
                                                     40.000    40.000 r  
    A16                                               0.000    40.000 r  cam_pclk (IN)
                         net (fo=0)                   0.000    40.000    cam_pclk
    A16                  IBUF (Prop_ibuf_I_O)         1.387    41.387 r  cam_pclk_IBUF_inst/O
                         net (fo=1, routed)           2.155    43.542    led_OBUF[4]
    BUFGCTRL_X0Y16       BUFG (Prop_bufg_I_O)         0.091    43.633 r  led_OBUF_BUFG[4]_inst/O
                         net (fo=145, routed)         1.479    45.112    u_framebuffer/u_bank2/led_OBUF[0]
    RAMB36_X0Y10         RAMB36E1                                     r  u_framebuffer/u_bank2/mem_reg_0_1/CLKARDCLK
                         clock pessimism              0.202    45.313    
                         clock uncertainty           -0.035    45.278    
    RAMB36_X0Y10         RAMB36E1 (Setup_ramb36e1_CLKARDCLK_WEA[0])
                                                     -0.532    44.746    u_framebuffer/u_bank2/mem_reg_0_1
  -------------------------------------------------------------------
                         required time                         44.746    
                         arrival time                         -11.632    
  -------------------------------------------------------------------
                         slack                                 33.114    

Slack (MET) :             33.161ns  (required time - arrival time)
  Source:                 u_capture/base_wr_addr_reg[16]/C
                            (rising edge-triggered cell FDRE clocked by cam_pclk_clk  {rise@0.000ns fall@20.000ns period=40.000ns})
  Destination:            u_framebuffer/u_bank2/mem_reg_0_1/ENARDEN
                            (rising edge-triggered cell RAMB36E1 clocked by cam_pclk_clk  {rise@0.000ns fall@20.000ns period=40.000ns})
  Path Group:             cam_pclk_clk
  Path Type:              Setup (Max at Slow Process Corner)
  Requirement:            40.000ns  (cam_pclk_clk rise@40.000ns - cam_pclk_clk rise@0.000ns)
  Data Path Delay:        6.293ns  (logic 1.080ns (17.162%)  route 5.213ns (82.838%))
  Logic Levels:           3  (LUT3=2 LUT6=1)
  Clock Path Skew:        -0.068ns (DCD - SCD + CPR)
    Destination Clock Delay (DCD):    5.112ns = ( 45.112 - 40.000 ) 
    Source Clock Delay      (SCD):    5.381ns
    Clock Pessimism Removal (CPR):    0.202ns
  Clock Uncertainty:      0.035ns  ((TSJ^2 + TIJ^2)^1/2 + DJ) / 2 + PE
    Total System Jitter     (TSJ):    0.071ns
    Total Input Jitter      (TIJ):    0.000ns
    Discrete Jitter          (DJ):    0.000ns
    Phase Error              (PE):    0.000ns

    Location             Delay type                Incr(ns)  Path(ns)    Netlist Resource(s)
  -------------------------------------------------------------------    -------------------
                         (clock cam_pclk_clk rise edge)
                                                      0.000     0.000 r  
    A16                                               0.000     0.000 r  cam_pclk (IN)
                         net (fo=0)                   0.000     0.000    cam_pclk
    A16                  IBUF (Prop_ibuf_I_O)         1.457     1.457 r  cam_pclk_IBUF_inst/O
                         net (fo=1, routed)           2.273     3.730    led_OBUF[4]
    BUFGCTRL_X0Y16       BUFG (Prop_bufg_I_O)         0.096     3.826 r  led_OBUF_BUFG[4]_inst/O
                         net (fo=145, routed)         1.555     5.381    u_capture/led_OBUF[2]
    SLICE_X48Y58         FDRE                                         r  u_capture/base_wr_addr_reg[16]/C
  -------------------------------------------------------------------    -------------------
    SLICE_X48Y58         FDRE (Prop_fdre_C_Q)         0.456     5.837 f  u_capture/base_wr_addr_reg[16]/Q
                         net (fo=3, routed)           0.957     6.795    u_capture/base_wr_addr[16]
    SLICE_X52Y59         LUT3 (Prop_lut3_I2_O)        0.152     6.947 f  u_capture/mem_reg_0_0_i_37/O
                         net (fo=4, routed)           0.848     7.794    u_capture/u_framebuffer/bank_wr_addr[16]
    SLICE_X52Y58         LUT6 (Prop_lut6_I5_O)        0.348     8.142 r  u_capture/mem_reg_0_0_i_32__2/O
                         net (fo=9, routed)           3.066    11.208    u_framebuffer/u_bank2/mem_reg_1_2_2[0]
    SLICE_X8Y52          LUT3 (Prop_lut3_I0_O)        0.124    11.332 r  u_framebuffer/u_bank2/mem_reg_0_1_ENARDEN_cooolgate_en_gate_40/O
                         net (fo=1, routed)           0.343    11.674    u_framebuffer/u_bank2/mem_reg_0_1_ENARDEN_cooolgate_en_sig_21
    RAMB36_X0Y10         RAMB36E1                                     r  u_framebuffer/u_bank2/mem_reg_0_1/ENARDEN
  -------------------------------------------------------------------    -------------------

                         (clock cam_pclk_clk rise edge)
                                                     40.000    40.000 r  
    A16                                               0.000    40.000 r  cam_pclk (IN)
                         net (fo=0)                   0.000    40.000    cam_pclk
    A16                  IBUF (Prop_ibuf_I_O)         1.387    41.387 r  cam_pclk_IBUF_inst/O
                         net (fo=1, routed)           2.155    43.542    led_OBUF[4]
    BUFGCTRL_X0Y16       BUFG (Prop_bufg_I_O)         0.091    43.633 r  led_OBUF_BUFG[4]_inst/O
                         net (fo=145, routed)         1.479    45.112    u_framebuffer/u_bank2/led_OBUF[0]
    RAMB36_X0Y10         RAMB36E1                                     r  u_framebuffer/u_bank2/mem_reg_0_1/CLKARDCLK
                         clock pessimism              0.202    45.313    
                         clock uncertainty           -0.035    45.278    
    RAMB36_X0Y10         RAMB36E1 (Setup_ramb36e1_CLKARDCLK_ENARDEN)
                                                     -0.443    44.835    u_framebuffer/u_bank2/mem_reg_0_1
  -------------------------------------------------------------------
                         required time                         44.835    
                         arrival time                         -11.674    
  -------------------------------------------------------------------
                         slack                                 33.161    

Slack (MET) :             33.293ns  (required time - arrival time)
  Source:                 u_capture/base_wr_addr_reg[16]/C
                            (rising edge-triggered cell FDRE clocked by cam_pclk_clk  {rise@0.000ns fall@20.000ns period=40.000ns})
  Destination:            u_framebuffer/u_bank2/mem_reg_0_2/ENARDEN
                            (rising edge-triggered cell RAMB36E1 clocked by cam_pclk_clk  {rise@0.000ns fall@20.000ns period=40.000ns})
  Path Group:             cam_pclk_clk
  Path Type:              Setup (Max at Slow Process Corner)
  Requirement:            40.000ns  (cam_pclk_clk rise@40.000ns - cam_pclk_clk rise@0.000ns)
  Data Path Delay:        6.157ns  (logic 1.080ns (17.541%)  route 5.077ns (82.459%))
  Logic Levels:           3  (LUT3=2 LUT6=1)
  Clock Path Skew:        -0.071ns (DCD - SCD + CPR)
    Destination Clock Delay (DCD):    5.117ns = ( 45.117 - 40.000 ) 
    Source Clock Delay      (SCD):    5.381ns
    Clock Pessimism Removal (CPR):    0.194ns
  Clock Uncertainty:      0.035ns  ((TSJ^2 + TIJ^2)^1/2 + DJ) / 2 + PE
    Total System Jitter     (TSJ):    0.071ns
    Total Input Jitter      (TIJ):    0.000ns
    Discrete Jitter          (DJ):    0.000ns
    Phase Error              (PE):    0.000ns

    Location             Delay type                Incr(ns)  Path(ns)    Netlist Resource(s)
  -------------------------------------------------------------------    -------------------
                         (clock cam_pclk_clk rise edge)
                                                      0.000     0.000 r  
    A16                                               0.000     0.000 r  cam_pclk (IN)
                         net (fo=0)                   0.000     0.000    cam_pclk
    A16                  IBUF (Prop_ibuf_I_O)         1.457     1.457 r  cam_pclk_IBUF_inst/O
                         net (fo=1, routed)           2.273     3.730    led_OBUF[4]
    BUFGCTRL_X0Y16       BUFG (Prop_bufg_I_O)         0.096     3.826 r  led_OBUF_BUFG[4]_inst/O
                         net (fo=145, routed)         1.555     5.381    u_capture/led_OBUF[2]
    SLICE_X48Y58         FDRE                                         r  u_capture/base_wr_addr_reg[16]/C
  -------------------------------------------------------------------    -------------------
    SLICE_X48Y58         FDRE (Prop_fdre_C_Q)         0.456     5.837 f  u_capture/base_wr_addr_reg[16]/Q
                         net (fo=3, routed)           0.957     6.795    u_capture/base_wr_addr[16]
    SLICE_X52Y59         LUT3 (Prop_lut3_I2_O)        0.152     6.947 f  u_capture/mem_reg_0_0_i_37/O
                         net (fo=4, routed)           0.848     7.794    u_capture/u_framebuffer/bank_wr_addr[16]
    SLICE_X52Y58         LUT6 (Prop_lut6_I5_O)        0.348     8.142 r  u_capture/mem_reg_0_0_i_32__2/O
                         net (fo=9, routed)           2.583    10.725    u_framebuffer/u_bank2/mem_reg_1_2_2[0]
    SLICE_X8Y32          LUT3 (Prop_lut3_I0_O)        0.124    10.849 r  u_framebuffer/u_bank2/mem_reg_0_2_ENARDEN_cooolgate_en_gate_42/O
                         net (fo=1, routed)           0.689    11.538    u_framebuffer/u_bank2/mem_reg_0_2_ENARDEN_cooolgate_en_sig_22
    RAMB36_X0Y5          RAMB36E1                                     r  u_framebuffer/u_bank2/mem_reg_0_2/ENARDEN
  -------------------------------------------------------------------    -------------------

                         (clock cam_pclk_clk rise edge)
                                                     40.000    40.000 r  
    A16                                               0.000    40.000 r  cam_pclk (IN)
                         net (fo=0)                   0.000    40.000    cam_pclk
    A16                  IBUF (Prop_ibuf_I_O)         1.387    41.387 r  cam_pclk_IBUF_inst/O
                         net (fo=1, routed)           2.155    43.542    led_OBUF[4]
    BUFGCTRL_X0Y16       BUFG (Prop_bufg_I_O)         0.091    43.633 r  led_OBUF_BUFG[4]_inst/O
                         net (fo=145, routed)         1.484    45.117    u_framebuffer/u_bank2/led_OBUF[0]
    RAMB36_X0Y5          RAMB36E1                                     r  u_framebuffer/u_bank2/mem_reg_0_2/CLKARDCLK
                         clock pessimism              0.194    45.310    
                         clock uncertainty           -0.035    45.275    
    RAMB36_X0Y5          RAMB36E1 (Setup_ramb36e1_CLKARDCLK_ENARDEN)
                                                     -0.443    44.832    u_framebuffer/u_bank2/mem_reg_0_2
  -------------------------------------------------------------------
                         required time                         44.832    
                         arrival time                         -11.538    
  -------------------------------------------------------------------
                         slack                                 33.293    

Slack (MET) :             33.332ns  (required time - arrival time)
  Source:                 u_capture/full_wr_addr_reg[5]/C
                            (rising edge-triggered cell FDRE clocked by cam_pclk_clk  {rise@0.000ns fall@20.000ns period=40.000ns})
  Destination:            u_framebuffer/u_bank2/mem_reg_1_1/ADDRARDADDR[3]
                            (rising edge-triggered cell RAMB36E1 clocked by cam_pclk_clk  {rise@0.000ns fall@20.000ns period=40.000ns})
  Path Group:             cam_pclk_clk
  Path Type:              Setup (Max at Slow Process Corner)
  Requirement:            40.000ns  (cam_pclk_clk rise@40.000ns - cam_pclk_clk rise@0.000ns)
  Data Path Delay:        5.997ns  (logic 0.716ns (11.939%)  route 5.281ns (88.061%))
  Logic Levels:           1  (LUT3=1)
  Clock Path Skew:        -0.070ns (DCD - SCD + CPR)
    Destination Clock Delay (DCD):    5.111ns = ( 45.111 - 40.000 ) 
    Source Clock Delay      (SCD):    5.382ns
    Clock Pessimism Removal (CPR):    0.202ns
  Clock Uncertainty:      0.035ns  ((TSJ^2 + TIJ^2)^1/2 + DJ) / 2 + PE
    Total System Jitter     (TSJ):    0.071ns
    Total Input Jitter      (TIJ):    0.000ns
    Discrete Jitter          (DJ):    0.000ns
    Phase Error              (PE):    0.000ns

    Location             Delay type                Incr(ns)  Path(ns)    Netlist Resource(s)
  -------------------------------------------------------------------    -------------------
                         (clock cam_pclk_clk rise edge)
                                                      0.000     0.000 r  
    A16                                               0.000     0.000 r  cam_pclk (IN)
                         net (fo=0)                   0.000     0.000    cam_pclk
    A16                  IBUF (Prop_ibuf_I_O)         1.457     1.457 r  cam_pclk_IBUF_inst/O
                         net (fo=1, routed)           2.273     3.730    led_OBUF[4]
    BUFGCTRL_X0Y16       BUFG (Prop_bufg_I_O)         0.096     3.826 r  led_OBUF_BUFG[4]_inst/O
                         net (fo=145, routed)         1.556     5.382    u_capture/led_OBUF[2]
    SLICE_X51Y57         FDRE                                         r  u_capture/full_wr_addr_reg[5]/C
  -------------------------------------------------------------------    -------------------
    SLICE_X51Y57         FDRE (Prop_fdre_C_Q)         0.419     5.801 r  u_capture/full_wr_addr_reg[5]/Q
                         net (fo=4, routed)           0.977     6.778    u_capture/full_wr_addr[5]
    SLICE_X51Y55         LUT3 (Prop_lut3_I0_O)        0.297     7.075 r  u_capture/mem_reg_0_0_i_12__0/O
                         net (fo=9, routed)           4.304    11.379    u_framebuffer/u_bank2/ADDRARDADDR[3]
    RAMB36_X0Y11         RAMB36E1                                     r  u_framebuffer/u_bank2/mem_reg_1_1/ADDRARDADDR[3]
  -------------------------------------------------------------------    -------------------

                         (clock cam_pclk_clk rise edge)
                                                     40.000    40.000 r  
    A16                                               0.000    40.000 r  cam_pclk (IN)
                         net (fo=0)                   0.000    40.000    cam_pclk
    A16                  IBUF (Prop_ibuf_I_O)         1.387    41.387 r  cam_pclk_IBUF_inst/O
                         net (fo=1, routed)           2.155    43.542    led_OBUF[4]
    BUFGCTRL_X0Y16       BUFG (Prop_bufg_I_O)         0.091    43.633 r  led_OBUF_BUFG[4]_inst/O
                         net (fo=145, routed)         1.478    45.111    u_framebuffer/u_bank2/led_OBUF[0]
    RAMB36_X0Y11         RAMB36E1                                     r  u_framebuffer/u_bank2/mem_reg_1_1/CLKARDCLK
                         clock pessimism              0.202    45.312    
                         clock uncertainty           -0.035    45.277    
    RAMB36_X0Y11         RAMB36E1 (Setup_ramb36e1_CLKARDCLK_ADDRARDADDR[3])
                                                     -0.566    44.711    u_framebuffer/u_bank2/mem_reg_1_1
  -------------------------------------------------------------------
                         required time                         44.711    
                         arrival time                         -11.379    
  -------------------------------------------------------------------
                         slack                                 33.332    

Slack (MET) :             33.393ns  (required time - arrival time)
  Source:                 u_capture/full_wr_addr_reg[10]/C
                            (rising edge-triggered cell FDRE clocked by cam_pclk_clk  {rise@0.000ns fall@20.000ns period=40.000ns})
  Destination:            u_framebuffer/u_bank2/mem_reg_1_1/ADDRARDADDR[8]
                            (rising edge-triggered cell RAMB36E1 clocked by cam_pclk_clk  {rise@0.000ns fall@20.000ns period=40.000ns})
  Path Group:             cam_pclk_clk
  Path Type:              Setup (Max at Slow Process Corner)
  Requirement:            40.000ns  (cam_pclk_clk rise@40.000ns - cam_pclk_clk rise@0.000ns)
  Data Path Delay:        5.936ns  (logic 0.642ns (10.816%)  route 5.294ns (89.184%))
  Logic Levels:           1  (LUT3=1)
  Clock Path Skew:        -0.070ns (DCD - SCD + CPR)
    Destination Clock Delay (DCD):    5.111ns = ( 45.111 - 40.000 ) 
    Source Clock Delay      (SCD):    5.382ns
    Clock Pessimism Removal (CPR):    0.202ns
  Clock Uncertainty:      0.035ns  ((TSJ^2 + TIJ^2)^1/2 + DJ) / 2 + PE
    Total System Jitter     (TSJ):    0.071ns
    Total Input Jitter      (TIJ):    0.000ns
    Discrete Jitter          (DJ):    0.000ns
    Phase Error              (PE):    0.000ns

    Location             Delay type                Incr(ns)  Path(ns)    Netlist Resource(s)
  -------------------------------------------------------------------    -------------------
                         (clock cam_pclk_clk rise edge)
                                                      0.000     0.000 r  
    A16                                               0.000     0.000 r  cam_pclk (IN)
                         net (fo=0)                   0.000     0.000    cam_pclk
    A16                  IBUF (Prop_ibuf_I_O)         1.457     1.457 r  cam_pclk_IBUF_inst/O
                         net (fo=1, routed)           2.273     3.730    led_OBUF[4]
    BUFGCTRL_X0Y16       BUFG (Prop_bufg_I_O)         0.096     3.826 r  led_OBUF_BUFG[4]_inst/O
                         net (fo=145, routed)         1.556     5.382    u_capture/led_OBUF[2]
    SLICE_X50Y58         FDRE                                         r  u_capture/full_wr_addr_reg[10]/C
  -------------------------------------------------------------------    -------------------
    SLICE_X50Y58         FDRE (Prop_fdre_C_Q)         0.518     5.900 r  u_capture/full_wr_addr_reg[10]/Q
                         net (fo=4, routed)           0.979     6.879    u_capture/full_wr_addr[10]
    SLICE_X49Y54         LUT3 (Prop_lut3_I0_O)        0.124     7.003 r  u_capture/mem_reg_0_0_i_7__0/O
                         net (fo=9, routed)           4.315    11.318    u_framebuffer/u_bank2/ADDRARDADDR[8]
    RAMB36_X0Y11         RAMB36E1                                     r  u_framebuffer/u_bank2/mem_reg_1_1/ADDRARDADDR[8]
  -------------------------------------------------------------------    -------------------

                         (clock cam_pclk_clk rise edge)
                                                     40.000    40.000 r  
    A16                                               0.000    40.000 r  cam_pclk (IN)
                         net (fo=0)                   0.000    40.000    cam_pclk
    A16                  IBUF (Prop_ibuf_I_O)         1.387    41.387 r  cam_pclk_IBUF_inst/O
                         net (fo=1, routed)           2.155    43.542    led_OBUF[4]
    BUFGCTRL_X0Y16       BUFG (Prop_bufg_I_O)         0.091    43.633 r  led_OBUF_BUFG[4]_inst/O
                         net (fo=145, routed)         1.478    45.111    u_framebuffer/u_bank2/led_OBUF[0]
    RAMB36_X0Y11         RAMB36E1                                     r  u_framebuffer/u_bank2/mem_reg_1_1/CLKARDCLK
                         clock pessimism              0.202    45.312    
                         clock uncertainty           -0.035    45.277    
    RAMB36_X0Y11         RAMB36E1 (Setup_ramb36e1_CLKARDCLK_ADDRARDADDR[8])
                                                     -0.566    44.711    u_framebuffer/u_bank2/mem_reg_1_1
  -------------------------------------------------------------------
                         required time                         44.711    
                         arrival time                         -11.318    
  -------------------------------------------------------------------
                         slack                                 33.393    





Min Delay Paths
--------------------------------------------------------------------------------------
Slack (MET) :             0.210ns  (arrival time - required time)
  Source:                 u_capture/pixel_hi_reg[1]/C
                            (rising edge-triggered cell FDRE clocked by cam_pclk_clk  {rise@0.000ns fall@20.000ns period=40.000ns})
  Destination:            u_capture/base_wr_data_reg[6]/D
                            (rising edge-triggered cell FDRE clocked by cam_pclk_clk  {rise@0.000ns fall@20.000ns period=40.000ns})
  Path Group:             cam_pclk_clk
  Path Type:              Hold (Min at Fast Process Corner)
  Requirement:            0.000ns  (cam_pclk_clk rise@0.000ns - cam_pclk_clk rise@0.000ns)
  Data Path Delay:        0.297ns  (logic 0.141ns (47.429%)  route 0.156ns (52.571%))
  Logic Levels:           0  
  Clock Path Skew:        0.017ns (DCD - SCD - CPR)
    Destination Clock Delay (DCD):    2.135ns
    Source Clock Delay      (SCD):    1.610ns
    Clock Pessimism Removal (CPR):    0.508ns

    Location             Delay type                Incr(ns)  Path(ns)    Netlist Resource(s)
  -------------------------------------------------------------------    -------------------
                         (clock cam_pclk_clk rise edge)
                                                      0.000     0.000 r  
    A16                                               0.000     0.000 r  cam_pclk (IN)
                         net (fo=0)                   0.000     0.000    cam_pclk
    A16                  IBUF (Prop_ibuf_I_O)         0.225     0.225 r  cam_pclk_IBUF_inst/O
                         net (fo=1, routed)           0.802     1.027    led_OBUF[4]
    BUFGCTRL_X0Y16       BUFG (Prop_bufg_I_O)         0.026     1.053 r  led_OBUF_BUFG[4]_inst/O
                         net (fo=145, routed)         0.558     1.610    u_capture/led_OBUF[2]
    SLICE_X40Y57         FDRE                                         r  u_capture/pixel_hi_reg[1]/C
  -------------------------------------------------------------------    -------------------
    SLICE_X40Y57         FDRE (Prop_fdre_C_Q)         0.141     1.751 r  u_capture/pixel_hi_reg[1]/Q
                         net (fo=11, routed)          0.156     1.908    u_capture/base_g4[2]
    SLICE_X41Y55         FDRE                                         r  u_capture/base_wr_data_reg[6]/D
  -------------------------------------------------------------------    -------------------

                         (clock cam_pclk_clk rise edge)
                                                      0.000     0.000 r  
    A16                                               0.000     0.000 r  cam_pclk (IN)
                         net (fo=0)                   0.000     0.000    cam_pclk
    A16                  IBUF (Prop_ibuf_I_O)         0.413     0.413 r  cam_pclk_IBUF_inst/O
                         net (fo=1, routed)           0.865     1.277    led_OBUF[4]
    BUFGCTRL_X0Y16       BUFG (Prop_bufg_I_O)         0.029     1.306 r  led_OBUF_BUFG[4]_inst/O
                         net (fo=145, routed)         0.829     2.135    u_capture/led_OBUF[2]
    SLICE_X41Y55         FDRE                                         r  u_capture/base_wr_data_reg[6]/C
                         clock pessimism             -0.508     1.627    
    SLICE_X41Y55         FDRE (Hold_fdre_C_D)         0.070     1.697    u_capture/base_wr_data_reg[6]
  -------------------------------------------------------------------
                         required time                         -1.697    
                         arrival time                           1.908    
  -------------------------------------------------------------------
                         slack                                  0.210    

Slack (MET) :             0.219ns  (arrival time - required time)
  Source:                 u_capture/full_row_addr_reg[7]/C
                            (rising edge-triggered cell FDRE clocked by cam_pclk_clk  {rise@0.000ns fall@20.000ns period=40.000ns})
  Destination:            u_capture/full_wr_addr_reg[7]/D
                            (rising edge-triggered cell FDRE clocked by cam_pclk_clk  {rise@0.000ns fall@20.000ns period=40.000ns})
  Path Group:             cam_pclk_clk
  Path Type:              Hold (Min at Fast Process Corner)
  Requirement:            0.000ns  (cam_pclk_clk rise@0.000ns - cam_pclk_clk rise@0.000ns)
  Data Path Delay:        0.366ns  (logic 0.256ns (69.880%)  route 0.110ns (30.120%))
  Logic Levels:           2  (CARRY4=1 LUT2=1)
  Clock Path Skew:        0.013ns (DCD - SCD - CPR)
    Destination Clock Delay (DCD):    2.138ns
    Source Clock Delay      (SCD):    1.613ns
    Clock Pessimism Removal (CPR):    0.512ns

    Location             Delay type                Incr(ns)  Path(ns)    Netlist Resource(s)
  -------------------------------------------------------------------    -------------------
                         (clock cam_pclk_clk rise edge)
                                                      0.000     0.000 r  
    A16                                               0.000     0.000 r  cam_pclk (IN)
                         net (fo=0)                   0.000     0.000    cam_pclk
    A16                  IBUF (Prop_ibuf_I_O)         0.225     0.225 r  cam_pclk_IBUF_inst/O
                         net (fo=1, routed)           0.802     1.027    led_OBUF[4]
    BUFGCTRL_X0Y16       BUFG (Prop_bufg_I_O)         0.026     1.053 r  led_OBUF_BUFG[4]_inst/O
                         net (fo=145, routed)         0.561     1.613    u_capture/led_OBUF[2]
    SLICE_X51Y58         FDRE                                         r  u_capture/full_row_addr_reg[7]/C
  -------------------------------------------------------------------    -------------------
    SLICE_X51Y58         FDRE (Prop_fdre_C_Q)         0.141     1.754 r  u_capture/full_row_addr_reg[7]/Q
                         net (fo=3, routed)           0.110     1.865    u_capture/full_row_addr_reg[7]
    SLICE_X50Y58         LUT2 (Prop_lut2_I0_O)        0.045     1.910 r  u_capture/full_wr_addr[10]_i_4/O
                         net (fo=1, routed)           0.000     1.910    u_capture/full_wr_addr[10]_i_4_n_0
    SLICE_X50Y58         CARRY4 (Prop_carry4_S[0]_O[0])
                                                      0.070     1.980 r  u_capture/full_wr_addr_reg[10]_i_1/O[0]
                         net (fo=1, routed)           0.000     1.980    u_capture/full_wr_addr_reg[10]_i_1_n_7
    SLICE_X50Y58         FDRE                                         r  u_capture/full_wr_addr_reg[7]/D
  -------------------------------------------------------------------    -------------------

                         (clock cam_pclk_clk rise edge)
                                                      0.000     0.000 r  
    A16                                               0.000     0.000 r  cam_pclk (IN)
                         net (fo=0)                   0.000     0.000    cam_pclk
    A16                  IBUF (Prop_ibuf_I_O)         0.413     0.413 r  cam_pclk_IBUF_inst/O
                         net (fo=1, routed)           0.865     1.277    led_OBUF[4]
    BUFGCTRL_X0Y16       BUFG (Prop_bufg_I_O)         0.029     1.306 r  led_OBUF_BUFG[4]_inst/O
                         net (fo=145, routed)         0.831     2.138    u_capture/led_OBUF[2]
    SLICE_X50Y58         FDRE                                         r  u_capture/full_wr_addr_reg[7]/C
                         clock pessimism             -0.512     1.626    
    SLICE_X50Y58         FDRE (Hold_fdre_C_D)         0.134     1.760    u_capture/full_wr_addr_reg[7]
  -------------------------------------------------------------------
                         required time                         -1.760    
                         arrival time                           1.980    
  -------------------------------------------------------------------
                         slack                                  0.219    

Slack (MET) :             0.224ns  (arrival time - required time)
  Source:                 u_capture/href_d_reg/C
                            (rising edge-triggered cell FDRE clocked by cam_pclk_clk  {rise@0.000ns fall@20.000ns period=40.000ns})
  Destination:            u_capture/byte_phase_reg/D
                            (rising edge-triggered cell FDRE clocked by cam_pclk_clk  {rise@0.000ns fall@20.000ns period=40.000ns})
  Path Group:             cam_pclk_clk
  Path Type:              Hold (Min at Fast Process Corner)
  Requirement:            0.000ns  (cam_pclk_clk rise@0.000ns - cam_pclk_clk rise@0.000ns)
  Data Path Delay:        0.360ns  (logic 0.209ns (58.048%)  route 0.151ns (41.952%))
  Logic Levels:           1  (LUT5=1)
  Clock Path Skew:        0.016ns (DCD - SCD - CPR)
    Destination Clock Delay (DCD):    2.136ns
    Source Clock Delay      (SCD):    1.612ns
    Clock Pessimism Removal (CPR):    0.508ns

    Location             Delay type                Incr(ns)  Path(ns)    Netlist Resource(s)
  -------------------------------------------------------------------    -------------------
                         (clock cam_pclk_clk rise edge)
                                                      0.000     0.000 r  
    A16                                               0.000     0.000 r  cam_pclk (IN)
                         net (fo=0)                   0.000     0.000    cam_pclk
    A16                  IBUF (Prop_ibuf_I_O)         0.225     0.225 r  cam_pclk_IBUF_inst/O
                         net (fo=1, routed)           0.802     1.027    led_OBUF[4]
    BUFGCTRL_X0Y16       BUFG (Prop_bufg_I_O)         0.026     1.053 r  led_OBUF_BUFG[4]_inst/O
                         net (fo=145, routed)         0.560     1.612    u_capture/led_OBUF[2]
    SLICE_X46Y56         FDRE                                         r  u_capture/href_d_reg/C
  -------------------------------------------------------------------    -------------------
    SLICE_X46Y56         FDRE (Prop_fdre_C_Q)         0.164     1.776 f  u_capture/href_d_reg/Q
                         net (fo=4, routed)           0.151     1.927    u_capture/href_d
    SLICE_X46Y55         LUT5 (Prop_lut5_I3_O)        0.045     1.972 r  u_capture/byte_phase_i_1/O
                         net (fo=1, routed)           0.000     1.972    u_capture/byte_phase_i_1_n_0
    SLICE_X46Y55         FDRE                                         r  u_capture/byte_phase_reg/D
  -------------------------------------------------------------------    -------------------

                         (clock cam_pclk_clk rise edge)
                                                      0.000     0.000 r  
    A16                                               0.000     0.000 r  cam_pclk (IN)
                         net (fo=0)                   0.000     0.000    cam_pclk
    A16                  IBUF (Prop_ibuf_I_O)         0.413     0.413 r  cam_pclk_IBUF_inst/O
                         net (fo=1, routed)           0.865     1.277    led_OBUF[4]
    BUFGCTRL_X0Y16       BUFG (Prop_bufg_I_O)         0.029     1.306 r  led_OBUF_BUFG[4]_inst/O
                         net (fo=145, routed)         0.830     2.136    u_capture/led_OBUF[2]
    SLICE_X46Y55         FDRE                                         r  u_capture/byte_phase_reg/C
                         clock pessimism             -0.508     1.628    
    SLICE_X46Y55         FDRE (Hold_fdre_C_D)         0.120     1.748    u_capture/byte_phase_reg
  -------------------------------------------------------------------
                         required time                         -1.748    
                         arrival time                           1.972    
  -------------------------------------------------------------------
                         slack                                  0.224    

Slack (MET) :             0.225ns  (arrival time - required time)
  Source:                 u_capture/x_count_reg[0]/C
                            (rising edge-triggered cell FDRE clocked by cam_pclk_clk  {rise@0.000ns fall@20.000ns period=40.000ns})
  Destination:            u_capture/full_wr_addr_reg[0]/D
                            (rising edge-triggered cell FDRE clocked by cam_pclk_clk  {rise@0.000ns fall@20.000ns period=40.000ns})
  Path Group:             cam_pclk_clk
  Path Type:              Hold (Min at Fast Process Corner)
  Requirement:            0.000ns  (cam_pclk_clk rise@0.000ns - cam_pclk_clk rise@0.000ns)
  Data Path Delay:        0.311ns  (logic 0.164ns (52.810%)  route 0.147ns (47.190%))
  Logic Levels:           0  
  Clock Path Skew:        0.016ns (DCD - SCD - CPR)
    Destination Clock Delay (DCD):    2.138ns
    Source Clock Delay      (SCD):    1.613ns
    Clock Pessimism Removal (CPR):    0.509ns

    Location             Delay type                Incr(ns)  Path(ns)    Netlist Resource(s)
  -------------------------------------------------------------------    -------------------
                         (clock cam_pclk_clk rise edge)
                                                      0.000     0.000 r  
    A16                                               0.000     0.000 r  cam_pclk (IN)
                         net (fo=0)                   0.000     0.000    cam_pclk
    A16                  IBUF (Prop_ibuf_I_O)         0.225     0.225 r  cam_pclk_IBUF_inst/O
                         net (fo=1, routed)           0.802     1.027    led_OBUF[4]
    BUFGCTRL_X0Y16       BUFG (Prop_bufg_I_O)         0.026     1.053 r  led_OBUF_BUFG[4]_inst/O
                         net (fo=145, routed)         0.561     1.613    u_capture/led_OBUF[2]
    SLICE_X52Y57         FDRE                                         r  u_capture/x_count_reg[0]/C
  -------------------------------------------------------------------    -------------------
    SLICE_X52Y57         FDRE (Prop_fdre_C_Q)         0.164     1.777 r  u_capture/x_count_reg[0]/Q
                         net (fo=10, routed)          0.147     1.924    u_capture/x_count_reg[0]
    SLICE_X51Y57         FDRE                                         r  u_capture/full_wr_addr_reg[0]/D
  -------------------------------------------------------------------    -------------------

                         (clock cam_pclk_clk rise edge)
                                                      0.000     0.000 r  
    A16                                               0.000     0.000 r  cam_pclk (IN)
                         net (fo=0)                   0.000     0.000    cam_pclk
    A16                  IBUF (Prop_ibuf_I_O)         0.413     0.413 r  cam_pclk_IBUF_inst/O
                         net (fo=1, routed)           0.865     1.277    led_OBUF[4]
    BUFGCTRL_X0Y16       BUFG (Prop_bufg_I_O)         0.029     1.306 r  led_OBUF_BUFG[4]_inst/O
                         net (fo=145, routed)         0.831     2.138    u_capture/led_OBUF[2]
    SLICE_X51Y57         FDRE                                         r  u_capture/full_wr_addr_reg[0]/C
                         clock pessimism             -0.509     1.629    
    SLICE_X51Y57         FDRE (Hold_fdre_C_D)         0.070     1.699    u_capture/full_wr_addr_reg[0]
  -------------------------------------------------------------------
                         required time                         -1.699    
                         arrival time                           1.924    
  -------------------------------------------------------------------
                         slack                                  0.225    

Slack (MET) :             0.228ns  (arrival time - required time)
  Source:                 u_capture/full_row_addr_reg[14]/C
                            (rising edge-triggered cell FDRE clocked by cam_pclk_clk  {rise@0.000ns fall@20.000ns period=40.000ns})
  Destination:            u_capture/full_wr_addr_reg[14]/D
                            (rising edge-triggered cell FDRE clocked by cam_pclk_clk  {rise@0.000ns fall@20.000ns period=40.000ns})
  Path Group:             cam_pclk_clk
  Path Type:              Hold (Min at Fast Process Corner)
  Requirement:            0.000ns  (cam_pclk_clk rise@0.000ns - cam_pclk_clk rise@0.000ns)
  Data Path Delay:        0.375ns  (logic 0.250ns (66.753%)  route 0.125ns (33.247%))
  Logic Levels:           1  (CARRY4=1)
  Clock Path Skew:        0.013ns (DCD - SCD - CPR)
    Destination Clock Delay (DCD):    2.138ns
    Source Clock Delay      (SCD):    1.613ns
    Clock Pessimism Removal (CPR):    0.512ns

    Location             Delay type                Incr(ns)  Path(ns)    Netlist Resource(s)
  -------------------------------------------------------------------    -------------------
                         (clock cam_pclk_clk rise edge)
                                                      0.000     0.000 r  
    A16                                               0.000     0.000 r  cam_pclk (IN)
                         net (fo=0)                   0.000     0.000    cam_pclk
    A16                  IBUF (Prop_ibuf_I_O)         0.225     0.225 r  cam_pclk_IBUF_inst/O
                         net (fo=1, routed)           0.802     1.027    led_OBUF[4]
    BUFGCTRL_X0Y16       BUFG (Prop_bufg_I_O)         0.026     1.053 r  led_OBUF_BUFG[4]_inst/O
                         net (fo=145, routed)         0.561     1.613    u_capture/led_OBUF[2]
    SLICE_X51Y59         FDRE                                         r  u_capture/full_row_addr_reg[14]/C
  -------------------------------------------------------------------    -------------------
    SLICE_X51Y59         FDRE (Prop_fdre_C_Q)         0.141     1.754 r  u_capture/full_row_addr_reg[14]/Q
                         net (fo=2, routed)           0.125     1.879    u_capture/full_row_addr_reg[14]
    SLICE_X50Y59         CARRY4 (Prop_carry4_S[3]_O[3])
                                                      0.109     1.988 r  u_capture/full_wr_addr_reg[14]_i_1/O[3]
                         net (fo=1, routed)           0.000     1.988    u_capture/full_wr_addr_reg[14]_i_1_n_4
    SLICE_X50Y59         FDRE                                         r  u_capture/full_wr_addr_reg[14]/D
  -------------------------------------------------------------------    -------------------

                         (clock cam_pclk_clk rise edge)
                                                      0.000     0.000 r  
    A16                                               0.000     0.000 r  cam_pclk (IN)
                         net (fo=0)                   0.000     0.000    cam_pclk
    A16                  IBUF (Prop_ibuf_I_O)         0.413     0.413 r  cam_pclk_IBUF_inst/O
                         net (fo=1, routed)           0.865     1.277    led_OBUF[4]
    BUFGCTRL_X0Y16       BUFG (Prop_bufg_I_O)         0.029     1.306 r  led_OBUF_BUFG[4]_inst/O
                         net (fo=145, routed)         0.831     2.138    u_capture/led_OBUF[2]
    SLICE_X50Y59         FDRE                                         r  u_capture/full_wr_addr_reg[14]/C
                         clock pessimism             -0.512     1.626    
    SLICE_X50Y59         FDRE (Hold_fdre_C_D)         0.134     1.760    u_capture/full_wr_addr_reg[14]
  -------------------------------------------------------------------
                         required time                         -1.760    
                         arrival time                           1.988    
  -------------------------------------------------------------------
                         slack                                  0.228    

Slack (MET) :             0.228ns  (arrival time - required time)
  Source:                 u_capture/full_row_addr_reg[18]/C
                            (rising edge-triggered cell FDRE clocked by cam_pclk_clk  {rise@0.000ns fall@20.000ns period=40.000ns})
  Destination:            u_capture/full_wr_addr_reg[18]/D
                            (rising edge-triggered cell FDRE clocked by cam_pclk_clk  {rise@0.000ns fall@20.000ns period=40.000ns})
  Path Group:             cam_pclk_clk
  Path Type:              Hold (Min at Fast Process Corner)
  Requirement:            0.000ns  (cam_pclk_clk rise@0.000ns - cam_pclk_clk rise@0.000ns)
  Data Path Delay:        0.375ns  (logic 0.250ns (66.753%)  route 0.125ns (33.247%))
  Logic Levels:           1  (CARRY4=1)
  Clock Path Skew:        0.013ns (DCD - SCD - CPR)
    Destination Clock Delay (DCD):    2.137ns
    Source Clock Delay      (SCD):    1.612ns
    Clock Pessimism Removal (CPR):    0.512ns

    Location             Delay type                Incr(ns)  Path(ns)    Netlist Resource(s)
  -------------------------------------------------------------------    -------------------
                         (clock cam_pclk_clk rise edge)
                                                      0.000     0.000 r  
    A16                                               0.000     0.000 r  cam_pclk (IN)
                         net (fo=0)                   0.000     0.000    cam_pclk
    A16                  IBUF (Prop_ibuf_I_O)         0.225     0.225 r  cam_pclk_IBUF_inst/O
                         net (fo=1, routed)           0.802     1.027    led_OBUF[4]
    BUFGCTRL_X0Y16       BUFG (Prop_bufg_I_O)         0.026     1.053 r  led_OBUF_BUFG[4]_inst/O
                         net (fo=145, routed)         0.560     1.612    u_capture/led_OBUF[2]
    SLICE_X51Y60         FDRE                                         r  u_capture/full_row_addr_reg[18]/C
  -------------------------------------------------------------------    -------------------
    SLICE_X51Y60         FDRE (Prop_fdre_C_Q)         0.141     1.753 r  u_capture/full_row_addr_reg[18]/Q
                         net (fo=2, routed)           0.125     1.878    u_capture/full_row_addr_reg[18]
    SLICE_X50Y60         CARRY4 (Prop_carry4_S[3]_O[3])
                                                      0.109     1.987 r  u_capture/full_wr_addr_reg[18]_i_2/O[3]
                         net (fo=1, routed)           0.000     1.987    u_capture/full_wr_addr_reg[18]_i_2_n_4
    SLICE_X50Y60         FDRE                                         r  u_capture/full_wr_addr_reg[18]/D
  -------------------------------------------------------------------    -------------------

                         (clock cam_pclk_clk rise edge)
                                                      0.000     0.000 r  
    A16                                               0.000     0.000 r  cam_pclk (IN)
                         net (fo=0)                   0.000     0.000    cam_pclk
    A16                  IBUF (Prop_ibuf_I_O)         0.413     0.413 r  cam_pclk_IBUF_inst/O
                         net (fo=1, routed)           0.865     1.277    led_OBUF[4]
    BUFGCTRL_X0Y16       BUFG (Prop_bufg_I_O)         0.029     1.306 r  led_OBUF_BUFG[4]_inst/O
                         net (fo=145, routed)         0.831     2.137    u_capture/led_OBUF[2]
    SLICE_X50Y60         FDRE                                         r  u_capture/full_wr_addr_reg[18]/C
                         clock pessimism             -0.512     1.625    
    SLICE_X50Y60         FDRE (Hold_fdre_C_D)         0.134     1.759    u_capture/full_wr_addr_reg[18]
  -------------------------------------------------------------------
                         required time                         -1.759    
                         arrival time                           1.987    
  -------------------------------------------------------------------
                         slack                                  0.228    

Slack (MET) :             0.242ns  (arrival time - required time)
  Source:                 u_capture/y_count_reg[4]/C
                            (rising edge-triggered cell FDRE clocked by cam_pclk_clk  {rise@0.000ns fall@20.000ns period=40.000ns})
  Destination:            u_capture/y_count_reg[5]/D
                            (rising edge-triggered cell FDRE clocked by cam_pclk_clk  {rise@0.000ns fall@20.000ns period=40.000ns})
  Path Group:             cam_pclk_clk
  Path Type:              Hold (Min at Fast Process Corner)
  Requirement:            0.000ns  (cam_pclk_clk rise@0.000ns - cam_pclk_clk rise@0.000ns)
  Data Path Delay:        0.363ns  (logic 0.209ns (57.526%)  route 0.154ns (42.474%))
  Logic Levels:           1  (LUT6=1)
  Clock Path Skew:        0.000ns (DCD - SCD - CPR)
    Destination Clock Delay (DCD):    2.139ns
    Source Clock Delay      (SCD):    1.614ns
    Clock Pessimism Removal (CPR):    0.525ns

    Location             Delay type                Incr(ns)  Path(ns)    Netlist Resource(s)
  -------------------------------------------------------------------    -------------------
                         (clock cam_pclk_clk rise edge)
                                                      0.000     0.000 r  
    A16                                               0.000     0.000 r  cam_pclk (IN)
                         net (fo=0)                   0.000     0.000    cam_pclk
    A16                  IBUF (Prop_ibuf_I_O)         0.225     0.225 r  cam_pclk_IBUF_inst/O
                         net (fo=1, routed)           0.802     1.027    led_OBUF[4]
    BUFGCTRL_X0Y16       BUFG (Prop_bufg_I_O)         0.026     1.053 r  led_OBUF_BUFG[4]_inst/O
                         net (fo=145, routed)         0.562     1.614    u_capture/led_OBUF[2]
    SLICE_X50Y54         FDRE                                         r  u_capture/y_count_reg[4]/C
  -------------------------------------------------------------------    -------------------
    SLICE_X50Y54         FDRE (Prop_fdre_C_Q)         0.164     1.778 r  u_capture/y_count_reg[4]/Q
                         net (fo=4, routed)           0.154     1.933    u_capture/y_count_reg[4]
    SLICE_X50Y54         LUT6 (Prop_lut6_I3_O)        0.045     1.978 r  u_capture/y_count[5]_i_1/O
                         net (fo=1, routed)           0.000     1.978    u_capture/p_0_in__0[5]
    SLICE_X50Y54         FDRE                                         r  u_capture/y_count_reg[5]/D
  -------------------------------------------------------------------    -------------------

                         (clock cam_pclk_clk rise edge)
                                                      0.000     0.000 r  
    A16                                               0.000     0.000 r  cam_pclk (IN)
                         net (fo=0)                   0.000     0.000    cam_pclk
    A16                  IBUF (Prop_ibuf_I_O)         0.413     0.413 r  cam_pclk_IBUF_inst/O
                         net (fo=1, routed)           0.865     1.277    led_OBUF[4]
    BUFGCTRL_X0Y16       BUFG (Prop_bufg_I_O)         0.029     1.306 r  led_OBUF_BUFG[4]_inst/O
                         net (fo=145, routed)         0.832     2.139    u_capture/led_OBUF[2]
    SLICE_X50Y54         FDRE                                         r  u_capture/y_count_reg[5]/C
                         clock pessimism             -0.525     1.614    
    SLICE_X50Y54         FDRE (Hold_fdre_C_D)         0.121     1.735    u_capture/y_count_reg[5]
  -------------------------------------------------------------------
                         required time                         -1.735    
                         arrival time                           1.978    
  -------------------------------------------------------------------
                         slack                                  0.242    

Slack (MET) :             0.245ns  (arrival time - required time)
  Source:                 u_capture/x_count_reg[8]/C
                            (rising edge-triggered cell FDRE clocked by cam_pclk_clk  {rise@0.000ns fall@20.000ns period=40.000ns})
  Destination:            u_capture/x_count_reg[9]/D
                            (rising edge-triggered cell FDRE clocked by cam_pclk_clk  {rise@0.000ns fall@20.000ns period=40.000ns})
  Path Group:             cam_pclk_clk
  Path Type:              Hold (Min at Fast Process Corner)
  Requirement:            0.000ns  (cam_pclk_clk rise@0.000ns - cam_pclk_clk rise@0.000ns)
  Data Path Delay:        0.376ns  (logic 0.212ns (56.456%)  route 0.164ns (43.544%))
  Logic Levels:           1  (LUT5=1)
  Clock Path Skew:        0.000ns (DCD - SCD - CPR)
    Destination Clock Delay (DCD):    2.139ns
    Source Clock Delay      (SCD):    1.614ns
    Clock Pessimism Removal (CPR):    0.525ns

    Location             Delay type                Incr(ns)  Path(ns)    Netlist Resource(s)
  -------------------------------------------------------------------    -------------------
                         (clock cam_pclk_clk rise edge)
                                                      0.000     0.000 r  
    A16                                               0.000     0.000 r  cam_pclk (IN)
                         net (fo=0)                   0.000     0.000    cam_pclk
    A16                  IBUF (Prop_ibuf_I_O)         0.225     0.225 r  cam_pclk_IBUF_inst/O
                         net (fo=1, routed)           0.802     1.027    led_OBUF[4]
    BUFGCTRL_X0Y16       BUFG (Prop_bufg_I_O)         0.026     1.053 r  led_OBUF_BUFG[4]_inst/O
                         net (fo=145, routed)         0.562     1.614    u_capture/led_OBUF[2]
    SLICE_X50Y55         FDRE                                         r  u_capture/x_count_reg[8]/C
  -------------------------------------------------------------------    -------------------
    SLICE_X50Y55         FDRE (Prop_fdre_C_Q)         0.164     1.778 r  u_capture/x_count_reg[8]/Q
                         net (fo=5, routed)           0.164     1.942    u_capture/x_count_reg__0[8]
    SLICE_X50Y55         LUT5 (Prop_lut5_I4_O)        0.048     1.990 r  u_capture/x_count[9]_i_3/O
                         net (fo=1, routed)           0.000     1.990    u_capture/p_0_in[9]
    SLICE_X50Y55         FDRE                                         r  u_capture/x_count_reg[9]/D
  -------------------------------------------------------------------    -------------------

                         (clock cam_pclk_clk rise edge)
                                                      0.000     0.000 r  
    A16                                               0.000     0.000 r  cam_pclk (IN)
                         net (fo=0)                   0.000     0.000    cam_pclk
    A16                  IBUF (Prop_ibuf_I_O)         0.413     0.413 r  cam_pclk_IBUF_inst/O
                         net (fo=1, routed)           0.865     1.277    led_OBUF[4]
    BUFGCTRL_X0Y16       BUFG (Prop_bufg_I_O)         0.029     1.306 r  led_OBUF_BUFG[4]_inst/O
                         net (fo=145, routed)         0.832     2.139    u_capture/led_OBUF[2]
    SLICE_X50Y55         FDRE                                         r  u_capture/x_count_reg[9]/C
                         clock pessimism             -0.525     1.614    
    SLICE_X50Y55         FDRE (Hold_fdre_C_D)         0.131     1.745    u_capture/x_count_reg[9]
  -------------------------------------------------------------------
                         required time                         -1.745    
                         arrival time                           1.990    
  -------------------------------------------------------------------
                         slack                                  0.245    

Slack (MET) :             0.245ns  (arrival time - required time)
  Source:                 u_capture/x_count_reg[4]/C
                            (rising edge-triggered cell FDRE clocked by cam_pclk_clk  {rise@0.000ns fall@20.000ns period=40.000ns})
  Destination:            u_capture/x_count_reg[5]/D
                            (rising edge-triggered cell FDRE clocked by cam_pclk_clk  {rise@0.000ns fall@20.000ns period=40.000ns})
  Path Group:             cam_pclk_clk
  Path Type:              Hold (Min at Fast Process Corner)
  Requirement:            0.000ns  (cam_pclk_clk rise@0.000ns - cam_pclk_clk rise@0.000ns)
  Data Path Delay:        0.366ns  (logic 0.246ns (67.276%)  route 0.120ns (32.724%))
  Logic Levels:           1  (LUT6=1)
  Clock Path Skew:        0.000ns (DCD - SCD - CPR)
    Destination Clock Delay (DCD):    2.139ns
    Source Clock Delay      (SCD):    1.614ns
    Clock Pessimism Removal (CPR):    0.525ns

    Location             Delay type                Incr(ns)  Path(ns)    Netlist Resource(s)
  -------------------------------------------------------------------    -------------------
                         (clock cam_pclk_clk rise edge)
                                                      0.000     0.000 r  
    A16                                               0.000     0.000 r  cam_pclk (IN)
                         net (fo=0)                   0.000     0.000    cam_pclk
    A16                  IBUF (Prop_ibuf_I_O)         0.225     0.225 r  cam_pclk_IBUF_inst/O
                         net (fo=1, routed)           0.802     1.027    led_OBUF[4]
    BUFGCTRL_X0Y16       BUFG (Prop_bufg_I_O)         0.026     1.053 r  led_OBUF_BUFG[4]_inst/O
                         net (fo=145, routed)         0.562     1.614    u_capture/led_OBUF[2]
    SLICE_X52Y56         FDRE                                         r  u_capture/x_count_reg[4]/C
  -------------------------------------------------------------------    -------------------
    SLICE_X52Y56         FDRE (Prop_fdre_C_Q)         0.148     1.762 r  u_capture/x_count_reg[4]/Q
                         net (fo=5, routed)           0.120     1.882    u_capture/x_count_reg[4]
    SLICE_X52Y56         LUT6 (Prop_lut6_I5_O)        0.098     1.980 r  u_capture/x_count[5]_i_1/O
                         net (fo=1, routed)           0.000     1.980    u_capture/p_0_in[5]
    SLICE_X52Y56         FDRE                                         r  u_capture/x_count_reg[5]/D
  -------------------------------------------------------------------    -------------------

                         (clock cam_pclk_clk rise edge)
                                                      0.000     0.000 r  
    A16                                               0.000     0.000 r  cam_pclk (IN)
                         net (fo=0)                   0.000     0.000    cam_pclk
    A16                  IBUF (Prop_ibuf_I_O)         0.413     0.413 r  cam_pclk_IBUF_inst/O
                         net (fo=1, routed)           0.865     1.277    led_OBUF[4]
    BUFGCTRL_X0Y16       BUFG (Prop_bufg_I_O)         0.029     1.306 r  led_OBUF_BUFG[4]_inst/O
                         net (fo=145, routed)         0.832     2.139    u_capture/led_OBUF[2]
    SLICE_X52Y56         FDRE                                         r  u_capture/x_count_reg[5]/C
                         clock pessimism             -0.525     1.614    
    SLICE_X52Y56         FDRE (Hold_fdre_C_D)         0.121     1.735    u_capture/x_count_reg[5]
  -------------------------------------------------------------------
                         required time                         -1.735    
                         arrival time                           1.980    
  -------------------------------------------------------------------
                         slack                                  0.245    

Slack (MET) :             0.250ns  (arrival time - required time)
  Source:                 u_capture/full_wr_data_reg[1]/C
                            (rising edge-triggered cell FDRE clocked by cam_pclk_clk  {rise@0.000ns fall@20.000ns period=40.000ns})
  Destination:            u_capture/full_wr_data_reg[1]/D
                            (rising edge-triggered cell FDRE clocked by cam_pclk_clk  {rise@0.000ns fall@20.000ns period=40.000ns})
  Path Group:             cam_pclk_clk
  Path Type:              Hold (Min at Fast Process Corner)
  Requirement:            0.000ns  (cam_pclk_clk rise@0.000ns - cam_pclk_clk rise@0.000ns)
  Data Path Delay:        0.342ns  (logic 0.186ns (54.453%)  route 0.156ns (45.547%))
  Logic Levels:           1  (LUT5=1)
  Clock Path Skew:        0.000ns (DCD - SCD - CPR)
    Destination Clock Delay (DCD):    2.134ns
    Source Clock Delay      (SCD):    1.610ns
    Clock Pessimism Removal (CPR):    0.524ns

    Location             Delay type                Incr(ns)  Path(ns)    Netlist Resource(s)
  -------------------------------------------------------------------    -------------------
                         (clock cam_pclk_clk rise edge)
                                                      0.000     0.000 r  
    A16                                               0.000     0.000 r  cam_pclk (IN)
                         net (fo=0)                   0.000     0.000    cam_pclk
    A16                  IBUF (Prop_ibuf_I_O)         0.225     0.225 r  cam_pclk_IBUF_inst/O
                         net (fo=1, routed)           0.802     1.027    led_OBUF[4]
    BUFGCTRL_X0Y16       BUFG (Prop_bufg_I_O)         0.026     1.053 r  led_OBUF_BUFG[4]_inst/O
                         net (fo=145, routed)         0.558     1.610    u_capture/led_OBUF[2]
    SLICE_X41Y58         FDRE                                         r  u_capture/full_wr_data_reg[1]/C
  -------------------------------------------------------------------    -------------------
    SLICE_X41Y58         FDRE (Prop_fdre_C_Q)         0.141     1.751 r  u_capture/full_wr_data_reg[1]/Q
                         net (fo=5, routed)           0.156     1.907    u_capture/full_wr_data[1]
    SLICE_X41Y58         LUT5 (Prop_lut5_I0_O)        0.045     1.952 r  u_capture/full_wr_data[1]_i_1/O
                         net (fo=1, routed)           0.000     1.952    u_capture/full_wr_data[1]_i_1_n_0
    SLICE_X41Y58         FDRE                                         r  u_capture/full_wr_data_reg[1]/D
  -------------------------------------------------------------------    -------------------

                         (clock cam_pclk_clk rise edge)
                                                      0.000     0.000 r  
    A16                                               0.000     0.000 r  cam_pclk (IN)
                         net (fo=0)                   0.000     0.000    cam_pclk
    A16                  IBUF (Prop_ibuf_I_O)         0.413     0.413 r  cam_pclk_IBUF_inst/O
                         net (fo=1, routed)           0.865     1.277    led_OBUF[4]
    BUFGCTRL_X0Y16       BUFG (Prop_bufg_I_O)         0.029     1.306 r  led_OBUF_BUFG[4]_inst/O
                         net (fo=145, routed)         0.828     2.134    u_capture/led_OBUF[2]
    SLICE_X41Y58         FDRE                                         r  u_capture/full_wr_data_reg[1]/C
                         clock pessimism             -0.524     1.610    
    SLICE_X41Y58         FDRE (Hold_fdre_C_D)         0.092     1.702    u_capture/full_wr_data_reg[1]
  -------------------------------------------------------------------
                         required time                         -1.702    
                         arrival time                           1.952    
  -------------------------------------------------------------------
                         slack                                  0.250    





Pulse Width Checks
--------------------------------------------------------------------------------------
Clock Name:         cam_pclk_clk
Waveform(ns):       { 0.000 20.000 }
Period(ns):         40.000
Sources:            { cam_pclk }

Check Type        Corner  Lib Pin             Reference Pin  Required(ns)  Actual(ns)  Slack(ns)  Location      Pin
Min Period        n/a     RAMB36E1/CLKARDCLK  n/a            2.892         40.000      37.108     RAMB36_X2Y14  u_framebuffer/u_bank0/mem_reg_0_0/CLKARDCLK
Min Period        n/a     RAMB36E1/CLKARDCLK  n/a            2.892         40.000      37.108     RAMB36_X2Y16  u_framebuffer/u_bank0/mem_reg_0_1/CLKARDCLK
Min Period        n/a     RAMB36E1/CLKARDCLK  n/a            2.892         40.000      37.108     RAMB36_X2Y12  u_framebuffer/u_bank0/mem_reg_0_2/CLKARDCLK
Min Period        n/a     RAMB36E1/CLKARDCLK  n/a            2.892         40.000      37.108     RAMB36_X2Y15  u_framebuffer/u_bank0/mem_reg_1_0/CLKARDCLK
Min Period        n/a     RAMB36E1/CLKARDCLK  n/a            2.892         40.000      37.108     RAMB36_X2Y17  u_framebuffer/u_bank0/mem_reg_1_1/CLKARDCLK
Min Period        n/a     RAMB36E1/CLKARDCLK  n/a            2.892         40.000      37.108     RAMB36_X2Y13  u_framebuffer/u_bank0/mem_reg_1_2/CLKARDCLK
Min Period        n/a     RAMB36E1/CLKARDCLK  n/a            2.892         40.000      37.108     RAMB36_X1Y7   u_framebuffer/u_bank1/mem_reg_0_0/CLKARDCLK
Min Period        n/a     RAMB36E1/CLKARDCLK  n/a            2.892         40.000      37.108     RAMB36_X2Y10  u_framebuffer/u_bank1/mem_reg_0_1/CLKARDCLK
Min Period        n/a     RAMB36E1/CLKARDCLK  n/a            2.892         40.000      37.108     RAMB36_X1Y10  u_framebuffer/u_bank1/mem_reg_0_2/CLKARDCLK
Min Period        n/a     RAMB36E1/CLKARDCLK  n/a            2.892         40.000      37.108     RAMB36_X1Y8   u_framebuffer/u_bank1/mem_reg_1_0/CLKARDCLK
Low Pulse Width   Slow    FDRE/C              n/a            0.500         20.000      19.500     SLICE_X49Y57  u_capture/base_row_addr_reg[10]/C
Low Pulse Width   Fast    FDRE/C              n/a            0.500         20.000      19.500     SLICE_X49Y57  u_capture/base_row_addr_reg[10]/C
Low Pulse Width   Slow    FDRE/C              n/a            0.500         20.000      19.500     SLICE_X49Y57  u_capture/base_row_addr_reg[11]/C
Low Pulse Width   Fast    FDRE/C              n/a            0.500         20.000      19.500     SLICE_X49Y57  u_capture/base_row_addr_reg[11]/C
Low Pulse Width   Slow    FDRE/C              n/a            0.500         20.000      19.500     SLICE_X49Y57  u_capture/base_row_addr_reg[12]/C
Low Pulse Width   Fast    FDRE/C              n/a            0.500         20.000      19.500     SLICE_X49Y57  u_capture/base_row_addr_reg[12]/C
Low Pulse Width   Slow    FDRE/C              n/a            0.500         20.000      19.500     SLICE_X49Y57  u_capture/base_row_addr_reg[13]/C
Low Pulse Width   Fast    FDRE/C              n/a            0.500         20.000      19.500     SLICE_X49Y57  u_capture/base_row_addr_reg[13]/C
Low Pulse Width   Slow    FDRE/C              n/a            0.500         20.000      19.500     SLICE_X49Y58  u_capture/base_row_addr_reg[14]/C
Low Pulse Width   Fast    FDRE/C              n/a            0.500         20.000      19.500     SLICE_X49Y58  u_capture/base_row_addr_reg[14]/C
High Pulse Width  Slow    FDRE/C              n/a            0.500         20.000      19.500     SLICE_X49Y57  u_capture/base_row_addr_reg[10]/C
High Pulse Width  Fast    FDRE/C              n/a            0.500         20.000      19.500     SLICE_X49Y57  u_capture/base_row_addr_reg[10]/C
High Pulse Width  Slow    FDRE/C              n/a            0.500         20.000      19.500     SLICE_X49Y57  u_capture/base_row_addr_reg[11]/C
High Pulse Width  Fast    FDRE/C              n/a            0.500         20.000      19.500     SLICE_X49Y57  u_capture/base_row_addr_reg[11]/C
High Pulse Width  Slow    FDRE/C              n/a            0.500         20.000      19.500     SLICE_X49Y57  u_capture/base_row_addr_reg[12]/C
High Pulse Width  Fast    FDRE/C              n/a            0.500         20.000      19.500     SLICE_X49Y57  u_capture/base_row_addr_reg[12]/C
High Pulse Width  Slow    FDRE/C              n/a            0.500         20.000      19.500     SLICE_X49Y57  u_capture/base_row_addr_reg[13]/C
High Pulse Width  Fast    FDRE/C              n/a            0.500         20.000      19.500     SLICE_X49Y57  u_capture/base_row_addr_reg[13]/C
High Pulse Width  Slow    FDRE/C              n/a            0.500         20.000      19.500     SLICE_X49Y58  u_capture/base_row_addr_reg[14]/C
High Pulse Width  Fast    FDRE/C              n/a            0.500         20.000      19.500     SLICE_X49Y58  u_capture/base_row_addr_reg[14]/C



---------------------------------------------------------------------------------------------------
From Clock:  sys_clk
  To Clock:  sys_clk

Setup :            0  Failing Endpoints,  Worst Slack        3.214ns,  Total Violation        0.000ns
Hold  :            0  Failing Endpoints,  Worst Slack        0.118ns,  Total Violation        0.000ns
PW    :            0  Failing Endpoints,  Worst Slack        3.000ns,  Total Violation        0.000ns
---------------------------------------------------------------------------------------------------


Max Delay Paths
--------------------------------------------------------------------------------------
Slack (MET) :             3.214ns  (required time - arrival time)
  Source:                 u_sccb_init/lut_idx_reg_rep/CLKARDCLK
                            (rising edge-triggered cell RAMB18E1 clocked by sys_clk  {rise@0.000ns fall@5.000ns period=10.000ns})
  Destination:            u_sccb_init/reg_addr_reg[2]/CE
                            (rising edge-triggered cell FDRE clocked by sys_clk  {rise@0.000ns fall@5.000ns period=10.000ns})
  Path Group:             sys_clk
  Path Type:              Setup (Max at Slow Process Corner)
  Requirement:            10.000ns  (sys_clk rise@10.000ns - sys_clk rise@0.000ns)
  Data Path Delay:        6.521ns  (logic 2.950ns (45.240%)  route 3.571ns (54.760%))
  Logic Levels:           4  (LUT2=1 LUT4=1 LUT5=1 LUT6=1)
  Clock Path Skew:        -0.060ns (DCD - SCD + CPR)
    Destination Clock Delay (DCD):    4.770ns = ( 14.770 - 10.000 ) 
    Source Clock Delay      (SCD):    5.102ns
    Clock Pessimism Removal (CPR):    0.272ns
  Clock Uncertainty:      0.035ns  ((TSJ^2 + TIJ^2)^1/2 + DJ) / 2 + PE
    Total System Jitter     (TSJ):    0.071ns
    Total Input Jitter      (TIJ):    0.000ns
    Discrete Jitter          (DJ):    0.000ns
    Phase Error              (PE):    0.000ns

    Location             Delay type                Incr(ns)  Path(ns)    Netlist Resource(s)
  -------------------------------------------------------------------    -------------------
                         (clock sys_clk rise edge)    0.000     0.000 r  
    W5                                                0.000     0.000 r  CLK100MHZ (IN)
                         net (fo=0)                   0.000     0.000    CLK100MHZ
    W5                   IBUF (Prop_ibuf_I_O)         1.458     1.458 r  CLK100MHZ_IBUF_inst/O
                         net (fo=1, routed)           1.967     3.425    CLK100MHZ_IBUF
    BUFGCTRL_X0Y1        BUFG (Prop_bufg_I_O)         0.096     3.521 r  CLK100MHZ_IBUF_BUFG_inst/O
                         net (fo=87, routed)          1.581     5.102    u_sccb_init/CLK100MHZ_IBUF_BUFG
    RAMB18_X0Y28         RAMB18E1                                     r  u_sccb_init/lut_idx_reg_rep/CLKARDCLK
  -------------------------------------------------------------------    -------------------
    RAMB18_X0Y28         RAMB18E1 (Prop_ramb18e1_CLKARDCLK_DOADO[0])
                                                      2.454     7.556 f  u_sccb_init/lut_idx_reg_rep/DOADO[0]
                         net (fo=2, routed)           1.025     8.581    u_sccb_init/lut_idx_reg_rep_n_15
    SLICE_X8Y71          LUT4 (Prop_lut4_I1_O)        0.124     8.705 r  u_sccb_init/state[3]_i_8/O
                         net (fo=1, routed)           0.680     9.385    u_sccb_init/state[3]_i_8_n_0
    SLICE_X8Y71          LUT6 (Prop_lut6_I0_O)        0.124     9.509 f  u_sccb_init/state[3]_i_4/O
                         net (fo=4, routed)           0.911    10.420    u_sccb_init/state[3]_i_4_n_0
    SLICE_X4Y70          LUT2 (Prop_lut2_I1_O)        0.124    10.544 r  u_sccb_init/byte_idx[1]_i_4/O
                         net (fo=3, routed)           0.325    10.869    u_sccb_init/byte_idx[1]_i_4_n_0
    SLICE_X6Y70          LUT5 (Prop_lut5_I2_O)        0.124    10.993 r  u_sccb_init/reg_data[7]_i_1/O
                         net (fo=16, routed)          0.630    11.623    u_sccb_init/reg_data[7]_i_1_n_0
    SLICE_X8Y70          FDRE                                         r  u_sccb_init/reg_addr_reg[2]/CE
  -------------------------------------------------------------------    -------------------

                         (clock sys_clk rise edge)   10.000    10.000 r  
    W5                                                0.000    10.000 r  CLK100MHZ (IN)
                         net (fo=0)                   0.000    10.000    CLK100MHZ
    W5                   IBUF (Prop_ibuf_I_O)         1.388    11.388 r  CLK100MHZ_IBUF_inst/O
                         net (fo=1, routed)           1.862    13.250    CLK100MHZ_IBUF
    BUFGCTRL_X0Y1        BUFG (Prop_bufg_I_O)         0.091    13.341 r  CLK100MHZ_IBUF_BUFG_inst/O
                         net (fo=87, routed)          1.429    14.770    u_sccb_init/CLK100MHZ_IBUF_BUFG
    SLICE_X8Y70          FDRE                                         r  u_sccb_init/reg_addr_reg[2]/C
                         clock pessimism              0.272    15.042    
                         clock uncertainty           -0.035    15.007    
    SLICE_X8Y70          FDRE (Setup_fdre_C_CE)      -0.169    14.838    u_sccb_init/reg_addr_reg[2]
  -------------------------------------------------------------------
                         required time                         14.838    
                         arrival time                         -11.623    
  -------------------------------------------------------------------
                         slack                                  3.214    

Slack (MET) :             3.214ns  (required time - arrival time)
  Source:                 u_sccb_init/lut_idx_reg_rep/CLKARDCLK
                            (rising edge-triggered cell RAMB18E1 clocked by sys_clk  {rise@0.000ns fall@5.000ns period=10.000ns})
  Destination:            u_sccb_init/reg_addr_reg[3]/CE
                            (rising edge-triggered cell FDRE clocked by sys_clk  {rise@0.000ns fall@5.000ns period=10.000ns})
  Path Group:             sys_clk
  Path Type:              Setup (Max at Slow Process Corner)
  Requirement:            10.000ns  (sys_clk rise@10.000ns - sys_clk rise@0.000ns)
  Data Path Delay:        6.521ns  (logic 2.950ns (45.240%)  route 3.571ns (54.760%))
  Logic Levels:           4  (LUT2=1 LUT4=1 LUT5=1 LUT6=1)
  Clock Path Skew:        -0.060ns (DCD - SCD + CPR)
    Destination Clock Delay (DCD):    4.770ns = ( 14.770 - 10.000 ) 
    Source Clock Delay      (SCD):    5.102ns
    Clock Pessimism Removal (CPR):    0.272ns
  Clock Uncertainty:      0.035ns  ((TSJ^2 + TIJ^2)^1/2 + DJ) / 2 + PE
    Total System Jitter     (TSJ):    0.071ns
    Total Input Jitter      (TIJ):    0.000ns
    Discrete Jitter          (DJ):    0.000ns
    Phase Error              (PE):    0.000ns

    Location             Delay type                Incr(ns)  Path(ns)    Netlist Resource(s)
  -------------------------------------------------------------------    -------------------
                         (clock sys_clk rise edge)    0.000     0.000 r  
    W5                                                0.000     0.000 r  CLK100MHZ (IN)
                         net (fo=0)                   0.000     0.000    CLK100MHZ
    W5                   IBUF (Prop_ibuf_I_O)         1.458     1.458 r  CLK100MHZ_IBUF_inst/O
                         net (fo=1, routed)           1.967     3.425    CLK100MHZ_IBUF
    BUFGCTRL_X0Y1        BUFG (Prop_bufg_I_O)         0.096     3.521 r  CLK100MHZ_IBUF_BUFG_inst/O
                         net (fo=87, routed)          1.581     5.102    u_sccb_init/CLK100MHZ_IBUF_BUFG
    RAMB18_X0Y28         RAMB18E1                                     r  u_sccb_init/lut_idx_reg_rep/CLKARDCLK
  -------------------------------------------------------------------    -------------------
    RAMB18_X0Y28         RAMB18E1 (Prop_ramb18e1_CLKARDCLK_DOADO[0])
                                                      2.454     7.556 f  u_sccb_init/lut_idx_reg_rep/DOADO[0]
                         net (fo=2, routed)           1.025     8.581    u_sccb_init/lut_idx_reg_rep_n_15
    SLICE_X8Y71          LUT4 (Prop_lut4_I1_O)        0.124     8.705 r  u_sccb_init/state[3]_i_8/O
                         net (fo=1, routed)           0.680     9.385    u_sccb_init/state[3]_i_8_n_0
    SLICE_X8Y71          LUT6 (Prop_lut6_I0_O)        0.124     9.509 f  u_sccb_init/state[3]_i_4/O
                         net (fo=4, routed)           0.911    10.420    u_sccb_init/state[3]_i_4_n_0
    SLICE_X4Y70          LUT2 (Prop_lut2_I1_O)        0.124    10.544 r  u_sccb_init/byte_idx[1]_i_4/O
                         net (fo=3, routed)           0.325    10.869    u_sccb_init/byte_idx[1]_i_4_n_0
    SLICE_X6Y70          LUT5 (Prop_lut5_I2_O)        0.124    10.993 r  u_sccb_init/reg_data[7]_i_1/O
                         net (fo=16, routed)          0.630    11.623    u_sccb_init/reg_data[7]_i_1_n_0
    SLICE_X8Y70          FDRE                                         r  u_sccb_init/reg_addr_reg[3]/CE
  -------------------------------------------------------------------    -------------------

                         (clock sys_clk rise edge)   10.000    10.000 r  
    W5                                                0.000    10.000 r  CLK100MHZ (IN)
                         net (fo=0)                   0.000    10.000    CLK100MHZ
    W5                   IBUF (Prop_ibuf_I_O)         1.388    11.388 r  CLK100MHZ_IBUF_inst/O
                         net (fo=1, routed)           1.862    13.250    CLK100MHZ_IBUF
    BUFGCTRL_X0Y1        BUFG (Prop_bufg_I_O)         0.091    13.341 r  CLK100MHZ_IBUF_BUFG_inst/O
                         net (fo=87, routed)          1.429    14.770    u_sccb_init/CLK100MHZ_IBUF_BUFG
    SLICE_X8Y70          FDRE                                         r  u_sccb_init/reg_addr_reg[3]/C
                         clock pessimism              0.272    15.042    
                         clock uncertainty           -0.035    15.007    
    SLICE_X8Y70          FDRE (Setup_fdre_C_CE)      -0.169    14.838    u_sccb_init/reg_addr_reg[3]
  -------------------------------------------------------------------
                         required time                         14.838    
                         arrival time                         -11.623    
  -------------------------------------------------------------------
                         slack                                  3.214    

Slack (MET) :             3.214ns  (required time - arrival time)
  Source:                 u_sccb_init/lut_idx_reg_rep/CLKARDCLK
                            (rising edge-triggered cell RAMB18E1 clocked by sys_clk  {rise@0.000ns fall@5.000ns period=10.000ns})
  Destination:            u_sccb_init/reg_data_reg[2]/CE
                            (rising edge-triggered cell FDRE clocked by sys_clk  {rise@0.000ns fall@5.000ns period=10.000ns})
  Path Group:             sys_clk
  Path Type:              Setup (Max at Slow Process Corner)
  Requirement:            10.000ns  (sys_clk rise@10.000ns - sys_clk rise@0.000ns)
  Data Path Delay:        6.521ns  (logic 2.950ns (45.240%)  route 3.571ns (54.760%))
  Logic Levels:           4  (LUT2=1 LUT4=1 LUT5=1 LUT6=1)
  Clock Path Skew:        -0.060ns (DCD - SCD + CPR)
    Destination Clock Delay (DCD):    4.770ns = ( 14.770 - 10.000 ) 
    Source Clock Delay      (SCD):    5.102ns
    Clock Pessimism Removal (CPR):    0.272ns
  Clock Uncertainty:      0.035ns  ((TSJ^2 + TIJ^2)^1/2 + DJ) / 2 + PE
    Total System Jitter     (TSJ):    0.071ns
    Total Input Jitter      (TIJ):    0.000ns
    Discrete Jitter          (DJ):    0.000ns
    Phase Error              (PE):    0.000ns

    Location             Delay type                Incr(ns)  Path(ns)    Netlist Resource(s)
  -------------------------------------------------------------------    -------------------
                         (clock sys_clk rise edge)    0.000     0.000 r  
    W5                                                0.000     0.000 r  CLK100MHZ (IN)
                         net (fo=0)                   0.000     0.000    CLK100MHZ
    W5                   IBUF (Prop_ibuf_I_O)         1.458     1.458 r  CLK100MHZ_IBUF_inst/O
                         net (fo=1, routed)           1.967     3.425    CLK100MHZ_IBUF
    BUFGCTRL_X0Y1        BUFG (Prop_bufg_I_O)         0.096     3.521 r  CLK100MHZ_IBUF_BUFG_inst/O
                         net (fo=87, routed)          1.581     5.102    u_sccb_init/CLK100MHZ_IBUF_BUFG
    RAMB18_X0Y28         RAMB18E1                                     r  u_sccb_init/lut_idx_reg_rep/CLKARDCLK
  -------------------------------------------------------------------    -------------------
    RAMB18_X0Y28         RAMB18E1 (Prop_ramb18e1_CLKARDCLK_DOADO[0])
                                                      2.454     7.556 f  u_sccb_init/lut_idx_reg_rep/DOADO[0]
                         net (fo=2, routed)           1.025     8.581    u_sccb_init/lut_idx_reg_rep_n_15
    SLICE_X8Y71          LUT4 (Prop_lut4_I1_O)        0.124     8.705 r  u_sccb_init/state[3]_i_8/O
                         net (fo=1, routed)           0.680     9.385    u_sccb_init/state[3]_i_8_n_0
    SLICE_X8Y71          LUT6 (Prop_lut6_I0_O)        0.124     9.509 f  u_sccb_init/state[3]_i_4/O
                         net (fo=4, routed)           0.911    10.420    u_sccb_init/state[3]_i_4_n_0
    SLICE_X4Y70          LUT2 (Prop_lut2_I1_O)        0.124    10.544 r  u_sccb_init/byte_idx[1]_i_4/O
                         net (fo=3, routed)           0.325    10.869    u_sccb_init/byte_idx[1]_i_4_n_0
    SLICE_X6Y70          LUT5 (Prop_lut5_I2_O)        0.124    10.993 r  u_sccb_init/reg_data[7]_i_1/O
                         net (fo=16, routed)          0.630    11.623    u_sccb_init/reg_data[7]_i_1_n_0
    SLICE_X8Y70          FDRE                                         r  u_sccb_init/reg_data_reg[2]/CE
  -------------------------------------------------------------------    -------------------

                         (clock sys_clk rise edge)   10.000    10.000 r  
    W5                                                0.000    10.000 r  CLK100MHZ (IN)
                         net (fo=0)                   0.000    10.000    CLK100MHZ
    W5                   IBUF (Prop_ibuf_I_O)         1.388    11.388 r  CLK100MHZ_IBUF_inst/O
                         net (fo=1, routed)           1.862    13.250    CLK100MHZ_IBUF
    BUFGCTRL_X0Y1        BUFG (Prop_bufg_I_O)         0.091    13.341 r  CLK100MHZ_IBUF_BUFG_inst/O
                         net (fo=87, routed)          1.429    14.770    u_sccb_init/CLK100MHZ_IBUF_BUFG
    SLICE_X8Y70          FDRE                                         r  u_sccb_init/reg_data_reg[2]/C
                         clock pessimism              0.272    15.042    
                         clock uncertainty           -0.035    15.007    
    SLICE_X8Y70          FDRE (Setup_fdre_C_CE)      -0.169    14.838    u_sccb_init/reg_data_reg[2]
  -------------------------------------------------------------------
                         required time                         14.838    
                         arrival time                         -11.623    
  -------------------------------------------------------------------
                         slack                                  3.214    

Slack (MET) :             3.228ns  (required time - arrival time)
  Source:                 u_sccb_init/lut_idx_reg_rep/CLKARDCLK
                            (rising edge-triggered cell RAMB18E1 clocked by sys_clk  {rise@0.000ns fall@5.000ns period=10.000ns})
  Destination:            u_sccb_init/reg_addr_reg[5]/CE
                            (rising edge-triggered cell FDRE clocked by sys_clk  {rise@0.000ns fall@5.000ns period=10.000ns})
  Path Group:             sys_clk
  Path Type:              Setup (Max at Slow Process Corner)
  Requirement:            10.000ns  (sys_clk rise@10.000ns - sys_clk rise@0.000ns)
  Data Path Delay:        6.471ns  (logic 2.950ns (45.591%)  route 3.521ns (54.409%))
  Logic Levels:           4  (LUT2=1 LUT4=1 LUT5=1 LUT6=1)
  Clock Path Skew:        -0.061ns (DCD - SCD + CPR)
    Destination Clock Delay (DCD):    4.769ns = ( 14.769 - 10.000 ) 
    Source Clock Delay      (SCD):    5.102ns
    Clock Pessimism Removal (CPR):    0.272ns
  Clock Uncertainty:      0.035ns  ((TSJ^2 + TIJ^2)^1/2 + DJ) / 2 + PE
    Total System Jitter     (TSJ):    0.071ns
    Total Input Jitter      (TIJ):    0.000ns
    Discrete Jitter          (DJ):    0.000ns
    Phase Error              (PE):    0.000ns

    Location             Delay type                Incr(ns)  Path(ns)    Netlist Resource(s)
  -------------------------------------------------------------------    -------------------
                         (clock sys_clk rise edge)    0.000     0.000 r  
    W5                                                0.000     0.000 r  CLK100MHZ (IN)
                         net (fo=0)                   0.000     0.000    CLK100MHZ
    W5                   IBUF (Prop_ibuf_I_O)         1.458     1.458 r  CLK100MHZ_IBUF_inst/O
                         net (fo=1, routed)           1.967     3.425    CLK100MHZ_IBUF
    BUFGCTRL_X0Y1        BUFG (Prop_bufg_I_O)         0.096     3.521 r  CLK100MHZ_IBUF_BUFG_inst/O
                         net (fo=87, routed)          1.581     5.102    u_sccb_init/CLK100MHZ_IBUF_BUFG
    RAMB18_X0Y28         RAMB18E1                                     r  u_sccb_init/lut_idx_reg_rep/CLKARDCLK
  -------------------------------------------------------------------    -------------------
    RAMB18_X0Y28         RAMB18E1 (Prop_ramb18e1_CLKARDCLK_DOADO[0])
                                                      2.454     7.556 f  u_sccb_init/lut_idx_reg_rep/DOADO[0]
                         net (fo=2, routed)           1.025     8.581    u_sccb_init/lut_idx_reg_rep_n_15
    SLICE_X8Y71          LUT4 (Prop_lut4_I1_O)        0.124     8.705 r  u_sccb_init/state[3]_i_8/O
                         net (fo=1, routed)           0.680     9.385    u_sccb_init/state[3]_i_8_n_0
    SLICE_X8Y71          LUT6 (Prop_lut6_I0_O)        0.124     9.509 f  u_sccb_init/state[3]_i_4/O
                         net (fo=4, routed)           0.911    10.420    u_sccb_init/state[3]_i_4_n_0
    SLICE_X4Y70          LUT2 (Prop_lut2_I1_O)        0.124    10.544 r  u_sccb_init/byte_idx[1]_i_4/O
                         net (fo=3, routed)           0.325    10.869    u_sccb_init/byte_idx[1]_i_4_n_0
    SLICE_X6Y70          LUT5 (Prop_lut5_I2_O)        0.124    10.993 r  u_sccb_init/reg_data[7]_i_1/O
                         net (fo=16, routed)          0.580    11.573    u_sccb_init/reg_data[7]_i_1_n_0
    SLICE_X9Y71          FDRE                                         r  u_sccb_init/reg_addr_reg[5]/CE
  -------------------------------------------------------------------    -------------------

                         (clock sys_clk rise edge)   10.000    10.000 r  
    W5                                                0.000    10.000 r  CLK100MHZ (IN)
                         net (fo=0)                   0.000    10.000    CLK100MHZ
    W5                   IBUF (Prop_ibuf_I_O)         1.388    11.388 r  CLK100MHZ_IBUF_inst/O
                         net (fo=1, routed)           1.862    13.250    CLK100MHZ_IBUF
    BUFGCTRL_X0Y1        BUFG (Prop_bufg_I_O)         0.091    13.341 r  CLK100MHZ_IBUF_BUFG_inst/O
                         net (fo=87, routed)          1.428    14.769    u_sccb_init/CLK100MHZ_IBUF_BUFG
    SLICE_X9Y71          FDRE                                         r  u_sccb_init/reg_addr_reg[5]/C
                         clock pessimism              0.272    15.041    
                         clock uncertainty           -0.035    15.006    
    SLICE_X9Y71          FDRE (Setup_fdre_C_CE)      -0.205    14.801    u_sccb_init/reg_addr_reg[5]
  -------------------------------------------------------------------
                         required time                         14.801    
                         arrival time                         -11.573    
  -------------------------------------------------------------------
                         slack                                  3.228    

Slack (MET) :             3.228ns  (required time - arrival time)
  Source:                 u_sccb_init/lut_idx_reg_rep/CLKARDCLK
                            (rising edge-triggered cell RAMB18E1 clocked by sys_clk  {rise@0.000ns fall@5.000ns period=10.000ns})
  Destination:            u_sccb_init/reg_data_reg[0]/CE
                            (rising edge-triggered cell FDRE clocked by sys_clk  {rise@0.000ns fall@5.000ns period=10.000ns})
  Path Group:             sys_clk
  Path Type:              Setup (Max at Slow Process Corner)
  Requirement:            10.000ns  (sys_clk rise@10.000ns - sys_clk rise@0.000ns)
  Data Path Delay:        6.471ns  (logic 2.950ns (45.591%)  route 3.521ns (54.409%))
  Logic Levels:           4  (LUT2=1 LUT4=1 LUT5=1 LUT6=1)
  Clock Path Skew:        -0.061ns (DCD - SCD + CPR)
    Destination Clock Delay (DCD):    4.769ns = ( 14.769 - 10.000 ) 
    Source Clock Delay      (SCD):    5.102ns
    Clock Pessimism Removal (CPR):    0.272ns
  Clock Uncertainty:      0.035ns  ((TSJ^2 + TIJ^2)^1/2 + DJ) / 2 + PE
    Total System Jitter     (TSJ):    0.071ns
    Total Input Jitter      (TIJ):    0.000ns
    Discrete Jitter          (DJ):    0.000ns
    Phase Error              (PE):    0.000ns

    Location             Delay type                Incr(ns)  Path(ns)    Netlist Resource(s)
  -------------------------------------------------------------------    -------------------
                         (clock sys_clk rise edge)    0.000     0.000 r  
    W5                                                0.000     0.000 r  CLK100MHZ (IN)
                         net (fo=0)                   0.000     0.000    CLK100MHZ
    W5                   IBUF (Prop_ibuf_I_O)         1.458     1.458 r  CLK100MHZ_IBUF_inst/O
                         net (fo=1, routed)           1.967     3.425    CLK100MHZ_IBUF
    BUFGCTRL_X0Y1        BUFG (Prop_bufg_I_O)         0.096     3.521 r  CLK100MHZ_IBUF_BUFG_inst/O
                         net (fo=87, routed)          1.581     5.102    u_sccb_init/CLK100MHZ_IBUF_BUFG
    RAMB18_X0Y28         RAMB18E1                                     r  u_sccb_init/lut_idx_reg_rep/CLKARDCLK
  -------------------------------------------------------------------    -------------------
    RAMB18_X0Y28         RAMB18E1 (Prop_ramb18e1_CLKARDCLK_DOADO[0])
                                                      2.454     7.556 f  u_sccb_init/lut_idx_reg_rep/DOADO[0]
                         net (fo=2, routed)           1.025     8.581    u_sccb_init/lut_idx_reg_rep_n_15
    SLICE_X8Y71          LUT4 (Prop_lut4_I1_O)        0.124     8.705 r  u_sccb_init/state[3]_i_8/O
                         net (fo=1, routed)           0.680     9.385    u_sccb_init/state[3]_i_8_n_0
    SLICE_X8Y71          LUT6 (Prop_lut6_I0_O)        0.124     9.509 f  u_sccb_init/state[3]_i_4/O
                         net (fo=4, routed)           0.911    10.420    u_sccb_init/state[3]_i_4_n_0
    SLICE_X4Y70          LUT2 (Prop_lut2_I1_O)        0.124    10.544 r  u_sccb_init/byte_idx[1]_i_4/O
                         net (fo=3, routed)           0.325    10.869    u_sccb_init/byte_idx[1]_i_4_n_0
    SLICE_X6Y70          LUT5 (Prop_lut5_I2_O)        0.124    10.993 r  u_sccb_init/reg_data[7]_i_1/O
                         net (fo=16, routed)          0.580    11.573    u_sccb_init/reg_data[7]_i_1_n_0
    SLICE_X9Y71          FDRE                                         r  u_sccb_init/reg_data_reg[0]/CE
  -------------------------------------------------------------------    -------------------

                         (clock sys_clk rise edge)   10.000    10.000 r  
    W5                                                0.000    10.000 r  CLK100MHZ (IN)
                         net (fo=0)                   0.000    10.000    CLK100MHZ
    W5                   IBUF (Prop_ibuf_I_O)         1.388    11.388 r  CLK100MHZ_IBUF_inst/O
                         net (fo=1, routed)           1.862    13.250    CLK100MHZ_IBUF
    BUFGCTRL_X0Y1        BUFG (Prop_bufg_I_O)         0.091    13.341 r  CLK100MHZ_IBUF_BUFG_inst/O
                         net (fo=87, routed)          1.428    14.769    u_sccb_init/CLK100MHZ_IBUF_BUFG
    SLICE_X9Y71          FDRE                                         r  u_sccb_init/reg_data_reg[0]/C
                         clock pessimism              0.272    15.041    
                         clock uncertainty           -0.035    15.006    
    SLICE_X9Y71          FDRE (Setup_fdre_C_CE)      -0.205    14.801    u_sccb_init/reg_data_reg[0]
  -------------------------------------------------------------------
                         required time                         14.801    
                         arrival time                         -11.573    
  -------------------------------------------------------------------
                         slack                                  3.228    

Slack (MET) :             3.228ns  (required time - arrival time)
  Source:                 u_sccb_init/lut_idx_reg_rep/CLKARDCLK
                            (rising edge-triggered cell RAMB18E1 clocked by sys_clk  {rise@0.000ns fall@5.000ns period=10.000ns})
  Destination:            u_sccb_init/reg_data_reg[5]/CE
                            (rising edge-triggered cell FDRE clocked by sys_clk  {rise@0.000ns fall@5.000ns period=10.000ns})
  Path Group:             sys_clk
  Path Type:              Setup (Max at Slow Process Corner)
  Requirement:            10.000ns  (sys_clk rise@10.000ns - sys_clk rise@0.000ns)
  Data Path Delay:        6.471ns  (logic 2.950ns (45.591%)  route 3.521ns (54.409%))
  Logic Levels:           4  (LUT2=1 LUT4=1 LUT5=1 LUT6=1)
  Clock Path Skew:        -0.061ns (DCD - SCD + CPR)
    Destination Clock Delay (DCD):    4.769ns = ( 14.769 - 10.000 ) 
    Source Clock Delay      (SCD):    5.102ns
    Clock Pessimism Removal (CPR):    0.272ns
  Clock Uncertainty:      0.035ns  ((TSJ^2 + TIJ^2)^1/2 + DJ) / 2 + PE
    Total System Jitter     (TSJ):    0.071ns
    Total Input Jitter      (TIJ):    0.000ns
    Discrete Jitter          (DJ):    0.000ns
    Phase Error              (PE):    0.000ns

    Location             Delay type                Incr(ns)  Path(ns)    Netlist Resource(s)
  -------------------------------------------------------------------    -------------------
                         (clock sys_clk rise edge)    0.000     0.000 r  
    W5                                                0.000     0.000 r  CLK100MHZ (IN)
                         net (fo=0)                   0.000     0.000    CLK100MHZ
    W5                   IBUF (Prop_ibuf_I_O)         1.458     1.458 r  CLK100MHZ_IBUF_inst/O
                         net (fo=1, routed)           1.967     3.425    CLK100MHZ_IBUF
    BUFGCTRL_X0Y1        BUFG (Prop_bufg_I_O)         0.096     3.521 r  CLK100MHZ_IBUF_BUFG_inst/O
                         net (fo=87, routed)          1.581     5.102    u_sccb_init/CLK100MHZ_IBUF_BUFG
    RAMB18_X0Y28         RAMB18E1                                     r  u_sccb_init/lut_idx_reg_rep/CLKARDCLK
  -------------------------------------------------------------------    -------------------
    RAMB18_X0Y28         RAMB18E1 (Prop_ramb18e1_CLKARDCLK_DOADO[0])
                                                      2.454     7.556 f  u_sccb_init/lut_idx_reg_rep/DOADO[0]
                         net (fo=2, routed)           1.025     8.581    u_sccb_init/lut_idx_reg_rep_n_15
    SLICE_X8Y71          LUT4 (Prop_lut4_I1_O)        0.124     8.705 r  u_sccb_init/state[3]_i_8/O
                         net (fo=1, routed)           0.680     9.385    u_sccb_init/state[3]_i_8_n_0
    SLICE_X8Y71          LUT6 (Prop_lut6_I0_O)        0.124     9.509 f  u_sccb_init/state[3]_i_4/O
                         net (fo=4, routed)           0.911    10.420    u_sccb_init/state[3]_i_4_n_0
    SLICE_X4Y70          LUT2 (Prop_lut2_I1_O)        0.124    10.544 r  u_sccb_init/byte_idx[1]_i_4/O
                         net (fo=3, routed)           0.325    10.869    u_sccb_init/byte_idx[1]_i_4_n_0
    SLICE_X6Y70          LUT5 (Prop_lut5_I2_O)        0.124    10.993 r  u_sccb_init/reg_data[7]_i_1/O
                         net (fo=16, routed)          0.580    11.573    u_sccb_init/reg_data[7]_i_1_n_0
    SLICE_X9Y71          FDRE                                         r  u_sccb_init/reg_data_reg[5]/CE
  -------------------------------------------------------------------    -------------------

                         (clock sys_clk rise edge)   10.000    10.000 r  
    W5                                                0.000    10.000 r  CLK100MHZ (IN)
                         net (fo=0)                   0.000    10.000    CLK100MHZ
    W5                   IBUF (Prop_ibuf_I_O)         1.388    11.388 r  CLK100MHZ_IBUF_inst/O
                         net (fo=1, routed)           1.862    13.250    CLK100MHZ_IBUF
    BUFGCTRL_X0Y1        BUFG (Prop_bufg_I_O)         0.091    13.341 r  CLK100MHZ_IBUF_BUFG_inst/O
                         net (fo=87, routed)          1.428    14.769    u_sccb_init/CLK100MHZ_IBUF_BUFG
    SLICE_X9Y71          FDRE                                         r  u_sccb_init/reg_data_reg[5]/C
                         clock pessimism              0.272    15.041    
                         clock uncertainty           -0.035    15.006    
    SLICE_X9Y71          FDRE (Setup_fdre_C_CE)      -0.205    14.801    u_sccb_init/reg_data_reg[5]
  -------------------------------------------------------------------
                         required time                         14.801    
                         arrival time                         -11.573    
  -------------------------------------------------------------------
                         slack                                  3.228    

Slack (MET) :             3.253ns  (required time - arrival time)
  Source:                 u_sccb_init/lut_idx_reg_rep/CLKARDCLK
                            (rising edge-triggered cell RAMB18E1 clocked by sys_clk  {rise@0.000ns fall@5.000ns period=10.000ns})
  Destination:            u_sccb_init/reg_data_reg[1]/CE
                            (rising edge-triggered cell FDRE clocked by sys_clk  {rise@0.000ns fall@5.000ns period=10.000ns})
  Path Group:             sys_clk
  Path Type:              Setup (Max at Slow Process Corner)
  Requirement:            10.000ns  (sys_clk rise@10.000ns - sys_clk rise@0.000ns)
  Data Path Delay:        6.481ns  (logic 2.950ns (45.515%)  route 3.531ns (54.485%))
  Logic Levels:           4  (LUT2=1 LUT4=1 LUT5=1 LUT6=1)
  Clock Path Skew:        -0.061ns (DCD - SCD + CPR)
    Destination Clock Delay (DCD):    4.769ns = ( 14.769 - 10.000 ) 
    Source Clock Delay      (SCD):    5.102ns
    Clock Pessimism Removal (CPR):    0.272ns
  Clock Uncertainty:      0.035ns  ((TSJ^2 + TIJ^2)^1/2 + DJ) / 2 + PE
    Total System Jitter     (TSJ):    0.071ns
    Total Input Jitter      (TIJ):    0.000ns
    Discrete Jitter          (DJ):    0.000ns
    Phase Error              (PE):    0.000ns

    Location             Delay type                Incr(ns)  Path(ns)    Netlist Resource(s)
  -------------------------------------------------------------------    -------------------
                         (clock sys_clk rise edge)    0.000     0.000 r  
    W5                                                0.000     0.000 r  CLK100MHZ (IN)
                         net (fo=0)                   0.000     0.000    CLK100MHZ
    W5                   IBUF (Prop_ibuf_I_O)         1.458     1.458 r  CLK100MHZ_IBUF_inst/O
                         net (fo=1, routed)           1.967     3.425    CLK100MHZ_IBUF
    BUFGCTRL_X0Y1        BUFG (Prop_bufg_I_O)         0.096     3.521 r  CLK100MHZ_IBUF_BUFG_inst/O
                         net (fo=87, routed)          1.581     5.102    u_sccb_init/CLK100MHZ_IBUF_BUFG
    RAMB18_X0Y28         RAMB18E1                                     r  u_sccb_init/lut_idx_reg_rep/CLKARDCLK
  -------------------------------------------------------------------    -------------------
    RAMB18_X0Y28         RAMB18E1 (Prop_ramb18e1_CLKARDCLK_DOADO[0])
                                                      2.454     7.556 f  u_sccb_init/lut_idx_reg_rep/DOADO[0]
                         net (fo=2, routed)           1.025     8.581    u_sccb_init/lut_idx_reg_rep_n_15
    SLICE_X8Y71          LUT4 (Prop_lut4_I1_O)        0.124     8.705 r  u_sccb_init/state[3]_i_8/O
                         net (fo=1, routed)           0.680     9.385    u_sccb_init/state[3]_i_8_n_0
    SLICE_X8Y71          LUT6 (Prop_lut6_I0_O)        0.124     9.509 f  u_sccb_init/state[3]_i_4/O
                         net (fo=4, routed)           0.911    10.420    u_sccb_init/state[3]_i_4_n_0
    SLICE_X4Y70          LUT2 (Prop_lut2_I1_O)        0.124    10.544 r  u_sccb_init/byte_idx[1]_i_4/O
                         net (fo=3, routed)           0.325    10.869    u_sccb_init/byte_idx[1]_i_4_n_0
    SLICE_X6Y70          LUT5 (Prop_lut5_I2_O)        0.124    10.993 r  u_sccb_init/reg_data[7]_i_1/O
                         net (fo=16, routed)          0.591    11.584    u_sccb_init/reg_data[7]_i_1_n_0
    SLICE_X8Y71          FDRE                                         r  u_sccb_init/reg_data_reg[1]/CE
  -------------------------------------------------------------------    -------------------

                         (clock sys_clk rise edge)   10.000    10.000 r  
    W5                                                0.000    10.000 r  CLK100MHZ (IN)
                         net (fo=0)                   0.000    10.000    CLK100MHZ
    W5                   IBUF (Prop_ibuf_I_O)         1.388    11.388 r  CLK100MHZ_IBUF_inst/O
                         net (fo=1, routed)           1.862    13.250    CLK100MHZ_IBUF
    BUFGCTRL_X0Y1        BUFG (Prop_bufg_I_O)         0.091    13.341 r  CLK100MHZ_IBUF_BUFG_inst/O
                         net (fo=87, routed)          1.428    14.769    u_sccb_init/CLK100MHZ_IBUF_BUFG
    SLICE_X8Y71          FDRE                                         r  u_sccb_init/reg_data_reg[1]/C
                         clock pessimism              0.272    15.041    
                         clock uncertainty           -0.035    15.006    
    SLICE_X8Y71          FDRE (Setup_fdre_C_CE)      -0.169    14.837    u_sccb_init/reg_data_reg[1]
  -------------------------------------------------------------------
                         required time                         14.837    
                         arrival time                         -11.584    
  -------------------------------------------------------------------
                         slack                                  3.253    

Slack (MET) :             3.253ns  (required time - arrival time)
  Source:                 u_sccb_init/lut_idx_reg_rep/CLKARDCLK
                            (rising edge-triggered cell RAMB18E1 clocked by sys_clk  {rise@0.000ns fall@5.000ns period=10.000ns})
  Destination:            u_sccb_init/reg_data_reg[3]/CE
                            (rising edge-triggered cell FDRE clocked by sys_clk  {rise@0.000ns fall@5.000ns period=10.000ns})
  Path Group:             sys_clk
  Path Type:              Setup (Max at Slow Process Corner)
  Requirement:            10.000ns  (sys_clk rise@10.000ns - sys_clk rise@0.000ns)
  Data Path Delay:        6.481ns  (logic 2.950ns (45.515%)  route 3.531ns (54.485%))
  Logic Levels:           4  (LUT2=1 LUT4=1 LUT5=1 LUT6=1)
  Clock Path Skew:        -0.061ns (DCD - SCD + CPR)
    Destination Clock Delay (DCD):    4.769ns = ( 14.769 - 10.000 ) 
    Source Clock Delay      (SCD):    5.102ns
    Clock Pessimism Removal (CPR):    0.272ns
  Clock Uncertainty:      0.035ns  ((TSJ^2 + TIJ^2)^1/2 + DJ) / 2 + PE
    Total System Jitter     (TSJ):    0.071ns
    Total Input Jitter      (TIJ):    0.000ns
    Discrete Jitter          (DJ):    0.000ns
    Phase Error              (PE):    0.000ns

    Location             Delay type                Incr(ns)  Path(ns)    Netlist Resource(s)
  -------------------------------------------------------------------    -------------------
                         (clock sys_clk rise edge)    0.000     0.000 r  
    W5                                                0.000     0.000 r  CLK100MHZ (IN)
                         net (fo=0)                   0.000     0.000    CLK100MHZ
    W5                   IBUF (Prop_ibuf_I_O)         1.458     1.458 r  CLK100MHZ_IBUF_inst/O
                         net (fo=1, routed)           1.967     3.425    CLK100MHZ_IBUF
    BUFGCTRL_X0Y1        BUFG (Prop_bufg_I_O)         0.096     3.521 r  CLK100MHZ_IBUF_BUFG_inst/O
                         net (fo=87, routed)          1.581     5.102    u_sccb_init/CLK100MHZ_IBUF_BUFG
    RAMB18_X0Y28         RAMB18E1                                     r  u_sccb_init/lut_idx_reg_rep/CLKARDCLK
  -------------------------------------------------------------------    -------------------
    RAMB18_X0Y28         RAMB18E1 (Prop_ramb18e1_CLKARDCLK_DOADO[0])
                                                      2.454     7.556 f  u_sccb_init/lut_idx_reg_rep/DOADO[0]
                         net (fo=2, routed)           1.025     8.581    u_sccb_init/lut_idx_reg_rep_n_15
    SLICE_X8Y71          LUT4 (Prop_lut4_I1_O)        0.124     8.705 r  u_sccb_init/state[3]_i_8/O
                         net (fo=1, routed)           0.680     9.385    u_sccb_init/state[3]_i_8_n_0
    SLICE_X8Y71          LUT6 (Prop_lut6_I0_O)        0.124     9.509 f  u_sccb_init/state[3]_i_4/O
                         net (fo=4, routed)           0.911    10.420    u_sccb_init/state[3]_i_4_n_0
    SLICE_X4Y70          LUT2 (Prop_lut2_I1_O)        0.124    10.544 r  u_sccb_init/byte_idx[1]_i_4/O
                         net (fo=3, routed)           0.325    10.869    u_sccb_init/byte_idx[1]_i_4_n_0
    SLICE_X6Y70          LUT5 (Prop_lut5_I2_O)        0.124    10.993 r  u_sccb_init/reg_data[7]_i_1/O
                         net (fo=16, routed)          0.591    11.584    u_sccb_init/reg_data[7]_i_1_n_0
    SLICE_X8Y71          FDRE                                         r  u_sccb_init/reg_data_reg[3]/CE
  -------------------------------------------------------------------    -------------------

                         (clock sys_clk rise edge)   10.000    10.000 r  
    W5                                                0.000    10.000 r  CLK100MHZ (IN)
                         net (fo=0)                   0.000    10.000    CLK100MHZ
    W5                   IBUF (Prop_ibuf_I_O)         1.388    11.388 r  CLK100MHZ_IBUF_inst/O
                         net (fo=1, routed)           1.862    13.250    CLK100MHZ_IBUF
    BUFGCTRL_X0Y1        BUFG (Prop_bufg_I_O)         0.091    13.341 r  CLK100MHZ_IBUF_BUFG_inst/O
                         net (fo=87, routed)          1.428    14.769    u_sccb_init/CLK100MHZ_IBUF_BUFG
    SLICE_X8Y71          FDRE                                         r  u_sccb_init/reg_data_reg[3]/C
                         clock pessimism              0.272    15.041    
                         clock uncertainty           -0.035    15.006    
    SLICE_X8Y71          FDRE (Setup_fdre_C_CE)      -0.169    14.837    u_sccb_init/reg_data_reg[3]
  -------------------------------------------------------------------
                         required time                         14.837    
                         arrival time                         -11.584    
  -------------------------------------------------------------------
                         slack                                  3.253    

Slack (MET) :             3.253ns  (required time - arrival time)
  Source:                 u_sccb_init/lut_idx_reg_rep/CLKARDCLK
                            (rising edge-triggered cell RAMB18E1 clocked by sys_clk  {rise@0.000ns fall@5.000ns period=10.000ns})
  Destination:            u_sccb_init/reg_data_reg[4]/CE
                            (rising edge-triggered cell FDRE clocked by sys_clk  {rise@0.000ns fall@5.000ns period=10.000ns})
  Path Group:             sys_clk
  Path Type:              Setup (Max at Slow Process Corner)
  Requirement:            10.000ns  (sys_clk rise@10.000ns - sys_clk rise@0.000ns)
  Data Path Delay:        6.481ns  (logic 2.950ns (45.515%)  route 3.531ns (54.485%))
  Logic Levels:           4  (LUT2=1 LUT4=1 LUT5=1 LUT6=1)
  Clock Path Skew:        -0.061ns (DCD - SCD + CPR)
    Destination Clock Delay (DCD):    4.769ns = ( 14.769 - 10.000 ) 
    Source Clock Delay      (SCD):    5.102ns
    Clock Pessimism Removal (CPR):    0.272ns
  Clock Uncertainty:      0.035ns  ((TSJ^2 + TIJ^2)^1/2 + DJ) / 2 + PE
    Total System Jitter     (TSJ):    0.071ns
    Total Input Jitter      (TIJ):    0.000ns
    Discrete Jitter          (DJ):    0.000ns
    Phase Error              (PE):    0.000ns

    Location             Delay type                Incr(ns)  Path(ns)    Netlist Resource(s)
  -------------------------------------------------------------------    -------------------
                         (clock sys_clk rise edge)    0.000     0.000 r  
    W5                                                0.000     0.000 r  CLK100MHZ (IN)
                         net (fo=0)                   0.000     0.000    CLK100MHZ
    W5                   IBUF (Prop_ibuf_I_O)         1.458     1.458 r  CLK100MHZ_IBUF_inst/O
                         net (fo=1, routed)           1.967     3.425    CLK100MHZ_IBUF
    BUFGCTRL_X0Y1        BUFG (Prop_bufg_I_O)         0.096     3.521 r  CLK100MHZ_IBUF_BUFG_inst/O
                         net (fo=87, routed)          1.581     5.102    u_sccb_init/CLK100MHZ_IBUF_BUFG
    RAMB18_X0Y28         RAMB18E1                                     r  u_sccb_init/lut_idx_reg_rep/CLKARDCLK
  -------------------------------------------------------------------    -------------------
    RAMB18_X0Y28         RAMB18E1 (Prop_ramb18e1_CLKARDCLK_DOADO[0])
                                                      2.454     7.556 f  u_sccb_init/lut_idx_reg_rep/DOADO[0]
                         net (fo=2, routed)           1.025     8.581    u_sccb_init/lut_idx_reg_rep_n_15
    SLICE_X8Y71          LUT4 (Prop_lut4_I1_O)        0.124     8.705 r  u_sccb_init/state[3]_i_8/O
                         net (fo=1, routed)           0.680     9.385    u_sccb_init/state[3]_i_8_n_0
    SLICE_X8Y71          LUT6 (Prop_lut6_I0_O)        0.124     9.509 f  u_sccb_init/state[3]_i_4/O
                         net (fo=4, routed)           0.911    10.420    u_sccb_init/state[3]_i_4_n_0
    SLICE_X4Y70          LUT2 (Prop_lut2_I1_O)        0.124    10.544 r  u_sccb_init/byte_idx[1]_i_4/O
                         net (fo=3, routed)           0.325    10.869    u_sccb_init/byte_idx[1]_i_4_n_0
    SLICE_X6Y70          LUT5 (Prop_lut5_I2_O)        0.124    10.993 r  u_sccb_init/reg_data[7]_i_1/O
                         net (fo=16, routed)          0.591    11.584    u_sccb_init/reg_data[7]_i_1_n_0
    SLICE_X8Y71          FDRE                                         r  u_sccb_init/reg_data_reg[4]/CE
  -------------------------------------------------------------------    -------------------

                         (clock sys_clk rise edge)   10.000    10.000 r  
    W5                                                0.000    10.000 r  CLK100MHZ (IN)
                         net (fo=0)                   0.000    10.000    CLK100MHZ
    W5                   IBUF (Prop_ibuf_I_O)         1.388    11.388 r  CLK100MHZ_IBUF_inst/O
                         net (fo=1, routed)           1.862    13.250    CLK100MHZ_IBUF
    BUFGCTRL_X0Y1        BUFG (Prop_bufg_I_O)         0.091    13.341 r  CLK100MHZ_IBUF_BUFG_inst/O
                         net (fo=87, routed)          1.428    14.769    u_sccb_init/CLK100MHZ_IBUF_BUFG
    SLICE_X8Y71          FDRE                                         r  u_sccb_init/reg_data_reg[4]/C
                         clock pessimism              0.272    15.041    
                         clock uncertainty           -0.035    15.006    
    SLICE_X8Y71          FDRE (Setup_fdre_C_CE)      -0.169    14.837    u_sccb_init/reg_data_reg[4]
  -------------------------------------------------------------------
                         required time                         14.837    
                         arrival time                         -11.584    
  -------------------------------------------------------------------
                         slack                                  3.253    

Slack (MET) :             3.253ns  (required time - arrival time)
  Source:                 u_sccb_init/lut_idx_reg_rep/CLKARDCLK
                            (rising edge-triggered cell RAMB18E1 clocked by sys_clk  {rise@0.000ns fall@5.000ns period=10.000ns})
  Destination:            u_sccb_init/reg_data_reg[6]/CE
                            (rising edge-triggered cell FDRE clocked by sys_clk  {rise@0.000ns fall@5.000ns period=10.000ns})
  Path Group:             sys_clk
  Path Type:              Setup (Max at Slow Process Corner)
  Requirement:            10.000ns  (sys_clk rise@10.000ns - sys_clk rise@0.000ns)
  Data Path Delay:        6.481ns  (logic 2.950ns (45.515%)  route 3.531ns (54.485%))
  Logic Levels:           4  (LUT2=1 LUT4=1 LUT5=1 LUT6=1)
  Clock Path Skew:        -0.061ns (DCD - SCD + CPR)
    Destination Clock Delay (DCD):    4.769ns = ( 14.769 - 10.000 ) 
    Source Clock Delay      (SCD):    5.102ns
    Clock Pessimism Removal (CPR):    0.272ns
  Clock Uncertainty:      0.035ns  ((TSJ^2 + TIJ^2)^1/2 + DJ) / 2 + PE
    Total System Jitter     (TSJ):    0.071ns
    Total Input Jitter      (TIJ):    0.000ns
    Discrete Jitter          (DJ):    0.000ns
    Phase Error              (PE):    0.000ns

    Location             Delay type                Incr(ns)  Path(ns)    Netlist Resource(s)
  -------------------------------------------------------------------    -------------------
                         (clock sys_clk rise edge)    0.000     0.000 r  
    W5                                                0.000     0.000 r  CLK100MHZ (IN)
                         net (fo=0)                   0.000     0.000    CLK100MHZ
    W5                   IBUF (Prop_ibuf_I_O)         1.458     1.458 r  CLK100MHZ_IBUF_inst/O
                         net (fo=1, routed)           1.967     3.425    CLK100MHZ_IBUF
    BUFGCTRL_X0Y1        BUFG (Prop_bufg_I_O)         0.096     3.521 r  CLK100MHZ_IBUF_BUFG_inst/O
                         net (fo=87, routed)          1.581     5.102    u_sccb_init/CLK100MHZ_IBUF_BUFG
    RAMB18_X0Y28         RAMB18E1                                     r  u_sccb_init/lut_idx_reg_rep/CLKARDCLK
  -------------------------------------------------------------------    -------------------
    RAMB18_X0Y28         RAMB18E1 (Prop_ramb18e1_CLKARDCLK_DOADO[0])
                                                      2.454     7.556 f  u_sccb_init/lut_idx_reg_rep/DOADO[0]
                         net (fo=2, routed)           1.025     8.581    u_sccb_init/lut_idx_reg_rep_n_15
    SLICE_X8Y71          LUT4 (Prop_lut4_I1_O)        0.124     8.705 r  u_sccb_init/state[3]_i_8/O
                         net (fo=1, routed)           0.680     9.385    u_sccb_init/state[3]_i_8_n_0
    SLICE_X8Y71          LUT6 (Prop_lut6_I0_O)        0.124     9.509 f  u_sccb_init/state[3]_i_4/O
                         net (fo=4, routed)           0.911    10.420    u_sccb_init/state[3]_i_4_n_0
    SLICE_X4Y70          LUT2 (Prop_lut2_I1_O)        0.124    10.544 r  u_sccb_init/byte_idx[1]_i_4/O
                         net (fo=3, routed)           0.325    10.869    u_sccb_init/byte_idx[1]_i_4_n_0
    SLICE_X6Y70          LUT5 (Prop_lut5_I2_O)        0.124    10.993 r  u_sccb_init/reg_data[7]_i_1/O
                         net (fo=16, routed)          0.591    11.584    u_sccb_init/reg_data[7]_i_1_n_0
    SLICE_X8Y71          FDRE                                         r  u_sccb_init/reg_data_reg[6]/CE
  -------------------------------------------------------------------    -------------------

                         (clock sys_clk rise edge)   10.000    10.000 r  
    W5                                                0.000    10.000 r  CLK100MHZ (IN)
                         net (fo=0)                   0.000    10.000    CLK100MHZ
    W5                   IBUF (Prop_ibuf_I_O)         1.388    11.388 r  CLK100MHZ_IBUF_inst/O
                         net (fo=1, routed)           1.862    13.250    CLK100MHZ_IBUF
    BUFGCTRL_X0Y1        BUFG (Prop_bufg_I_O)         0.091    13.341 r  CLK100MHZ_IBUF_BUFG_inst/O
                         net (fo=87, routed)          1.428    14.769    u_sccb_init/CLK100MHZ_IBUF_BUFG
    SLICE_X8Y71          FDRE                                         r  u_sccb_init/reg_data_reg[6]/C
                         clock pessimism              0.272    15.041    
                         clock uncertainty           -0.035    15.006    
    SLICE_X8Y71          FDRE (Setup_fdre_C_CE)      -0.169    14.837    u_sccb_init/reg_data_reg[6]
  -------------------------------------------------------------------
                         required time                         14.837    
                         arrival time                         -11.584    
  -------------------------------------------------------------------
                         slack                                  3.253    





Min Delay Paths
--------------------------------------------------------------------------------------
Slack (MET) :             0.118ns  (arrival time - required time)
  Source:                 u_sccb_init/reg_addr_reg[1]/C
                            (rising edge-triggered cell FDRE clocked by sys_clk  {rise@0.000ns fall@5.000ns period=10.000ns})
  Destination:            u_sccb_init/tx_byte_reg[1]/D
                            (rising edge-triggered cell FDSE clocked by sys_clk  {rise@0.000ns fall@5.000ns period=10.000ns})
  Path Group:             sys_clk
  Path Type:              Hold (Min at Fast Process Corner)
  Requirement:            0.000ns  (sys_clk rise@0.000ns - sys_clk rise@0.000ns)
  Data Path Delay:        0.252ns  (logic 0.186ns (73.740%)  route 0.066ns (26.260%))
  Logic Levels:           1  (LUT5=1)
  Clock Path Skew:        0.013ns (DCD - SCD - CPR)
    Destination Clock Delay (DCD):    1.977ns
    Source Clock Delay      (SCD):    1.464ns
    Clock Pessimism Removal (CPR):    0.500ns

    Location             Delay type                Incr(ns)  Path(ns)    Netlist Resource(s)
  -------------------------------------------------------------------    -------------------
                         (clock sys_clk rise edge)    0.000     0.000 r  
    W5                                                0.000     0.000 r  CLK100MHZ (IN)
                         net (fo=0)                   0.000     0.000    CLK100MHZ
    W5                   IBUF (Prop_ibuf_I_O)         0.226     0.226 r  CLK100MHZ_IBUF_inst/O
                         net (fo=1, routed)           0.631     0.858    CLK100MHZ_IBUF
    BUFGCTRL_X0Y1        BUFG (Prop_bufg_I_O)         0.026     0.884 r  CLK100MHZ_IBUF_BUFG_inst/O
                         net (fo=87, routed)          0.581     1.464    u_sccb_init/CLK100MHZ_IBUF_BUFG
    SLICE_X7Y71          FDRE                                         r  u_sccb_init/reg_addr_reg[1]/C
  -------------------------------------------------------------------    -------------------
    SLICE_X7Y71          FDRE (Prop_fdre_C_Q)         0.141     1.605 r  u_sccb_init/reg_addr_reg[1]/Q
                         net (fo=2, routed)           0.066     1.671    u_sccb_init/reg_addr_reg_n_0_[1]
    SLICE_X6Y71          LUT5 (Prop_lut5_I3_O)        0.045     1.716 r  u_sccb_init/tx_byte[1]_i_1/O
                         net (fo=1, routed)           0.000     1.716    u_sccb_init/tx_byte[1]_i_1_n_0
    SLICE_X6Y71          FDSE                                         r  u_sccb_init/tx_byte_reg[1]/D
  -------------------------------------------------------------------    -------------------

                         (clock sys_clk rise edge)    0.000     0.000 r  
    W5                                                0.000     0.000 r  CLK100MHZ (IN)
                         net (fo=0)                   0.000     0.000    CLK100MHZ
    W5                   IBUF (Prop_ibuf_I_O)         0.414     0.414 r  CLK100MHZ_IBUF_inst/O
                         net (fo=1, routed)           0.685     1.099    CLK100MHZ_IBUF
    BUFGCTRL_X0Y1        BUFG (Prop_bufg_I_O)         0.029     1.128 r  CLK100MHZ_IBUF_BUFG_inst/O
                         net (fo=87, routed)          0.850     1.977    u_sccb_init/CLK100MHZ_IBUF_BUFG
    SLICE_X6Y71          FDSE                                         r  u_sccb_init/tx_byte_reg[1]/C
                         clock pessimism             -0.500     1.477    
    SLICE_X6Y71          FDSE (Hold_fdse_C_D)         0.121     1.598    u_sccb_init/tx_byte_reg[1]
  -------------------------------------------------------------------
                         required time                         -1.598    
                         arrival time                           1.716    
  -------------------------------------------------------------------
                         slack                                  0.118    

Slack (MET) :             0.199ns  (arrival time - required time)
  Source:                 u_sccb_init/reg_addr_reg[0]/C
                            (rising edge-triggered cell FDRE clocked by sys_clk  {rise@0.000ns fall@5.000ns period=10.000ns})
  Destination:            u_sccb_init/tx_byte_reg[0]/D
                            (rising edge-triggered cell FDRE clocked by sys_clk  {rise@0.000ns fall@5.000ns period=10.000ns})
  Path Group:             sys_clk
  Path Type:              Hold (Min at Fast Process Corner)
  Requirement:            0.000ns  (sys_clk rise@0.000ns - sys_clk rise@0.000ns)
  Data Path Delay:        0.345ns  (logic 0.189ns (54.739%)  route 0.156ns (45.261%))
  Logic Levels:           1  (LUT5=1)
  Clock Path Skew:        0.015ns (DCD - SCD - CPR)
    Destination Clock Delay (DCD):    1.978ns
    Source Clock Delay      (SCD):    1.464ns
    Clock Pessimism Removal (CPR):    0.499ns

    Location             Delay type                Incr(ns)  Path(ns)    Netlist Resource(s)
  -------------------------------------------------------------------    -------------------
                         (clock sys_clk rise edge)    0.000     0.000 r  
    W5                                                0.000     0.000 r  CLK100MHZ (IN)
                         net (fo=0)                   0.000     0.000    CLK100MHZ
    W5                   IBUF (Prop_ibuf_I_O)         0.226     0.226 r  CLK100MHZ_IBUF_inst/O
                         net (fo=1, routed)           0.631     0.858    CLK100MHZ_IBUF
    BUFGCTRL_X0Y1        BUFG (Prop_bufg_I_O)         0.026     0.884 r  CLK100MHZ_IBUF_BUFG_inst/O
                         net (fo=87, routed)          0.581     1.464    u_sccb_init/CLK100MHZ_IBUF_BUFG
    SLICE_X7Y71          FDRE                                         r  u_sccb_init/reg_addr_reg[0]/C
  -------------------------------------------------------------------    -------------------
    SLICE_X7Y71          FDRE (Prop_fdre_C_Q)         0.141     1.605 r  u_sccb_init/reg_addr_reg[0]/Q
                         net (fo=2, routed)           0.156     1.762    u_sccb_init/reg_addr_reg_n_0_[0]
    SLICE_X6Y70          LUT5 (Prop_lut5_I0_O)        0.048     1.810 r  u_sccb_init/tx_byte[0]_i_1/O
                         net (fo=1, routed)           0.000     1.810    u_sccb_init/tx_byte[0]_i_1_n_0
    SLICE_X6Y70          FDRE                                         r  u_sccb_init/tx_byte_reg[0]/D
  -------------------------------------------------------------------    -------------------

                         (clock sys_clk rise edge)    0.000     0.000 r  
    W5                                                0.000     0.000 r  CLK100MHZ (IN)
                         net (fo=0)                   0.000     0.000    CLK100MHZ
    W5                   IBUF (Prop_ibuf_I_O)         0.414     0.414 r  CLK100MHZ_IBUF_inst/O
                         net (fo=1, routed)           0.685     1.099    CLK100MHZ_IBUF
    BUFGCTRL_X0Y1        BUFG (Prop_bufg_I_O)         0.029     1.128 r  CLK100MHZ_IBUF_BUFG_inst/O
                         net (fo=87, routed)          0.850     1.978    u_sccb_init/CLK100MHZ_IBUF_BUFG
    SLICE_X6Y70          FDRE                                         r  u_sccb_init/tx_byte_reg[0]/C
                         clock pessimism             -0.499     1.479    
    SLICE_X6Y70          FDRE (Hold_fdre_C_D)         0.131     1.610    u_sccb_init/tx_byte_reg[0]
  -------------------------------------------------------------------
                         required time                         -1.610    
                         arrival time                           1.810    
  -------------------------------------------------------------------
                         slack                                  0.199    

Slack (MET) :             0.216ns  (arrival time - required time)
  Source:                 u_sccb_init/lut_idx_reg[5]/C
                            (rising edge-triggered cell FDRE clocked by sys_clk  {rise@0.000ns fall@5.000ns period=10.000ns})
  Destination:            u_sccb_init/lut_idx_reg[6]/D
                            (rising edge-triggered cell FDRE clocked by sys_clk  {rise@0.000ns fall@5.000ns period=10.000ns})
  Path Group:             sys_clk
  Path Type:              Hold (Min at Fast Process Corner)
  Requirement:            0.000ns  (sys_clk rise@0.000ns - sys_clk rise@0.000ns)
  Data Path Delay:        0.336ns  (logic 0.246ns (73.124%)  route 0.090ns (26.876%))
  Logic Levels:           1  (LUT3=1)
  Clock Path Skew:        0.000ns (DCD - SCD - CPR)
    Destination Clock Delay (DCD):    1.951ns
    Source Clock Delay      (SCD):    1.439ns
    Clock Pessimism Removal (CPR):    0.512ns

    Location             Delay type                Incr(ns)  Path(ns)    Netlist Resource(s)
  -------------------------------------------------------------------    -------------------
                         (clock sys_clk rise edge)    0.000     0.000 r  
    W5                                                0.000     0.000 r  CLK100MHZ (IN)
                         net (fo=0)                   0.000     0.000    CLK100MHZ
    W5                   IBUF (Prop_ibuf_I_O)         0.226     0.226 r  CLK100MHZ_IBUF_inst/O
                         net (fo=1, routed)           0.631     0.858    CLK100MHZ_IBUF
    BUFGCTRL_X0Y1        BUFG (Prop_bufg_I_O)         0.026     0.884 r  CLK100MHZ_IBUF_BUFG_inst/O
                         net (fo=87, routed)          0.556     1.439    u_sccb_init/CLK100MHZ_IBUF_BUFG
    SLICE_X8Y69          FDRE                                         r  u_sccb_init/lut_idx_reg[5]/C
  -------------------------------------------------------------------    -------------------
    SLICE_X8Y69          FDRE (Prop_fdre_C_Q)         0.148     1.587 r  u_sccb_init/lut_idx_reg[5]/Q
                         net (fo=3, routed)           0.090     1.678    u_sccb_init/lut_idx_reg[5]
    SLICE_X8Y69          LUT3 (Prop_lut3_I2_O)        0.098     1.776 r  u_sccb_init/lut_idx[6]_i_2/O
                         net (fo=1, routed)           0.000     1.776    u_sccb_init/lut_idx[6]_i_2_n_0
    SLICE_X8Y69          FDRE                                         r  u_sccb_init/lut_idx_reg[6]/D
  -------------------------------------------------------------------    -------------------

                         (clock sys_clk rise edge)    0.000     0.000 r  
    W5                                                0.000     0.000 r  CLK100MHZ (IN)
                         net (fo=0)                   0.000     0.000    CLK100MHZ
    W5                   IBUF (Prop_ibuf_I_O)         0.414     0.414 r  CLK100MHZ_IBUF_inst/O
                         net (fo=1, routed)           0.685     1.099    CLK100MHZ_IBUF
    BUFGCTRL_X0Y1        BUFG (Prop_bufg_I_O)         0.029     1.128 r  CLK100MHZ_IBUF_BUFG_inst/O
                         net (fo=87, routed)          0.823     1.951    u_sccb_init/CLK100MHZ_IBUF_BUFG
    SLICE_X8Y69          FDRE                                         r  u_sccb_init/lut_idx_reg[6]/C
                         clock pessimism             -0.512     1.439    
    SLICE_X8Y69          FDRE (Hold_fdre_C_D)         0.120     1.559    u_sccb_init/lut_idx_reg[6]
  -------------------------------------------------------------------
                         required time                         -1.559    
                         arrival time                           1.776    
  -------------------------------------------------------------------
                         slack                                  0.216    

Slack (MET) :             0.256ns  (arrival time - required time)
  Source:                 u_sccb_init/reg_data_reg[5]/C
                            (rising edge-triggered cell FDRE clocked by sys_clk  {rise@0.000ns fall@5.000ns period=10.000ns})
  Destination:            u_sccb_init/tx_byte_reg[5]/D
                            (rising edge-triggered cell FDRE clocked by sys_clk  {rise@0.000ns fall@5.000ns period=10.000ns})
  Path Group:             sys_clk
  Path Type:              Hold (Min at Fast Process Corner)
  Requirement:            0.000ns  (sys_clk rise@0.000ns - sys_clk rise@0.000ns)
  Data Path Delay:        0.438ns  (logic 0.186ns (42.507%)  route 0.252ns (57.493%))
  Logic Levels:           1  (LUT5=1)
  Clock Path Skew:        0.062ns (DCD - SCD - CPR)
    Destination Clock Delay (DCD):    1.977ns
    Source Clock Delay      (SCD):    1.437ns
    Clock Pessimism Removal (CPR):    0.478ns

    Location             Delay type                Incr(ns)  Path(ns)    Netlist Resource(s)
  -------------------------------------------------------------------    -------------------
                         (clock sys_clk rise edge)    0.000     0.000 r  
    W5                                                0.000     0.000 r  CLK100MHZ (IN)
                         net (fo=0)                   0.000     0.000    CLK100MHZ
    W5                   IBUF (Prop_ibuf_I_O)         0.226     0.226 r  CLK100MHZ_IBUF_inst/O
                         net (fo=1, routed)           0.631     0.858    CLK100MHZ_IBUF
    BUFGCTRL_X0Y1        BUFG (Prop_bufg_I_O)         0.026     0.884 r  CLK100MHZ_IBUF_BUFG_inst/O
                         net (fo=87, routed)          0.554     1.437    u_sccb_init/CLK100MHZ_IBUF_BUFG
    SLICE_X9Y71          FDRE                                         r  u_sccb_init/reg_data_reg[5]/C
  -------------------------------------------------------------------    -------------------
    SLICE_X9Y71          FDRE (Prop_fdre_C_Q)         0.141     1.578 r  u_sccb_init/reg_data_reg[5]/Q
                         net (fo=2, routed)           0.252     1.830    u_sccb_init/reg_data_reg_n_0_[5]
    SLICE_X6Y71          LUT5 (Prop_lut5_I2_O)        0.045     1.875 r  u_sccb_init/tx_byte[5]_i_1/O
                         net (fo=1, routed)           0.000     1.875    u_sccb_init/tx_byte[5]_i_1_n_0
    SLICE_X6Y71          FDRE                                         r  u_sccb_init/tx_byte_reg[5]/D
  -------------------------------------------------------------------    -------------------

                         (clock sys_clk rise edge)    0.000     0.000 r  
    W5                                                0.000     0.000 r  CLK100MHZ (IN)
                         net (fo=0)                   0.000     0.000    CLK100MHZ
    W5                   IBUF (Prop_ibuf_I_O)         0.414     0.414 r  CLK100MHZ_IBUF_inst/O
                         net (fo=1, routed)           0.685     1.099    CLK100MHZ_IBUF
    BUFGCTRL_X0Y1        BUFG (Prop_bufg_I_O)         0.029     1.128 r  CLK100MHZ_IBUF_BUFG_inst/O
                         net (fo=87, routed)          0.850     1.977    u_sccb_init/CLK100MHZ_IBUF_BUFG
    SLICE_X6Y71          FDRE                                         r  u_sccb_init/tx_byte_reg[5]/C
                         clock pessimism             -0.478     1.499    
    SLICE_X6Y71          FDRE (Hold_fdre_C_D)         0.120     1.619    u_sccb_init/tx_byte_reg[5]
  -------------------------------------------------------------------
                         required time                         -1.619    
                         arrival time                           1.875    
  -------------------------------------------------------------------
                         slack                                  0.256    

Slack (MET) :             0.261ns  (arrival time - required time)
  Source:                 u_sccb_init/lut_idx_reg[0]/C
                            (rising edge-triggered cell FDRE clocked by sys_clk  {rise@0.000ns fall@5.000ns period=10.000ns})
  Destination:            u_sccb_init/lut_idx_reg[3]/D
                            (rising edge-triggered cell FDRE clocked by sys_clk  {rise@0.000ns fall@5.000ns period=10.000ns})
  Path Group:             sys_clk
  Path Type:              Hold (Min at Fast Process Corner)
  Requirement:            0.000ns  (sys_clk rise@0.000ns - sys_clk rise@0.000ns)
  Data Path Delay:        0.404ns  (logic 0.189ns (46.774%)  route 0.215ns (53.226%))
  Logic Levels:           1  (LUT4=1)
  Clock Path Skew:        0.012ns (DCD - SCD - CPR)
    Destination Clock Delay (DCD):    1.948ns
    Source Clock Delay      (SCD):    1.438ns
    Clock Pessimism Removal (CPR):    0.498ns

    Location             Delay type                Incr(ns)  Path(ns)    Netlist Resource(s)
  -------------------------------------------------------------------    -------------------
                         (clock sys_clk rise edge)    0.000     0.000 r  
    W5                                                0.000     0.000 r  CLK100MHZ (IN)
                         net (fo=0)                   0.000     0.000    CLK100MHZ
    W5                   IBUF (Prop_ibuf_I_O)         0.226     0.226 r  CLK100MHZ_IBUF_inst/O
                         net (fo=1, routed)           0.631     0.858    CLK100MHZ_IBUF
    BUFGCTRL_X0Y1        BUFG (Prop_bufg_I_O)         0.026     0.884 r  CLK100MHZ_IBUF_BUFG_inst/O
                         net (fo=87, routed)          0.555     1.438    u_sccb_init/CLK100MHZ_IBUF_BUFG
    SLICE_X9Y70          FDRE                                         r  u_sccb_init/lut_idx_reg[0]/C
  -------------------------------------------------------------------    -------------------
    SLICE_X9Y70          FDRE (Prop_fdre_C_Q)         0.141     1.579 r  u_sccb_init/lut_idx_reg[0]/Q
                         net (fo=12, routed)          0.215     1.794    u_sccb_init/lut_idx_reg[0]
    SLICE_X8Y72          LUT4 (Prop_lut4_I1_O)        0.048     1.842 r  u_sccb_init/lut_idx[3]_i_1/O
                         net (fo=1, routed)           0.000     1.842    u_sccb_init/lut_idx[3]_i_1_n_0
    SLICE_X8Y72          FDRE                                         r  u_sccb_init/lut_idx_reg[3]/D
  -------------------------------------------------------------------    -------------------

                         (clock sys_clk rise edge)    0.000     0.000 r  
    W5                                                0.000     0.000 r  CLK100MHZ (IN)
                         net (fo=0)                   0.000     0.000    CLK100MHZ
    W5                   IBUF (Prop_ibuf_I_O)         0.414     0.414 r  CLK100MHZ_IBUF_inst/O
                         net (fo=1, routed)           0.685     1.099    CLK100MHZ_IBUF
    BUFGCTRL_X0Y1        BUFG (Prop_bufg_I_O)         0.029     1.128 r  CLK100MHZ_IBUF_BUFG_inst/O
                         net (fo=87, routed)          0.820     1.948    u_sccb_init/CLK100MHZ_IBUF_BUFG
    SLICE_X8Y72          FDRE                                         r  u_sccb_init/lut_idx_reg[3]/C
                         clock pessimism             -0.498     1.450    
    SLICE_X8Y72          FDRE (Hold_fdre_C_D)         0.131     1.581    u_sccb_init/lut_idx_reg[3]
  -------------------------------------------------------------------
                         required time                         -1.581    
                         arrival time                           1.842    
  -------------------------------------------------------------------
                         slack                                  0.261    

Slack (MET) :             0.261ns  (arrival time - required time)
  Source:                 u_sccb_init/clk_div_reg[11]/C
                            (rising edge-triggered cell FDRE clocked by sys_clk  {rise@0.000ns fall@5.000ns period=10.000ns})
  Destination:            u_sccb_init/clk_div_reg[11]/D
                            (rising edge-triggered cell FDRE clocked by sys_clk  {rise@0.000ns fall@5.000ns period=10.000ns})
  Path Group:             sys_clk
  Path Type:              Hold (Min at Fast Process Corner)
  Requirement:            0.000ns  (sys_clk rise@0.000ns - sys_clk rise@0.000ns)
  Data Path Delay:        0.366ns  (logic 0.249ns (67.994%)  route 0.117ns (32.006%))
  Logic Levels:           1  (CARRY4=1)
  Clock Path Skew:        0.000ns (DCD - SCD - CPR)
    Destination Clock Delay (DCD):    1.957ns
    Source Clock Delay      (SCD):    1.443ns
    Clock Pessimism Removal (CPR):    0.514ns

    Location             Delay type                Incr(ns)  Path(ns)    Netlist Resource(s)
  -------------------------------------------------------------------    -------------------
                         (clock sys_clk rise edge)    0.000     0.000 r  
    W5                                                0.000     0.000 r  CLK100MHZ (IN)
                         net (fo=0)                   0.000     0.000    CLK100MHZ
    W5                   IBUF (Prop_ibuf_I_O)         0.226     0.226 r  CLK100MHZ_IBUF_inst/O
                         net (fo=1, routed)           0.631     0.858    CLK100MHZ_IBUF
    BUFGCTRL_X0Y1        BUFG (Prop_bufg_I_O)         0.026     0.884 r  CLK100MHZ_IBUF_BUFG_inst/O
                         net (fo=87, routed)          0.560     1.443    u_sccb_init/CLK100MHZ_IBUF_BUFG
    SLICE_X29Y57         FDRE                                         r  u_sccb_init/clk_div_reg[11]/C
  -------------------------------------------------------------------    -------------------
    SLICE_X29Y57         FDRE (Prop_fdre_C_Q)         0.141     1.584 r  u_sccb_init/clk_div_reg[11]/Q
                         net (fo=2, routed)           0.117     1.701    u_sccb_init/clk_div_reg[11]
    SLICE_X29Y57         CARRY4 (Prop_carry4_S[3]_O[3])
                                                      0.108     1.809 r  u_sccb_init/clk_div_reg[8]_i_1/O[3]
                         net (fo=1, routed)           0.000     1.809    u_sccb_init/clk_div_reg[8]_i_1_n_4
    SLICE_X29Y57         FDRE                                         r  u_sccb_init/clk_div_reg[11]/D
  -------------------------------------------------------------------    -------------------

                         (clock sys_clk rise edge)    0.000     0.000 r  
    W5                                                0.000     0.000 r  CLK100MHZ (IN)
                         net (fo=0)                   0.000     0.000    CLK100MHZ
    W5                   IBUF (Prop_ibuf_I_O)         0.414     0.414 r  CLK100MHZ_IBUF_inst/O
                         net (fo=1, routed)           0.685     1.099    CLK100MHZ_IBUF
    BUFGCTRL_X0Y1        BUFG (Prop_bufg_I_O)         0.029     1.128 r  CLK100MHZ_IBUF_BUFG_inst/O
                         net (fo=87, routed)          0.830     1.957    u_sccb_init/CLK100MHZ_IBUF_BUFG
    SLICE_X29Y57         FDRE                                         r  u_sccb_init/clk_div_reg[11]/C
                         clock pessimism             -0.514     1.443    
    SLICE_X29Y57         FDRE (Hold_fdre_C_D)         0.105     1.548    u_sccb_init/clk_div_reg[11]
  -------------------------------------------------------------------
                         required time                         -1.548    
                         arrival time                           1.809    
  -------------------------------------------------------------------
                         slack                                  0.261    

Slack (MET) :             0.262ns  (arrival time - required time)
  Source:                 u_sccb_init/clk_div_reg[15]/C
                            (rising edge-triggered cell FDRE clocked by sys_clk  {rise@0.000ns fall@5.000ns period=10.000ns})
  Destination:            u_sccb_init/clk_div_reg[15]/D
                            (rising edge-triggered cell FDRE clocked by sys_clk  {rise@0.000ns fall@5.000ns period=10.000ns})
  Path Group:             sys_clk
  Path Type:              Hold (Min at Fast Process Corner)
  Requirement:            0.000ns  (sys_clk rise@0.000ns - sys_clk rise@0.000ns)
  Data Path Delay:        0.367ns  (logic 0.249ns (67.829%)  route 0.118ns (32.171%))
  Logic Levels:           1  (CARRY4=1)
  Clock Path Skew:        0.000ns (DCD - SCD - CPR)
    Destination Clock Delay (DCD):    1.957ns
    Source Clock Delay      (SCD):    1.443ns
    Clock Pessimism Removal (CPR):    0.514ns

    Location             Delay type                Incr(ns)  Path(ns)    Netlist Resource(s)
  -------------------------------------------------------------------    -------------------
                         (clock sys_clk rise edge)    0.000     0.000 r  
    W5                                                0.000     0.000 r  CLK100MHZ (IN)
                         net (fo=0)                   0.000     0.000    CLK100MHZ
    W5                   IBUF (Prop_ibuf_I_O)         0.226     0.226 r  CLK100MHZ_IBUF_inst/O
                         net (fo=1, routed)           0.631     0.858    CLK100MHZ_IBUF
    BUFGCTRL_X0Y1        BUFG (Prop_bufg_I_O)         0.026     0.884 r  CLK100MHZ_IBUF_BUFG_inst/O
                         net (fo=87, routed)          0.560     1.443    u_sccb_init/CLK100MHZ_IBUF_BUFG
    SLICE_X29Y58         FDRE                                         r  u_sccb_init/clk_div_reg[15]/C
  -------------------------------------------------------------------    -------------------
    SLICE_X29Y58         FDRE (Prop_fdre_C_Q)         0.141     1.584 r  u_sccb_init/clk_div_reg[15]/Q
                         net (fo=2, routed)           0.118     1.702    u_sccb_init/clk_div_reg[15]
    SLICE_X29Y58         CARRY4 (Prop_carry4_S[3]_O[3])
                                                      0.108     1.810 r  u_sccb_init/clk_div_reg[12]_i_1/O[3]
                         net (fo=1, routed)           0.000     1.810    u_sccb_init/clk_div_reg[12]_i_1_n_4
    SLICE_X29Y58         FDRE                                         r  u_sccb_init/clk_div_reg[15]/D
  -------------------------------------------------------------------    -------------------

                         (clock sys_clk rise edge)    0.000     0.000 r  
    W5                                                0.000     0.000 r  CLK100MHZ (IN)
                         net (fo=0)                   0.000     0.000    CLK100MHZ
    W5                   IBUF (Prop_ibuf_I_O)         0.414     0.414 r  CLK100MHZ_IBUF_inst/O
                         net (fo=1, routed)           0.685     1.099    CLK100MHZ_IBUF
    BUFGCTRL_X0Y1        BUFG (Prop_bufg_I_O)         0.029     1.128 r  CLK100MHZ_IBUF_BUFG_inst/O
                         net (fo=87, routed)          0.830     1.957    u_sccb_init/CLK100MHZ_IBUF_BUFG
    SLICE_X29Y58         FDRE                                         r  u_sccb_init/clk_div_reg[15]/C
                         clock pessimism             -0.514     1.443    
    SLICE_X29Y58         FDRE (Hold_fdre_C_D)         0.105     1.548    u_sccb_init/clk_div_reg[15]
  -------------------------------------------------------------------
                         required time                         -1.548    
                         arrival time                           1.810    
  -------------------------------------------------------------------
                         slack                                  0.262    

Slack (MET) :             0.263ns  (arrival time - required time)
  Source:                 u_sccb_init/reg_addr_reg[6]/C
                            (rising edge-triggered cell FDRE clocked by sys_clk  {rise@0.000ns fall@5.000ns period=10.000ns})
  Destination:            u_sccb_init/tx_byte_reg[6]/D
                            (rising edge-triggered cell FDSE clocked by sys_clk  {rise@0.000ns fall@5.000ns period=10.000ns})
  Path Group:             sys_clk
  Path Type:              Hold (Min at Fast Process Corner)
  Requirement:            0.000ns  (sys_clk rise@0.000ns - sys_clk rise@0.000ns)
  Data Path Delay:        0.397ns  (logic 0.186ns (46.868%)  route 0.211ns (53.132%))
  Logic Levels:           1  (LUT5=1)
  Clock Path Skew:        0.013ns (DCD - SCD - CPR)
    Destination Clock Delay (DCD):    1.977ns
    Source Clock Delay      (SCD):    1.464ns
    Clock Pessimism Removal (CPR):    0.500ns

    Location             Delay type                Incr(ns)  Path(ns)    Netlist Resource(s)
  -------------------------------------------------------------------    -------------------
                         (clock sys_clk rise edge)    0.000     0.000 r  
    W5                                                0.000     0.000 r  CLK100MHZ (IN)
                         net (fo=0)                   0.000     0.000    CLK100MHZ
    W5                   IBUF (Prop_ibuf_I_O)         0.226     0.226 r  CLK100MHZ_IBUF_inst/O
                         net (fo=1, routed)           0.631     0.858    CLK100MHZ_IBUF
    BUFGCTRL_X0Y1        BUFG (Prop_bufg_I_O)         0.026     0.884 r  CLK100MHZ_IBUF_BUFG_inst/O
                         net (fo=87, routed)          0.581     1.464    u_sccb_init/CLK100MHZ_IBUF_BUFG
    SLICE_X7Y71          FDRE                                         r  u_sccb_init/reg_addr_reg[6]/C
  -------------------------------------------------------------------    -------------------
    SLICE_X7Y71          FDRE (Prop_fdre_C_Q)         0.141     1.605 r  u_sccb_init/reg_addr_reg[6]/Q
                         net (fo=2, routed)           0.211     1.816    u_sccb_init/reg_addr_reg_n_0_[6]
    SLICE_X6Y71          LUT5 (Prop_lut5_I3_O)        0.045     1.861 r  u_sccb_init/tx_byte[6]_i_1/O
                         net (fo=1, routed)           0.000     1.861    u_sccb_init/tx_byte[6]_i_1_n_0
    SLICE_X6Y71          FDSE                                         r  u_sccb_init/tx_byte_reg[6]/D
  -------------------------------------------------------------------    -------------------

                         (clock sys_clk rise edge)    0.000     0.000 r  
    W5                                                0.000     0.000 r  CLK100MHZ (IN)
                         net (fo=0)                   0.000     0.000    CLK100MHZ
    W5                   IBUF (Prop_ibuf_I_O)         0.414     0.414 r  CLK100MHZ_IBUF_inst/O
                         net (fo=1, routed)           0.685     1.099    CLK100MHZ_IBUF
    BUFGCTRL_X0Y1        BUFG (Prop_bufg_I_O)         0.029     1.128 r  CLK100MHZ_IBUF_BUFG_inst/O
                         net (fo=87, routed)          0.850     1.977    u_sccb_init/CLK100MHZ_IBUF_BUFG
    SLICE_X6Y71          FDSE                                         r  u_sccb_init/tx_byte_reg[6]/C
                         clock pessimism             -0.500     1.477    
    SLICE_X6Y71          FDSE (Hold_fdse_C_D)         0.121     1.598    u_sccb_init/tx_byte_reg[6]
  -------------------------------------------------------------------
                         required time                         -1.598    
                         arrival time                           1.861    
  -------------------------------------------------------------------
                         slack                                  0.263    

Slack (MET) :             0.263ns  (arrival time - required time)
  Source:                 u_sccb_init/clk_div_reg[7]/C
                            (rising edge-triggered cell FDRE clocked by sys_clk  {rise@0.000ns fall@5.000ns period=10.000ns})
  Destination:            u_sccb_init/clk_div_reg[7]/D
                            (rising edge-triggered cell FDRE clocked by sys_clk  {rise@0.000ns fall@5.000ns period=10.000ns})
  Path Group:             sys_clk
  Path Type:              Hold (Min at Fast Process Corner)
  Requirement:            0.000ns  (sys_clk rise@0.000ns - sys_clk rise@0.000ns)
  Data Path Delay:        0.368ns  (logic 0.249ns (67.612%)  route 0.119ns (32.388%))
  Logic Levels:           1  (CARRY4=1)
  Clock Path Skew:        0.000ns (DCD - SCD - CPR)
    Destination Clock Delay (DCD):    1.958ns
    Source Clock Delay      (SCD):    1.444ns
    Clock Pessimism Removal (CPR):    0.514ns

    Location             Delay type                Incr(ns)  Path(ns)    Netlist Resource(s)
  -------------------------------------------------------------------    -------------------
                         (clock sys_clk rise edge)    0.000     0.000 r  
    W5                                                0.000     0.000 r  CLK100MHZ (IN)
                         net (fo=0)                   0.000     0.000    CLK100MHZ
    W5                   IBUF (Prop_ibuf_I_O)         0.226     0.226 r  CLK100MHZ_IBUF_inst/O
                         net (fo=1, routed)           0.631     0.858    CLK100MHZ_IBUF
    BUFGCTRL_X0Y1        BUFG (Prop_bufg_I_O)         0.026     0.884 r  CLK100MHZ_IBUF_BUFG_inst/O
                         net (fo=87, routed)          0.561     1.444    u_sccb_init/CLK100MHZ_IBUF_BUFG
    SLICE_X29Y56         FDRE                                         r  u_sccb_init/clk_div_reg[7]/C
  -------------------------------------------------------------------    -------------------
    SLICE_X29Y56         FDRE (Prop_fdre_C_Q)         0.141     1.585 r  u_sccb_init/clk_div_reg[7]/Q
                         net (fo=2, routed)           0.119     1.705    u_sccb_init/clk_div_reg[7]
    SLICE_X29Y56         CARRY4 (Prop_carry4_S[3]_O[3])
                                                      0.108     1.813 r  u_sccb_init/clk_div_reg[4]_i_1/O[3]
                         net (fo=1, routed)           0.000     1.813    u_sccb_init/clk_div_reg[4]_i_1_n_4
    SLICE_X29Y56         FDRE                                         r  u_sccb_init/clk_div_reg[7]/D
  -------------------------------------------------------------------    -------------------

                         (clock sys_clk rise edge)    0.000     0.000 r  
    W5                                                0.000     0.000 r  CLK100MHZ (IN)
                         net (fo=0)                   0.000     0.000    CLK100MHZ
    W5                   IBUF (Prop_ibuf_I_O)         0.414     0.414 r  CLK100MHZ_IBUF_inst/O
                         net (fo=1, routed)           0.685     1.099    CLK100MHZ_IBUF
    BUFGCTRL_X0Y1        BUFG (Prop_bufg_I_O)         0.029     1.128 r  CLK100MHZ_IBUF_BUFG_inst/O
                         net (fo=87, routed)          0.831     1.958    u_sccb_init/CLK100MHZ_IBUF_BUFG
    SLICE_X29Y56         FDRE                                         r  u_sccb_init/clk_div_reg[7]/C
                         clock pessimism             -0.514     1.444    
    SLICE_X29Y56         FDRE (Hold_fdre_C_D)         0.105     1.549    u_sccb_init/clk_div_reg[7]
  -------------------------------------------------------------------
                         required time                         -1.549    
                         arrival time                           1.813    
  -------------------------------------------------------------------
                         slack                                  0.263    

Slack (MET) :             0.264ns  (arrival time - required time)
  Source:                 u_sccb_init/clk_div_reg[3]/C
                            (rising edge-triggered cell FDRE clocked by sys_clk  {rise@0.000ns fall@5.000ns period=10.000ns})
  Destination:            u_sccb_init/clk_div_reg[3]/D
                            (rising edge-triggered cell FDRE clocked by sys_clk  {rise@0.000ns fall@5.000ns period=10.000ns})
  Path Group:             sys_clk
  Path Type:              Hold (Min at Fast Process Corner)
  Requirement:            0.000ns  (sys_clk rise@0.000ns - sys_clk rise@0.000ns)
  Data Path Delay:        0.369ns  (logic 0.249ns (67.424%)  route 0.120ns (32.576%))
  Logic Levels:           1  (CARRY4=1)
  Clock Path Skew:        0.000ns (DCD - SCD - CPR)
    Destination Clock Delay (DCD):    1.958ns
    Source Clock Delay      (SCD):    1.444ns
    Clock Pessimism Removal (CPR):    0.514ns

    Location             Delay type                Incr(ns)  Path(ns)    Netlist Resource(s)
  -------------------------------------------------------------------    -------------------
                         (clock sys_clk rise edge)    0.000     0.000 r  
    W5                                                0.000     0.000 r  CLK100MHZ (IN)
                         net (fo=0)                   0.000     0.000    CLK100MHZ
    W5                   IBUF (Prop_ibuf_I_O)         0.226     0.226 r  CLK100MHZ_IBUF_inst/O
                         net (fo=1, routed)           0.631     0.858    CLK100MHZ_IBUF
    BUFGCTRL_X0Y1        BUFG (Prop_bufg_I_O)         0.026     0.884 r  CLK100MHZ_IBUF_BUFG_inst/O
                         net (fo=87, routed)          0.561     1.444    u_sccb_init/CLK100MHZ_IBUF_BUFG
    SLICE_X29Y55         FDRE                                         r  u_sccb_init/clk_div_reg[3]/C
  -------------------------------------------------------------------    -------------------
    SLICE_X29Y55         FDRE (Prop_fdre_C_Q)         0.141     1.585 r  u_sccb_init/clk_div_reg[3]/Q
                         net (fo=2, routed)           0.120     1.706    u_sccb_init/clk_div_reg[3]
    SLICE_X29Y55         CARRY4 (Prop_carry4_S[3]_O[3])
                                                      0.108     1.814 r  u_sccb_init/clk_div_reg[0]_i_2/O[3]
                         net (fo=1, routed)           0.000     1.814    u_sccb_init/clk_div_reg[0]_i_2_n_4
    SLICE_X29Y55         FDRE                                         r  u_sccb_init/clk_div_reg[3]/D
  -------------------------------------------------------------------    -------------------

                         (clock sys_clk rise edge)    0.000     0.000 r  
    W5                                                0.000     0.000 r  CLK100MHZ (IN)
                         net (fo=0)                   0.000     0.000    CLK100MHZ
    W5                   IBUF (Prop_ibuf_I_O)         0.414     0.414 r  CLK100MHZ_IBUF_inst/O
                         net (fo=1, routed)           0.685     1.099    CLK100MHZ_IBUF
    BUFGCTRL_X0Y1        BUFG (Prop_bufg_I_O)         0.029     1.128 r  CLK100MHZ_IBUF_BUFG_inst/O
                         net (fo=87, routed)          0.831     1.958    u_sccb_init/CLK100MHZ_IBUF_BUFG
    SLICE_X29Y55         FDRE                                         r  u_sccb_init/clk_div_reg[3]/C
                         clock pessimism             -0.514     1.444    
    SLICE_X29Y55         FDRE (Hold_fdre_C_D)         0.105     1.549    u_sccb_init/clk_div_reg[3]
  -------------------------------------------------------------------
                         required time                         -1.549    
                         arrival time                           1.814    
  -------------------------------------------------------------------
                         slack                                  0.264    





Pulse Width Checks
--------------------------------------------------------------------------------------
Clock Name:         sys_clk
Waveform(ns):       { 0.000 5.000 }
Period(ns):         10.000
Sources:            { CLK100MHZ }

Check Type        Corner  Lib Pin             Reference Pin  Required(ns)  Actual(ns)  Slack(ns)  Location         Pin
Min Period        n/a     RAMB18E1/CLKARDCLK  n/a            2.576         10.000      7.424      RAMB18_X0Y28     u_sccb_init/lut_idx_reg_rep/CLKARDCLK
Min Period        n/a     BUFG/I              n/a            2.155         10.000      7.845      BUFGCTRL_X0Y1    CLK100MHZ_IBUF_BUFG_inst/I
Min Period        n/a     MMCME2_ADV/CLKIN1   n/a            1.249         10.000      8.751      MMCME2_ADV_X1Y0  u_clock_gen/u_mmcm/CLKIN1
Min Period        n/a     FDRE/C              n/a            1.000         10.000      9.000      SLICE_X0Y71      u_sccb_init/ack_error_reg/C
Min Period        n/a     FDRE/C              n/a            1.000         10.000      9.000      SLICE_X4Y72      u_sccb_init/bit_idx_reg[0]/C
Min Period        n/a     FDRE/C              n/a            1.000         10.000      9.000      SLICE_X4Y72      u_sccb_init/bit_idx_reg[1]/C
Min Period        n/a     FDRE/C              n/a            1.000         10.000      9.000      SLICE_X4Y71      u_sccb_init/bit_idx_reg[2]/C
Min Period        n/a     FDSE/C              n/a            1.000         10.000      9.000      SLICE_X1Y68      u_sccb_init/busy_reg/C
Min Period        n/a     FDRE/C              n/a            1.000         10.000      9.000      SLICE_X6Y70      u_sccb_init/byte_idx_reg[0]/C
Min Period        n/a     FDRE/C              n/a            1.000         10.000      9.000      SLICE_X6Y70      u_sccb_init/byte_idx_reg[1]/C
Max Period        n/a     MMCME2_ADV/CLKIN1   n/a            100.000       10.000      90.000     MMCME2_ADV_X1Y0  u_clock_gen/u_mmcm/CLKIN1
Low Pulse Width   Slow    MMCME2_ADV/CLKIN1   n/a            2.000         5.000       3.000      MMCME2_ADV_X1Y0  u_clock_gen/u_mmcm/CLKIN1
Low Pulse Width   Fast    MMCME2_ADV/CLKIN1   n/a            2.000         5.000       3.000      MMCME2_ADV_X1Y0  u_clock_gen/u_mmcm/CLKIN1
Low Pulse Width   Slow    FDRE/C              n/a            0.500         5.000       4.500      SLICE_X0Y71      u_sccb_init/ack_error_reg/C
Low Pulse Width   Fast    FDRE/C              n/a            0.500         5.000       4.500      SLICE_X0Y71      u_sccb_init/ack_error_reg/C
Low Pulse Width   Slow    FDRE/C              n/a            0.500         5.000       4.500      SLICE_X4Y72      u_sccb_init/bit_idx_reg[0]/C
Low Pulse Width   Fast    FDRE/C              n/a            0.500         5.000       4.500      SLICE_X4Y72      u_sccb_init/bit_idx_reg[0]/C
Low Pulse Width   Slow    FDRE/C              n/a            0.500         5.000       4.500      SLICE_X4Y72      u_sccb_init/bit_idx_reg[1]/C
Low Pulse Width   Fast    FDRE/C              n/a            0.500         5.000       4.500      SLICE_X4Y72      u_sccb_init/bit_idx_reg[1]/C
Low Pulse Width   Slow    FDRE/C              n/a            0.500         5.000       4.500      SLICE_X4Y71      u_sccb_init/bit_idx_reg[2]/C
Low Pulse Width   Fast    FDRE/C              n/a            0.500         5.000       4.500      SLICE_X4Y71      u_sccb_init/bit_idx_reg[2]/C
High Pulse Width  Slow    MMCME2_ADV/CLKIN1   n/a            2.000         5.000       3.000      MMCME2_ADV_X1Y0  u_clock_gen/u_mmcm/CLKIN1
High Pulse Width  Fast    MMCME2_ADV/CLKIN1   n/a            2.000         5.000       3.000      MMCME2_ADV_X1Y0  u_clock_gen/u_mmcm/CLKIN1
High Pulse Width  Slow    FDRE/C              n/a            0.500         5.000       4.500      SLICE_X0Y71      u_sccb_init/ack_error_reg/C
High Pulse Width  Fast    FDRE/C              n/a            0.500         5.000       4.500      SLICE_X0Y71      u_sccb_init/ack_error_reg/C
High Pulse Width  Slow    FDRE/C              n/a            0.500         5.000       4.500      SLICE_X4Y72      u_sccb_init/bit_idx_reg[0]/C
High Pulse Width  Fast    FDRE/C              n/a            0.500         5.000       4.500      SLICE_X4Y72      u_sccb_init/bit_idx_reg[0]/C
High Pulse Width  Slow    FDRE/C              n/a            0.500         5.000       4.500      SLICE_X4Y72      u_sccb_init/bit_idx_reg[1]/C
High Pulse Width  Fast    FDRE/C              n/a            0.500         5.000       4.500      SLICE_X4Y72      u_sccb_init/bit_idx_reg[1]/C
High Pulse Width  Slow    FDRE/C              n/a            0.500         5.000       4.500      SLICE_X4Y71      u_sccb_init/bit_idx_reg[2]/C
High Pulse Width  Fast    FDRE/C              n/a            0.500         5.000       4.500      SLICE_X4Y71      u_sccb_init/bit_idx_reg[2]/C



---------------------------------------------------------------------------------------------------
From Clock:  clk25_unbuf
  To Clock:  clk25_unbuf

Setup :            0  Failing Endpoints,  Worst Slack       27.858ns,  Total Violation        0.000ns
Hold  :            0  Failing Endpoints,  Worst Slack        0.104ns,  Total Violation        0.000ns
PW    :            0  Failing Endpoints,  Worst Slack       19.500ns,  Total Violation        0.000ns
---------------------------------------------------------------------------------------------------


Max Delay Paths
--------------------------------------------------------------------------------------
Slack (MET) :             27.858ns  (required time - arrival time)
  Source:                 u_framebuffer/u_bank0/mem_reg_0_0/CLKBWRCLK
                            (rising edge-triggered cell RAMB36E1 clocked by clk25_unbuf  {rise@0.000ns fall@20.000ns period=40.000ns})
  Destination:            video_pixel_reg[10]/D
                            (rising edge-triggered cell FDRE clocked by clk25_unbuf  {rise@0.000ns fall@20.000ns period=40.000ns})
  Path Group:             clk25_unbuf
  Path Type:              Setup (Max at Slow Process Corner)
  Requirement:            40.000ns  (clk25_unbuf rise@40.000ns - clk25_unbuf rise@0.000ns)
  Data Path Delay:        11.981ns  (logic 5.321ns (44.411%)  route 6.660ns (55.589%))
  Logic Levels:           9  (CARRY4=1 LUT2=1 LUT3=1 LUT4=1 LUT5=1 LUT6=3 RAMB36E1=1)
  Clock Path Skew:        -0.147ns (DCD - SCD + CPR)
    Destination Clock Delay (DCD):    4.775ns = ( 44.775 - 40.000 ) 
    Source Clock Delay      (SCD):    5.108ns
    Clock Pessimism Removal (CPR):    0.187ns
  Clock Uncertainty:      0.091ns  ((TSJ^2 + DJ^2)^1/2) / 2 + PE
    Total System Jitter     (TSJ):    0.071ns
    Discrete Jitter          (DJ):    0.168ns
    Phase Error              (PE):    0.000ns

    Location             Delay type                Incr(ns)  Path(ns)    Netlist Resource(s)
  -------------------------------------------------------------------    -------------------
                         (clock clk25_unbuf rise edge)
                                                      0.000     0.000 r  
    W5                                                0.000     0.000 r  CLK100MHZ (IN)
                         net (fo=0)                   0.000     0.000    CLK100MHZ
    W5                   IBUF (Prop_ibuf_I_O)         1.458     1.458 r  CLK100MHZ_IBUF_inst/O
                         net (fo=1, routed)           1.967     3.425    CLK100MHZ_IBUF
    BUFGCTRL_X0Y1        BUFG (Prop_bufg_I_O)         0.096     3.521 r  CLK100MHZ_IBUF_BUFG_inst/O
                         net (fo=87, routed)          1.575     5.096    u_clock_gen/CLK100MHZ_IBUF_BUFG
    MMCME2_ADV_X1Y0      MMCME2_ADV (Prop_mmcme2_adv_CLKIN1_CLKOUT0)
                                                     -3.333     1.763 r  u_clock_gen/u_mmcm/CLKOUT0
                         net (fo=1, routed)           1.661     3.425    u_clock_gen/clk25_unbuf
    BUFGCTRL_X0Y0        BUFG (Prop_bufg_I_O)         0.096     3.521 r  u_clock_gen/u_clk25_buf/O
                         net (fo=119, routed)         1.587     5.108    u_framebuffer/u_bank0/clk25
    RAMB36_X2Y14         RAMB36E1                                     r  u_framebuffer/u_bank0/mem_reg_0_0/CLKBWRCLK
  -------------------------------------------------------------------    -------------------
    RAMB36_X2Y14         RAMB36E1 (Prop_ramb36e1_CLKBWRCLK_CASCADEOUTB)
                                                      2.872     7.980 r  u_framebuffer/u_bank0/mem_reg_0_0/CASCADEOUTB
                         net (fo=1, routed)           0.065     8.046    u_framebuffer/u_bank0/mem_reg_0_0_n_1
    RAMB36_X2Y15         RAMB36E1 (Prop_ramb36e1_CASCADEINB_DOBDO[0])
                                                      0.425     8.471 r  u_framebuffer/u_bank0/mem_reg_1_0/DOBDO[0]
                         net (fo=2, routed)           2.257    10.728    u_framebuffer/u_bank0/mem_reg_1_0_n_67
    SLICE_X36Y59         LUT4 (Prop_lut4_I3_O)        0.124    10.852 r  u_framebuffer/u_bank0/video_pixel[9]_i_4/O
                         net (fo=1, routed)           0.935    11.786    u_framebuffer/u_bank1/rd0[0]
    SLICE_X35Y56         LUT6 (Prop_lut6_I2_O)        0.124    11.910 r  u_framebuffer/u_bank1/video_pixel[9]_i_2/O
                         net (fo=5, routed)           0.603    12.513    u_framebuffer/u_bank1/DI[0]
    SLICE_X34Y55         LUT3 (Prop_lut3_I0_O)        0.150    12.663 r  u_framebuffer/u_bank1/gray_acc__0_carry_i_21/O
                         net (fo=3, routed)           0.972    13.635    u_framebuffer/u_bank1/gray_acc__0_carry_i_21_n_0
    SLICE_X33Y56         LUT6 (Prop_lut6_I0_O)        0.328    13.963 r  u_framebuffer/u_bank1/gray_acc__0_carry_i_9/O
                         net (fo=3, routed)           0.713    14.676    u_framebuffer/u_bank1/mem_reg_1_0__0_0
    SLICE_X32Y54         LUT2 (Prop_lut2_I0_O)        0.117    14.793 r  u_framebuffer/u_bank1/gray_acc__0_carry__0_i_3__0/O
                         net (fo=2, routed)           0.508    15.301    u_framebuffer/u_bank1/read_mode_d_reg_7[0]
    SLICE_X32Y55         LUT5 (Prop_lut5_I4_O)        0.332    15.633 r  u_framebuffer/u_bank1/gray_acc__0_carry__0_i_7__0/O
                         net (fo=1, routed)           0.000    15.633    u_filters/video_pixel_reg[7]_0[0]
    SLICE_X32Y55         CARRY4 (Prop_carry4_S[0]_O[2])
                                                      0.547    16.180 r  u_filters/gray_acc__0_carry__0/O[2]
                         net (fo=3, routed)           0.607    16.788    u_framebuffer/u_bank2/O[2]
    SLICE_X34Y53         LUT6 (Prop_lut6_I2_O)        0.302    17.090 r  u_framebuffer/u_bank2/video_pixel[10]_i_1/O
                         net (fo=1, routed)           0.000    17.090    u_framebuffer_n_1
    SLICE_X34Y53         FDRE                                         r  video_pixel_reg[10]/D
  -------------------------------------------------------------------    -------------------

                         (clock clk25_unbuf rise edge)
                                                     40.000    40.000 r  
    W5                                                0.000    40.000 r  CLK100MHZ (IN)
                         net (fo=0)                   0.000    40.000    CLK100MHZ
    W5                   IBUF (Prop_ibuf_I_O)         1.388    41.388 r  CLK100MHZ_IBUF_inst/O
                         net (fo=1, routed)           1.862    43.250    CLK100MHZ_IBUF
    BUFGCTRL_X0Y1        BUFG (Prop_bufg_I_O)         0.091    43.341 r  CLK100MHZ_IBUF_BUFG_inst/O
                         net (fo=87, routed)          1.457    44.798    u_clock_gen/CLK100MHZ_IBUF_BUFG
    MMCME2_ADV_X1Y0      MMCME2_ADV (Prop_mmcme2_adv_CLKIN1_CLKOUT0)
                                                     -3.129    41.669 r  u_clock_gen/u_mmcm/CLKOUT0
                         net (fo=1, routed)           1.581    43.250    u_clock_gen/clk25_unbuf
    BUFGCTRL_X0Y0        BUFG (Prop_bufg_I_O)         0.091    43.341 r  u_clock_gen/u_clk25_buf/O
                         net (fo=119, routed)         1.434    44.775    cam_xclk_OBUF
    SLICE_X34Y53         FDRE                                         r  video_pixel_reg[10]/C
                         clock pessimism              0.187    44.962    
                         clock uncertainty           -0.091    44.870    
    SLICE_X34Y53         FDRE (Setup_fdre_C_D)        0.077    44.947    video_pixel_reg[10]
  -------------------------------------------------------------------
                         required time                         44.947    
                         arrival time                         -17.090    
  -------------------------------------------------------------------
                         slack                                 27.858    

Slack (MET) :             27.995ns  (required time - arrival time)
  Source:                 u_framebuffer/u_bank0/mem_reg_0_0/CLKBWRCLK
                            (rising edge-triggered cell RAMB36E1 clocked by clk25_unbuf  {rise@0.000ns fall@20.000ns period=40.000ns})
  Destination:            video_pixel_reg[3]/D
                            (rising edge-triggered cell FDRE clocked by clk25_unbuf  {rise@0.000ns fall@20.000ns period=40.000ns})
  Path Group:             clk25_unbuf
  Path Type:              Setup (Max at Slow Process Corner)
  Requirement:            40.000ns  (clk25_unbuf rise@40.000ns - clk25_unbuf rise@0.000ns)
  Data Path Delay:        11.799ns  (logic 5.384ns (45.632%)  route 6.415ns (54.368%))
  Logic Levels:           9  (CARRY4=1 LUT2=1 LUT3=1 LUT4=1 LUT5=1 LUT6=3 RAMB36E1=1)
  Clock Path Skew:        -0.146ns (DCD - SCD + CPR)
    Destination Clock Delay (DCD):    4.776ns = ( 44.776 - 40.000 ) 
    Source Clock Delay      (SCD):    5.108ns
    Clock Pessimism Removal (CPR):    0.187ns
  Clock Uncertainty:      0.091ns  ((TSJ^2 + DJ^2)^1/2) / 2 + PE
    Total System Jitter     (TSJ):    0.071ns
    Discrete Jitter          (DJ):    0.168ns
    Phase Error              (PE):    0.000ns

    Location             Delay type                Incr(ns)  Path(ns)    Netlist Resource(s)
  -------------------------------------------------------------------    -------------------
                         (clock clk25_unbuf rise edge)
                                                      0.000     0.000 r  
    W5                                                0.000     0.000 r  CLK100MHZ (IN)
                         net (fo=0)                   0.000     0.000    CLK100MHZ
    W5                   IBUF (Prop_ibuf_I_O)         1.458     1.458 r  CLK100MHZ_IBUF_inst/O
                         net (fo=1, routed)           1.967     3.425    CLK100MHZ_IBUF
    BUFGCTRL_X0Y1        BUFG (Prop_bufg_I_O)         0.096     3.521 r  CLK100MHZ_IBUF_BUFG_inst/O
                         net (fo=87, routed)          1.575     5.096    u_clock_gen/CLK100MHZ_IBUF_BUFG
    MMCME2_ADV_X1Y0      MMCME2_ADV (Prop_mmcme2_adv_CLKIN1_CLKOUT0)
                                                     -3.333     1.763 r  u_clock_gen/u_mmcm/CLKOUT0
                         net (fo=1, routed)           1.661     3.425    u_clock_gen/clk25_unbuf
    BUFGCTRL_X0Y0        BUFG (Prop_bufg_I_O)         0.096     3.521 r  u_clock_gen/u_clk25_buf/O
                         net (fo=119, routed)         1.587     5.108    u_framebuffer/u_bank0/clk25
    RAMB36_X2Y14         RAMB36E1                                     r  u_framebuffer/u_bank0/mem_reg_0_0/CLKBWRCLK
  -------------------------------------------------------------------    -------------------
    RAMB36_X2Y14         RAMB36E1 (Prop_ramb36e1_CLKBWRCLK_CASCADEOUTB)
                                                      2.872     7.980 r  u_framebuffer/u_bank0/mem_reg_0_0/CASCADEOUTB
                         net (fo=1, routed)           0.065     8.046    u_framebuffer/u_bank0/mem_reg_0_0_n_1
    RAMB36_X2Y15         RAMB36E1 (Prop_ramb36e1_CASCADEINB_DOBDO[0])
                                                      0.425     8.471 r  u_framebuffer/u_bank0/mem_reg_1_0/DOBDO[0]
                         net (fo=2, routed)           2.257    10.728    u_framebuffer/u_bank0/mem_reg_1_0_n_67
    SLICE_X36Y59         LUT4 (Prop_lut4_I3_O)        0.124    10.852 r  u_framebuffer/u_bank0/video_pixel[9]_i_4/O
                         net (fo=1, routed)           0.935    11.786    u_framebuffer/u_bank1/rd0[0]
    SLICE_X35Y56         LUT6 (Prop_lut6_I2_O)        0.124    11.910 r  u_framebuffer/u_bank1/video_pixel[9]_i_2/O
                         net (fo=5, routed)           0.603    12.513    u_framebuffer/u_bank1/DI[0]
    SLICE_X34Y55         LUT3 (Prop_lut3_I0_O)        0.150    12.663 r  u_framebuffer/u_bank1/gray_acc__0_carry_i_21/O
                         net (fo=3, routed)           0.972    13.635    u_framebuffer/u_bank1/gray_acc__0_carry_i_21_n_0
    SLICE_X33Y56         LUT6 (Prop_lut6_I0_O)        0.328    13.963 r  u_framebuffer/u_bank1/gray_acc__0_carry_i_9/O
                         net (fo=3, routed)           0.713    14.676    u_framebuffer/u_bank1/mem_reg_1_0__0_0
    SLICE_X32Y54         LUT2 (Prop_lut2_I0_O)        0.117    14.793 r  u_framebuffer/u_bank1/gray_acc__0_carry__0_i_3__0/O
                         net (fo=2, routed)           0.508    15.301    u_framebuffer/u_bank1/read_mode_d_reg_7[0]
    SLICE_X32Y55         LUT5 (Prop_lut5_I4_O)        0.332    15.633 r  u_framebuffer/u_bank1/gray_acc__0_carry__0_i_7__0/O
                         net (fo=1, routed)           0.000    15.633    u_filters/video_pixel_reg[7]_0[0]
    SLICE_X32Y55         CARRY4 (Prop_carry4_S[0]_O[3])
                                                      0.606    16.239 r  u_filters/gray_acc__0_carry__0/O[3]
                         net (fo=3, routed)           0.362    16.601    u_framebuffer/u_bank2/O[3]
    SLICE_X33Y55         LUT6 (Prop_lut6_I2_O)        0.306    16.907 r  u_framebuffer/u_bank2/video_pixel[3]_i_1/O
                         net (fo=1, routed)           0.000    16.907    u_framebuffer_n_8
    SLICE_X33Y55         FDRE                                         r  video_pixel_reg[3]/D
  -------------------------------------------------------------------    -------------------

                         (clock clk25_unbuf rise edge)
                                                     40.000    40.000 r  
    W5                                                0.000    40.000 r  CLK100MHZ (IN)
                         net (fo=0)                   0.000    40.000    CLK100MHZ
    W5                   IBUF (Prop_ibuf_I_O)         1.388    41.388 r  CLK100MHZ_IBUF_inst/O
                         net (fo=1, routed)           1.862    43.250    CLK100MHZ_IBUF
    BUFGCTRL_X0Y1        BUFG (Prop_bufg_I_O)         0.091    43.341 r  CLK100MHZ_IBUF_BUFG_inst/O
                         net (fo=87, routed)          1.457    44.798    u_clock_gen/CLK100MHZ_IBUF_BUFG
    MMCME2_ADV_X1Y0      MMCME2_ADV (Prop_mmcme2_adv_CLKIN1_CLKOUT0)
                                                     -3.129    41.669 r  u_clock_gen/u_mmcm/CLKOUT0
                         net (fo=1, routed)           1.581    43.250    u_clock_gen/clk25_unbuf
    BUFGCTRL_X0Y0        BUFG (Prop_bufg_I_O)         0.091    43.341 r  u_clock_gen/u_clk25_buf/O
                         net (fo=119, routed)         1.435    44.776    cam_xclk_OBUF
    SLICE_X33Y55         FDRE                                         r  video_pixel_reg[3]/C
                         clock pessimism              0.187    44.963    
                         clock uncertainty           -0.091    44.871    
    SLICE_X33Y55         FDRE (Setup_fdre_C_D)        0.031    44.902    video_pixel_reg[3]
  -------------------------------------------------------------------
                         required time                         44.902    
                         arrival time                         -16.907    
  -------------------------------------------------------------------
                         slack                                 27.995    

Slack (MET) :             27.998ns  (required time - arrival time)
  Source:                 u_framebuffer/u_bank0/mem_reg_0_0/CLKBWRCLK
                            (rising edge-triggered cell RAMB36E1 clocked by clk25_unbuf  {rise@0.000ns fall@20.000ns period=40.000ns})
  Destination:            video_pixel_reg[6]/D
                            (rising edge-triggered cell FDRE clocked by clk25_unbuf  {rise@0.000ns fall@20.000ns period=40.000ns})
  Path Group:             clk25_unbuf
  Path Type:              Setup (Max at Slow Process Corner)
  Requirement:            40.000ns  (clk25_unbuf rise@40.000ns - clk25_unbuf rise@0.000ns)
  Data Path Delay:        11.841ns  (logic 5.321ns (44.936%)  route 6.520ns (55.064%))
  Logic Levels:           9  (CARRY4=1 LUT2=1 LUT3=1 LUT4=1 LUT5=1 LUT6=3 RAMB36E1=1)
  Clock Path Skew:        -0.147ns (DCD - SCD + CPR)
    Destination Clock Delay (DCD):    4.775ns = ( 44.775 - 40.000 ) 
    Source Clock Delay      (SCD):    5.108ns
    Clock Pessimism Removal (CPR):    0.187ns
  Clock Uncertainty:      0.091ns  ((TSJ^2 + DJ^2)^1/2) / 2 + PE
    Total System Jitter     (TSJ):    0.071ns
    Discrete Jitter          (DJ):    0.168ns
    Phase Error              (PE):    0.000ns

    Location             Delay type                Incr(ns)  Path(ns)    Netlist Resource(s)
  -------------------------------------------------------------------    -------------------
                         (clock clk25_unbuf rise edge)
                                                      0.000     0.000 r  
    W5                                                0.000     0.000 r  CLK100MHZ (IN)
                         net (fo=0)                   0.000     0.000    CLK100MHZ
    W5                   IBUF (Prop_ibuf_I_O)         1.458     1.458 r  CLK100MHZ_IBUF_inst/O
                         net (fo=1, routed)           1.967     3.425    CLK100MHZ_IBUF
    BUFGCTRL_X0Y1        BUFG (Prop_bufg_I_O)         0.096     3.521 r  CLK100MHZ_IBUF_BUFG_inst/O
                         net (fo=87, routed)          1.575     5.096    u_clock_gen/CLK100MHZ_IBUF_BUFG
    MMCME2_ADV_X1Y0      MMCME2_ADV (Prop_mmcme2_adv_CLKIN1_CLKOUT0)
                                                     -3.333     1.763 r  u_clock_gen/u_mmcm/CLKOUT0
                         net (fo=1, routed)           1.661     3.425    u_clock_gen/clk25_unbuf
    BUFGCTRL_X0Y0        BUFG (Prop_bufg_I_O)         0.096     3.521 r  u_clock_gen/u_clk25_buf/O
                         net (fo=119, routed)         1.587     5.108    u_framebuffer/u_bank0/clk25
    RAMB36_X2Y14         RAMB36E1                                     r  u_framebuffer/u_bank0/mem_reg_0_0/CLKBWRCLK
  -------------------------------------------------------------------    -------------------
    RAMB36_X2Y14         RAMB36E1 (Prop_ramb36e1_CLKBWRCLK_CASCADEOUTB)
                                                      2.872     7.980 r  u_framebuffer/u_bank0/mem_reg_0_0/CASCADEOUTB
                         net (fo=1, routed)           0.065     8.046    u_framebuffer/u_bank0/mem_reg_0_0_n_1
    RAMB36_X2Y15         RAMB36E1 (Prop_ramb36e1_CASCADEINB_DOBDO[0])
                                                      0.425     8.471 r  u_framebuffer/u_bank0/mem_reg_1_0/DOBDO[0]
                         net (fo=2, routed)           2.257    10.728    u_framebuffer/u_bank0/mem_reg_1_0_n_67
    SLICE_X36Y59         LUT4 (Prop_lut4_I3_O)        0.124    10.852 r  u_framebuffer/u_bank0/video_pixel[9]_i_4/O
                         net (fo=1, routed)           0.935    11.786    u_framebuffer/u_bank1/rd0[0]
    SLICE_X35Y56         LUT6 (Prop_lut6_I2_O)        0.124    11.910 r  u_framebuffer/u_bank1/video_pixel[9]_i_2/O
                         net (fo=5, routed)           0.603    12.513    u_framebuffer/u_bank1/DI[0]
    SLICE_X34Y55         LUT3 (Prop_lut3_I0_O)        0.150    12.663 r  u_framebuffer/u_bank1/gray_acc__0_carry_i_21/O
                         net (fo=3, routed)           0.972    13.635    u_framebuffer/u_bank1/gray_acc__0_carry_i_21_n_0
    SLICE_X33Y56         LUT6 (Prop_lut6_I0_O)        0.328    13.963 r  u_framebuffer/u_bank1/gray_acc__0_carry_i_9/O
                         net (fo=3, routed)           0.713    14.676    u_framebuffer/u_bank1/mem_reg_1_0__0_0
    SLICE_X32Y54         LUT2 (Prop_lut2_I0_O)        0.117    14.793 r  u_framebuffer/u_bank1/gray_acc__0_carry__0_i_3__0/O
                         net (fo=2, routed)           0.508    15.301    u_framebuffer/u_bank1/read_mode_d_reg_7[0]
    SLICE_X32Y55         LUT5 (Prop_lut5_I4_O)        0.332    15.633 r  u_framebuffer/u_bank1/gray_acc__0_carry__0_i_7__0/O
                         net (fo=1, routed)           0.000    15.633    u_filters/video_pixel_reg[7]_0[0]
    SLICE_X32Y55         CARRY4 (Prop_carry4_S[0]_O[2])
                                                      0.547    16.180 r  u_filters/gray_acc__0_carry__0/O[2]
                         net (fo=3, routed)           0.467    16.648    u_framebuffer/u_bank2/O[2]
    SLICE_X34Y54         LUT6 (Prop_lut6_I2_O)        0.302    16.950 r  u_framebuffer/u_bank2/video_pixel[6]_i_1/O
                         net (fo=1, routed)           0.000    16.950    u_framebuffer_n_5
    SLICE_X34Y54         FDRE                                         r  video_pixel_reg[6]/D
  -------------------------------------------------------------------    -------------------

                         (clock clk25_unbuf rise edge)
                                                     40.000    40.000 r  
    W5                                                0.000    40.000 r  CLK100MHZ (IN)
                         net (fo=0)                   0.000    40.000    CLK100MHZ
    W5                   IBUF (Prop_ibuf_I_O)         1.388    41.388 r  CLK100MHZ_IBUF_inst/O
                         net (fo=1, routed)           1.862    43.250    CLK100MHZ_IBUF
    BUFGCTRL_X0Y1        BUFG (Prop_bufg_I_O)         0.091    43.341 r  CLK100MHZ_IBUF_BUFG_inst/O
                         net (fo=87, routed)          1.457    44.798    u_clock_gen/CLK100MHZ_IBUF_BUFG
    MMCME2_ADV_X1Y0      MMCME2_ADV (Prop_mmcme2_adv_CLKIN1_CLKOUT0)
                                                     -3.129    41.669 r  u_clock_gen/u_mmcm/CLKOUT0
                         net (fo=1, routed)           1.581    43.250    u_clock_gen/clk25_unbuf
    BUFGCTRL_X0Y0        BUFG (Prop_bufg_I_O)         0.091    43.341 r  u_clock_gen/u_clk25_buf/O
                         net (fo=119, routed)         1.434    44.775    cam_xclk_OBUF
    SLICE_X34Y54         FDRE                                         r  video_pixel_reg[6]/C
                         clock pessimism              0.187    44.962    
                         clock uncertainty           -0.091    44.870    
    SLICE_X34Y54         FDRE (Setup_fdre_C_D)        0.077    44.947    video_pixel_reg[6]
  -------------------------------------------------------------------
                         required time                         44.947    
                         arrival time                         -16.950    
  -------------------------------------------------------------------
                         slack                                 27.998    

Slack (MET) :             28.022ns  (required time - arrival time)
  Source:                 u_framebuffer/u_bank0/mem_reg_0_0/CLKBWRCLK
                            (rising edge-triggered cell RAMB36E1 clocked by clk25_unbuf  {rise@0.000ns fall@20.000ns period=40.000ns})
  Destination:            video_pixel_reg[1]/D
                            (rising edge-triggered cell FDRE clocked by clk25_unbuf  {rise@0.000ns fall@20.000ns period=40.000ns})
  Path Group:             clk25_unbuf
  Path Type:              Setup (Max at Slow Process Corner)
  Requirement:            40.000ns  (clk25_unbuf rise@40.000ns - clk25_unbuf rise@0.000ns)
  Data Path Delay:        11.770ns  (logic 5.199ns (44.171%)  route 6.571ns (55.829%))
  Logic Levels:           9  (CARRY4=1 LUT2=1 LUT3=1 LUT4=1 LUT5=1 LUT6=3 RAMB36E1=1)
  Clock Path Skew:        -0.146ns (DCD - SCD + CPR)
    Destination Clock Delay (DCD):    4.776ns = ( 44.776 - 40.000 ) 
    Source Clock Delay      (SCD):    5.108ns
    Clock Pessimism Removal (CPR):    0.187ns
  Clock Uncertainty:      0.091ns  ((TSJ^2 + DJ^2)^1/2) / 2 + PE
    Total System Jitter     (TSJ):    0.071ns
    Discrete Jitter          (DJ):    0.168ns
    Phase Error              (PE):    0.000ns

    Location             Delay type                Incr(ns)  Path(ns)    Netlist Resource(s)
  -------------------------------------------------------------------    -------------------
                         (clock clk25_unbuf rise edge)
                                                      0.000     0.000 r  
    W5                                                0.000     0.000 r  CLK100MHZ (IN)
                         net (fo=0)                   0.000     0.000    CLK100MHZ
    W5                   IBUF (Prop_ibuf_I_O)         1.458     1.458 r  CLK100MHZ_IBUF_inst/O
                         net (fo=1, routed)           1.967     3.425    CLK100MHZ_IBUF
    BUFGCTRL_X0Y1        BUFG (Prop_bufg_I_O)         0.096     3.521 r  CLK100MHZ_IBUF_BUFG_inst/O
                         net (fo=87, routed)          1.575     5.096    u_clock_gen/CLK100MHZ_IBUF_BUFG
    MMCME2_ADV_X1Y0      MMCME2_ADV (Prop_mmcme2_adv_CLKIN1_CLKOUT0)
                                                     -3.333     1.763 r  u_clock_gen/u_mmcm/CLKOUT0
                         net (fo=1, routed)           1.661     3.425    u_clock_gen/clk25_unbuf
    BUFGCTRL_X0Y0        BUFG (Prop_bufg_I_O)         0.096     3.521 r  u_clock_gen/u_clk25_buf/O
                         net (fo=119, routed)         1.587     5.108    u_framebuffer/u_bank0/clk25
    RAMB36_X2Y14         RAMB36E1                                     r  u_framebuffer/u_bank0/mem_reg_0_0/CLKBWRCLK
  -------------------------------------------------------------------    -------------------
    RAMB36_X2Y14         RAMB36E1 (Prop_ramb36e1_CLKBWRCLK_CASCADEOUTB)
                                                      2.872     7.980 r  u_framebuffer/u_bank0/mem_reg_0_0/CASCADEOUTB
                         net (fo=1, routed)           0.065     8.046    u_framebuffer/u_bank0/mem_reg_0_0_n_1
    RAMB36_X2Y15         RAMB36E1 (Prop_ramb36e1_CASCADEINB_DOBDO[0])
                                                      0.425     8.471 r  u_framebuffer/u_bank0/mem_reg_1_0/DOBDO[0]
                         net (fo=2, routed)           2.257    10.728    u_framebuffer/u_bank0/mem_reg_1_0_n_67
    SLICE_X36Y59         LUT4 (Prop_lut4_I3_O)        0.124    10.852 r  u_framebuffer/u_bank0/video_pixel[9]_i_4/O
                         net (fo=1, routed)           0.935    11.786    u_framebuffer/u_bank1/rd0[0]
    SLICE_X35Y56         LUT6 (Prop_lut6_I2_O)        0.124    11.910 r  u_framebuffer/u_bank1/video_pixel[9]_i_2/O
                         net (fo=5, routed)           0.603    12.513    u_framebuffer/u_bank1/DI[0]
    SLICE_X34Y55         LUT3 (Prop_lut3_I0_O)        0.150    12.663 r  u_framebuffer/u_bank1/gray_acc__0_carry_i_21/O
                         net (fo=3, routed)           0.972    13.635    u_framebuffer/u_bank1/gray_acc__0_carry_i_21_n_0
    SLICE_X33Y56         LUT6 (Prop_lut6_I0_O)        0.328    13.963 r  u_framebuffer/u_bank1/gray_acc__0_carry_i_9/O
                         net (fo=3, routed)           0.713    14.676    u_framebuffer/u_bank1/mem_reg_1_0__0_0
    SLICE_X32Y54         LUT2 (Prop_lut2_I0_O)        0.117    14.793 r  u_framebuffer/u_bank1/gray_acc__0_carry__0_i_3__0/O
                         net (fo=2, routed)           0.508    15.301    u_framebuffer/u_bank1/read_mode_d_reg_7[0]
    SLICE_X32Y55         LUT5 (Prop_lut5_I4_O)        0.332    15.633 r  u_framebuffer/u_bank1/gray_acc__0_carry__0_i_7__0/O
                         net (fo=1, routed)           0.000    15.633    u_filters/video_pixel_reg[7]_0[0]
    SLICE_X32Y55         CARRY4 (Prop_carry4_S[0]_O[1])
                                                      0.424    16.057 r  u_filters/gray_acc__0_carry__0/O[1]
                         net (fo=3, routed)           0.518    16.576    u_framebuffer/u_bank2/O[1]
    SLICE_X33Y53         LUT6 (Prop_lut6_I2_O)        0.303    16.879 r  u_framebuffer/u_bank2/video_pixel[1]_i_1/O
                         net (fo=1, routed)           0.000    16.879    u_framebuffer_n_10
    SLICE_X33Y53         FDRE                                         r  video_pixel_reg[1]/D
  -------------------------------------------------------------------    -------------------

                         (clock clk25_unbuf rise edge)
                                                     40.000    40.000 r  
    W5                                                0.000    40.000 r  CLK100MHZ (IN)
                         net (fo=0)                   0.000    40.000    CLK100MHZ
    W5                   IBUF (Prop_ibuf_I_O)         1.388    41.388 r  CLK100MHZ_IBUF_inst/O
                         net (fo=1, routed)           1.862    43.250    CLK100MHZ_IBUF
    BUFGCTRL_X0Y1        BUFG (Prop_bufg_I_O)         0.091    43.341 r  CLK100MHZ_IBUF_BUFG_inst/O
                         net (fo=87, routed)          1.457    44.798    u_clock_gen/CLK100MHZ_IBUF_BUFG
    MMCME2_ADV_X1Y0      MMCME2_ADV (Prop_mmcme2_adv_CLKIN1_CLKOUT0)
                                                     -3.129    41.669 r  u_clock_gen/u_mmcm/CLKOUT0
                         net (fo=1, routed)           1.581    43.250    u_clock_gen/clk25_unbuf
    BUFGCTRL_X0Y0        BUFG (Prop_bufg_I_O)         0.091    43.341 r  u_clock_gen/u_clk25_buf/O
                         net (fo=119, routed)         1.435    44.776    cam_xclk_OBUF
    SLICE_X33Y53         FDRE                                         r  video_pixel_reg[1]/C
                         clock pessimism              0.187    44.963    
                         clock uncertainty           -0.091    44.871    
    SLICE_X33Y53         FDRE (Setup_fdre_C_D)        0.029    44.900    video_pixel_reg[1]
  -------------------------------------------------------------------
                         required time                         44.900    
                         arrival time                         -16.879    
  -------------------------------------------------------------------
                         slack                                 28.022    

Slack (MET) :             28.022ns  (required time - arrival time)
  Source:                 u_framebuffer/u_bank0/mem_reg_0_0/CLKBWRCLK
                            (rising edge-triggered cell RAMB36E1 clocked by clk25_unbuf  {rise@0.000ns fall@20.000ns period=40.000ns})
  Destination:            video_pixel_reg[11]/D
                            (rising edge-triggered cell FDRE clocked by clk25_unbuf  {rise@0.000ns fall@20.000ns period=40.000ns})
  Path Group:             clk25_unbuf
  Path Type:              Setup (Max at Slow Process Corner)
  Requirement:            40.000ns  (clk25_unbuf rise@40.000ns - clk25_unbuf rise@0.000ns)
  Data Path Delay:        11.770ns  (logic 5.384ns (45.743%)  route 6.386ns (54.257%))
  Logic Levels:           9  (CARRY4=1 LUT2=1 LUT3=1 LUT4=1 LUT5=1 LUT6=3 RAMB36E1=1)
  Clock Path Skew:        -0.146ns (DCD - SCD + CPR)
    Destination Clock Delay (DCD):    4.776ns = ( 44.776 - 40.000 ) 
    Source Clock Delay      (SCD):    5.108ns
    Clock Pessimism Removal (CPR):    0.187ns
  Clock Uncertainty:      0.091ns  ((TSJ^2 + DJ^2)^1/2) / 2 + PE
    Total System Jitter     (TSJ):    0.071ns
    Discrete Jitter          (DJ):    0.168ns
    Phase Error              (PE):    0.000ns

    Location             Delay type                Incr(ns)  Path(ns)    Netlist Resource(s)
  -------------------------------------------------------------------    -------------------
                         (clock clk25_unbuf rise edge)
                                                      0.000     0.000 r  
    W5                                                0.000     0.000 r  CLK100MHZ (IN)
                         net (fo=0)                   0.000     0.000    CLK100MHZ
    W5                   IBUF (Prop_ibuf_I_O)         1.458     1.458 r  CLK100MHZ_IBUF_inst/O
                         net (fo=1, routed)           1.967     3.425    CLK100MHZ_IBUF
    BUFGCTRL_X0Y1        BUFG (Prop_bufg_I_O)         0.096     3.521 r  CLK100MHZ_IBUF_BUFG_inst/O
                         net (fo=87, routed)          1.575     5.096    u_clock_gen/CLK100MHZ_IBUF_BUFG
    MMCME2_ADV_X1Y0      MMCME2_ADV (Prop_mmcme2_adv_CLKIN1_CLKOUT0)
                                                     -3.333     1.763 r  u_clock_gen/u_mmcm/CLKOUT0
                         net (fo=1, routed)           1.661     3.425    u_clock_gen/clk25_unbuf
    BUFGCTRL_X0Y0        BUFG (Prop_bufg_I_O)         0.096     3.521 r  u_clock_gen/u_clk25_buf/O
                         net (fo=119, routed)         1.587     5.108    u_framebuffer/u_bank0/clk25
    RAMB36_X2Y14         RAMB36E1                                     r  u_framebuffer/u_bank0/mem_reg_0_0/CLKBWRCLK
  -------------------------------------------------------------------    -------------------
    RAMB36_X2Y14         RAMB36E1 (Prop_ramb36e1_CLKBWRCLK_CASCADEOUTB)
                                                      2.872     7.980 r  u_framebuffer/u_bank0/mem_reg_0_0/CASCADEOUTB
                         net (fo=1, routed)           0.065     8.046    u_framebuffer/u_bank0/mem_reg_0_0_n_1
    RAMB36_X2Y15         RAMB36E1 (Prop_ramb36e1_CASCADEINB_DOBDO[0])
                                                      0.425     8.471 r  u_framebuffer/u_bank0/mem_reg_1_0/DOBDO[0]
                         net (fo=2, routed)           2.257    10.728    u_framebuffer/u_bank0/mem_reg_1_0_n_67
    SLICE_X36Y59         LUT4 (Prop_lut4_I3_O)        0.124    10.852 r  u_framebuffer/u_bank0/video_pixel[9]_i_4/O
                         net (fo=1, routed)           0.935    11.786    u_framebuffer/u_bank1/rd0[0]
    SLICE_X35Y56         LUT6 (Prop_lut6_I2_O)        0.124    11.910 r  u_framebuffer/u_bank1/video_pixel[9]_i_2/O
                         net (fo=5, routed)           0.603    12.513    u_framebuffer/u_bank1/DI[0]
    SLICE_X34Y55         LUT3 (Prop_lut3_I0_O)        0.150    12.663 r  u_framebuffer/u_bank1/gray_acc__0_carry_i_21/O
                         net (fo=3, routed)           0.972    13.635    u_framebuffer/u_bank1/gray_acc__0_carry_i_21_n_0
    SLICE_X33Y56         LUT6 (Prop_lut6_I0_O)        0.328    13.963 r  u_framebuffer/u_bank1/gray_acc__0_carry_i_9/O
                         net (fo=3, routed)           0.713    14.676    u_framebuffer/u_bank1/mem_reg_1_0__0_0
    SLICE_X32Y54         LUT2 (Prop_lut2_I0_O)        0.117    14.793 r  u_framebuffer/u_bank1/gray_acc__0_carry__0_i_3__0/O
                         net (fo=2, routed)           0.508    15.301    u_framebuffer/u_bank1/read_mode_d_reg_7[0]
    SLICE_X32Y55         LUT5 (Prop_lut5_I4_O)        0.332    15.633 r  u_framebuffer/u_bank1/gray_acc__0_carry__0_i_7__0/O
                         net (fo=1, routed)           0.000    15.633    u_filters/video_pixel_reg[7]_0[0]
    SLICE_X32Y55         CARRY4 (Prop_carry4_S[0]_O[3])
                                                      0.606    16.239 r  u_filters/gray_acc__0_carry__0/O[3]
                         net (fo=3, routed)           0.333    16.573    u_framebuffer/u_bank2/O[3]
    SLICE_X33Y54         LUT6 (Prop_lut6_I2_O)        0.306    16.879 r  u_framebuffer/u_bank2/video_pixel[11]_i_2/O
                         net (fo=1, routed)           0.000    16.879    u_framebuffer_n_0
    SLICE_X33Y54         FDRE                                         r  video_pixel_reg[11]/D
  -------------------------------------------------------------------    -------------------

                         (clock clk25_unbuf rise edge)
                                                     40.000    40.000 r  
    W5                                                0.000    40.000 r  CLK100MHZ (IN)
                         net (fo=0)                   0.000    40.000    CLK100MHZ
    W5                   IBUF (Prop_ibuf_I_O)         1.388    41.388 r  CLK100MHZ_IBUF_inst/O
                         net (fo=1, routed)           1.862    43.250    CLK100MHZ_IBUF
    BUFGCTRL_X0Y1        BUFG (Prop_bufg_I_O)         0.091    43.341 r  CLK100MHZ_IBUF_BUFG_inst/O
                         net (fo=87, routed)          1.457    44.798    u_clock_gen/CLK100MHZ_IBUF_BUFG
    MMCME2_ADV_X1Y0      MMCME2_ADV (Prop_mmcme2_adv_CLKIN1_CLKOUT0)
                                                     -3.129    41.669 r  u_clock_gen/u_mmcm/CLKOUT0
                         net (fo=1, routed)           1.581    43.250    u_clock_gen/clk25_unbuf
    BUFGCTRL_X0Y0        BUFG (Prop_bufg_I_O)         0.091    43.341 r  u_clock_gen/u_clk25_buf/O
                         net (fo=119, routed)         1.435    44.776    cam_xclk_OBUF
    SLICE_X33Y54         FDRE                                         r  video_pixel_reg[11]/C
                         clock pessimism              0.187    44.963    
                         clock uncertainty           -0.091    44.871    
    SLICE_X33Y54         FDRE (Setup_fdre_C_D)        0.029    44.900    video_pixel_reg[11]
  -------------------------------------------------------------------
                         required time                         44.900    
                         arrival time                         -16.879    
  -------------------------------------------------------------------
                         slack                                 28.022    

Slack (MET) :             28.027ns  (required time - arrival time)
  Source:                 u_framebuffer/u_bank0/mem_reg_0_0/CLKBWRCLK
                            (rising edge-triggered cell RAMB36E1 clocked by clk25_unbuf  {rise@0.000ns fall@20.000ns period=40.000ns})
  Destination:            video_pixel_reg[7]/D
                            (rising edge-triggered cell FDRE clocked by clk25_unbuf  {rise@0.000ns fall@20.000ns period=40.000ns})
  Path Group:             clk25_unbuf
  Path Type:              Setup (Max at Slow Process Corner)
  Requirement:            40.000ns  (clk25_unbuf rise@40.000ns - clk25_unbuf rise@0.000ns)
  Data Path Delay:        11.767ns  (logic 5.384ns (45.754%)  route 6.383ns (54.246%))
  Logic Levels:           9  (CARRY4=1 LUT2=1 LUT3=1 LUT4=1 LUT5=1 LUT6=3 RAMB36E1=1)
  Clock Path Skew:        -0.146ns (DCD - SCD + CPR)
    Destination Clock Delay (DCD):    4.776ns = ( 44.776 - 40.000 ) 
    Source Clock Delay      (SCD):    5.108ns
    Clock Pessimism Removal (CPR):    0.187ns
  Clock Uncertainty:      0.091ns  ((TSJ^2 + DJ^2)^1/2) / 2 + PE
    Total System Jitter     (TSJ):    0.071ns
    Discrete Jitter          (DJ):    0.168ns
    Phase Error              (PE):    0.000ns

    Location             Delay type                Incr(ns)  Path(ns)    Netlist Resource(s)
  -------------------------------------------------------------------    -------------------
                         (clock clk25_unbuf rise edge)
                                                      0.000     0.000 r  
    W5                                                0.000     0.000 r  CLK100MHZ (IN)
                         net (fo=0)                   0.000     0.000    CLK100MHZ
    W5                   IBUF (Prop_ibuf_I_O)         1.458     1.458 r  CLK100MHZ_IBUF_inst/O
                         net (fo=1, routed)           1.967     3.425    CLK100MHZ_IBUF
    BUFGCTRL_X0Y1        BUFG (Prop_bufg_I_O)         0.096     3.521 r  CLK100MHZ_IBUF_BUFG_inst/O
                         net (fo=87, routed)          1.575     5.096    u_clock_gen/CLK100MHZ_IBUF_BUFG
    MMCME2_ADV_X1Y0      MMCME2_ADV (Prop_mmcme2_adv_CLKIN1_CLKOUT0)
                                                     -3.333     1.763 r  u_clock_gen/u_mmcm/CLKOUT0
                         net (fo=1, routed)           1.661     3.425    u_clock_gen/clk25_unbuf
    BUFGCTRL_X0Y0        BUFG (Prop_bufg_I_O)         0.096     3.521 r  u_clock_gen/u_clk25_buf/O
                         net (fo=119, routed)         1.587     5.108    u_framebuffer/u_bank0/clk25
    RAMB36_X2Y14         RAMB36E1                                     r  u_framebuffer/u_bank0/mem_reg_0_0/CLKBWRCLK
  -------------------------------------------------------------------    -------------------
    RAMB36_X2Y14         RAMB36E1 (Prop_ramb36e1_CLKBWRCLK_CASCADEOUTB)
                                                      2.872     7.980 r  u_framebuffer/u_bank0/mem_reg_0_0/CASCADEOUTB
                         net (fo=1, routed)           0.065     8.046    u_framebuffer/u_bank0/mem_reg_0_0_n_1
    RAMB36_X2Y15         RAMB36E1 (Prop_ramb36e1_CASCADEINB_DOBDO[0])
                                                      0.425     8.471 r  u_framebuffer/u_bank0/mem_reg_1_0/DOBDO[0]
                         net (fo=2, routed)           2.257    10.728    u_framebuffer/u_bank0/mem_reg_1_0_n_67
    SLICE_X36Y59         LUT4 (Prop_lut4_I3_O)        0.124    10.852 r  u_framebuffer/u_bank0/video_pixel[9]_i_4/O
                         net (fo=1, routed)           0.935    11.786    u_framebuffer/u_bank1/rd0[0]
    SLICE_X35Y56         LUT6 (Prop_lut6_I2_O)        0.124    11.910 r  u_framebuffer/u_bank1/video_pixel[9]_i_2/O
                         net (fo=5, routed)           0.603    12.513    u_framebuffer/u_bank1/DI[0]
    SLICE_X34Y55         LUT3 (Prop_lut3_I0_O)        0.150    12.663 r  u_framebuffer/u_bank1/gray_acc__0_carry_i_21/O
                         net (fo=3, routed)           0.972    13.635    u_framebuffer/u_bank1/gray_acc__0_carry_i_21_n_0
    SLICE_X33Y56         LUT6 (Prop_lut6_I0_O)        0.328    13.963 r  u_framebuffer/u_bank1/gray_acc__0_carry_i_9/O
                         net (fo=3, routed)           0.713    14.676    u_framebuffer/u_bank1/mem_reg_1_0__0_0
    SLICE_X32Y54         LUT2 (Prop_lut2_I0_O)        0.117    14.793 r  u_framebuffer/u_bank1/gray_acc__0_carry__0_i_3__0/O
                         net (fo=2, routed)           0.508    15.301    u_framebuffer/u_bank1/read_mode_d_reg_7[0]
    SLICE_X32Y55         LUT5 (Prop_lut5_I4_O)        0.332    15.633 r  u_framebuffer/u_bank1/gray_acc__0_carry__0_i_7__0/O
                         net (fo=1, routed)           0.000    15.633    u_filters/video_pixel_reg[7]_0[0]
    SLICE_X32Y55         CARRY4 (Prop_carry4_S[0]_O[3])
                                                      0.606    16.239 r  u_filters/gray_acc__0_carry__0/O[3]
                         net (fo=3, routed)           0.330    16.570    u_framebuffer/u_bank2/O[3]
    SLICE_X33Y54         LUT6 (Prop_lut6_I2_O)        0.306    16.876 r  u_framebuffer/u_bank2/video_pixel[7]_i_1/O
                         net (fo=1, routed)           0.000    16.876    u_framebuffer_n_4
    SLICE_X33Y54         FDRE                                         r  video_pixel_reg[7]/D
  -------------------------------------------------------------------    -------------------

                         (clock clk25_unbuf rise edge)
                                                     40.000    40.000 r  
    W5                                                0.000    40.000 r  CLK100MHZ (IN)
                         net (fo=0)                   0.000    40.000    CLK100MHZ
    W5                   IBUF (Prop_ibuf_I_O)         1.388    41.388 r  CLK100MHZ_IBUF_inst/O
                         net (fo=1, routed)           1.862    43.250    CLK100MHZ_IBUF
    BUFGCTRL_X0Y1        BUFG (Prop_bufg_I_O)         0.091    43.341 r  CLK100MHZ_IBUF_BUFG_inst/O
                         net (fo=87, routed)          1.457    44.798    u_clock_gen/CLK100MHZ_IBUF_BUFG
    MMCME2_ADV_X1Y0      MMCME2_ADV (Prop_mmcme2_adv_CLKIN1_CLKOUT0)
                                                     -3.129    41.669 r  u_clock_gen/u_mmcm/CLKOUT0
                         net (fo=1, routed)           1.581    43.250    u_clock_gen/clk25_unbuf
    BUFGCTRL_X0Y0        BUFG (Prop_bufg_I_O)         0.091    43.341 r  u_clock_gen/u_clk25_buf/O
                         net (fo=119, routed)         1.435    44.776    cam_xclk_OBUF
    SLICE_X33Y54         FDRE                                         r  video_pixel_reg[7]/C
                         clock pessimism              0.187    44.963    
                         clock uncertainty           -0.091    44.871    
    SLICE_X33Y54         FDRE (Setup_fdre_C_D)        0.031    44.902    video_pixel_reg[7]
  -------------------------------------------------------------------
                         required time                         44.902    
                         arrival time                         -16.876    
  -------------------------------------------------------------------
                         slack                                 28.027    

Slack (MET) :             28.104ns  (required time - arrival time)
  Source:                 u_framebuffer/u_bank0/mem_reg_0_0/CLKBWRCLK
                            (rising edge-triggered cell RAMB36E1 clocked by clk25_unbuf  {rise@0.000ns fall@20.000ns period=40.000ns})
  Destination:            video_pixel_reg[2]/D
                            (rising edge-triggered cell FDRE clocked by clk25_unbuf  {rise@0.000ns fall@20.000ns period=40.000ns})
  Path Group:             clk25_unbuf
  Path Type:              Setup (Max at Slow Process Corner)
  Requirement:            40.000ns  (clk25_unbuf rise@40.000ns - clk25_unbuf rise@0.000ns)
  Data Path Delay:        11.688ns  (logic 5.321ns (45.524%)  route 6.367ns (54.476%))
  Logic Levels:           9  (CARRY4=1 LUT2=1 LUT3=1 LUT4=1 LUT5=1 LUT6=3 RAMB36E1=1)
  Clock Path Skew:        -0.146ns (DCD - SCD + CPR)
    Destination Clock Delay (DCD):    4.776ns = ( 44.776 - 40.000 ) 
    Source Clock Delay      (SCD):    5.108ns
    Clock Pessimism Removal (CPR):    0.187ns
  Clock Uncertainty:      0.091ns  ((TSJ^2 + DJ^2)^1/2) / 2 + PE
    Total System Jitter     (TSJ):    0.071ns
    Discrete Jitter          (DJ):    0.168ns
    Phase Error              (PE):    0.000ns

    Location             Delay type                Incr(ns)  Path(ns)    Netlist Resource(s)
  -------------------------------------------------------------------    -------------------
                         (clock clk25_unbuf rise edge)
                                                      0.000     0.000 r  
    W5                                                0.000     0.000 r  CLK100MHZ (IN)
                         net (fo=0)                   0.000     0.000    CLK100MHZ
    W5                   IBUF (Prop_ibuf_I_O)         1.458     1.458 r  CLK100MHZ_IBUF_inst/O
                         net (fo=1, routed)           1.967     3.425    CLK100MHZ_IBUF
    BUFGCTRL_X0Y1        BUFG (Prop_bufg_I_O)         0.096     3.521 r  CLK100MHZ_IBUF_BUFG_inst/O
                         net (fo=87, routed)          1.575     5.096    u_clock_gen/CLK100MHZ_IBUF_BUFG
    MMCME2_ADV_X1Y0      MMCME2_ADV (Prop_mmcme2_adv_CLKIN1_CLKOUT0)
                                                     -3.333     1.763 r  u_clock_gen/u_mmcm/CLKOUT0
                         net (fo=1, routed)           1.661     3.425    u_clock_gen/clk25_unbuf
    BUFGCTRL_X0Y0        BUFG (Prop_bufg_I_O)         0.096     3.521 r  u_clock_gen/u_clk25_buf/O
                         net (fo=119, routed)         1.587     5.108    u_framebuffer/u_bank0/clk25
    RAMB36_X2Y14         RAMB36E1                                     r  u_framebuffer/u_bank0/mem_reg_0_0/CLKBWRCLK
  -------------------------------------------------------------------    -------------------
    RAMB36_X2Y14         RAMB36E1 (Prop_ramb36e1_CLKBWRCLK_CASCADEOUTB)
                                                      2.872     7.980 r  u_framebuffer/u_bank0/mem_reg_0_0/CASCADEOUTB
                         net (fo=1, routed)           0.065     8.046    u_framebuffer/u_bank0/mem_reg_0_0_n_1
    RAMB36_X2Y15         RAMB36E1 (Prop_ramb36e1_CASCADEINB_DOBDO[0])
                                                      0.425     8.471 r  u_framebuffer/u_bank0/mem_reg_1_0/DOBDO[0]
                         net (fo=2, routed)           2.257    10.728    u_framebuffer/u_bank0/mem_reg_1_0_n_67
    SLICE_X36Y59         LUT4 (Prop_lut4_I3_O)        0.124    10.852 r  u_framebuffer/u_bank0/video_pixel[9]_i_4/O
                         net (fo=1, routed)           0.935    11.786    u_framebuffer/u_bank1/rd0[0]
    SLICE_X35Y56         LUT6 (Prop_lut6_I2_O)        0.124    11.910 r  u_framebuffer/u_bank1/video_pixel[9]_i_2/O
                         net (fo=5, routed)           0.603    12.513    u_framebuffer/u_bank1/DI[0]
    SLICE_X34Y55         LUT3 (Prop_lut3_I0_O)        0.150    12.663 r  u_framebuffer/u_bank1/gray_acc__0_carry_i_21/O
                         net (fo=3, routed)           0.972    13.635    u_framebuffer/u_bank1/gray_acc__0_carry_i_21_n_0
    SLICE_X33Y56         LUT6 (Prop_lut6_I0_O)        0.328    13.963 r  u_framebuffer/u_bank1/gray_acc__0_carry_i_9/O
                         net (fo=3, routed)           0.713    14.676    u_framebuffer/u_bank1/mem_reg_1_0__0_0
    SLICE_X32Y54         LUT2 (Prop_lut2_I0_O)        0.117    14.793 r  u_framebuffer/u_bank1/gray_acc__0_carry__0_i_3__0/O
                         net (fo=2, routed)           0.508    15.301    u_framebuffer/u_bank1/read_mode_d_reg_7[0]
    SLICE_X32Y55         LUT5 (Prop_lut5_I4_O)        0.332    15.633 r  u_framebuffer/u_bank1/gray_acc__0_carry__0_i_7__0/O
                         net (fo=1, routed)           0.000    15.633    u_filters/video_pixel_reg[7]_0[0]
    SLICE_X32Y55         CARRY4 (Prop_carry4_S[0]_O[2])
                                                      0.547    16.180 r  u_filters/gray_acc__0_carry__0/O[2]
                         net (fo=3, routed)           0.314    16.495    u_framebuffer/u_bank2/O[2]
    SLICE_X33Y55         LUT6 (Prop_lut6_I2_O)        0.302    16.797 r  u_framebuffer/u_bank2/video_pixel[2]_i_1/O
                         net (fo=1, routed)           0.000    16.797    u_framebuffer_n_9
    SLICE_X33Y55         FDRE                                         r  video_pixel_reg[2]/D
  -------------------------------------------------------------------    -------------------

                         (clock clk25_unbuf rise edge)
                                                     40.000    40.000 r  
    W5                                                0.000    40.000 r  CLK100MHZ (IN)
                         net (fo=0)                   0.000    40.000    CLK100MHZ
    W5                   IBUF (Prop_ibuf_I_O)         1.388    41.388 r  CLK100MHZ_IBUF_inst/O
                         net (fo=1, routed)           1.862    43.250    CLK100MHZ_IBUF
    BUFGCTRL_X0Y1        BUFG (Prop_bufg_I_O)         0.091    43.341 r  CLK100MHZ_IBUF_BUFG_inst/O
                         net (fo=87, routed)          1.457    44.798    u_clock_gen/CLK100MHZ_IBUF_BUFG
    MMCME2_ADV_X1Y0      MMCME2_ADV (Prop_mmcme2_adv_CLKIN1_CLKOUT0)
                                                     -3.129    41.669 r  u_clock_gen/u_mmcm/CLKOUT0
                         net (fo=1, routed)           1.581    43.250    u_clock_gen/clk25_unbuf
    BUFGCTRL_X0Y0        BUFG (Prop_bufg_I_O)         0.091    43.341 r  u_clock_gen/u_clk25_buf/O
                         net (fo=119, routed)         1.435    44.776    cam_xclk_OBUF
    SLICE_X33Y55         FDRE                                         r  video_pixel_reg[2]/C
                         clock pessimism              0.187    44.963    
                         clock uncertainty           -0.091    44.871    
    SLICE_X33Y55         FDRE (Setup_fdre_C_D)        0.029    44.900    video_pixel_reg[2]
  -------------------------------------------------------------------
                         required time                         44.900    
                         arrival time                         -16.797    
  -------------------------------------------------------------------
                         slack                                 28.104    

Slack (MET) :             28.104ns  (required time - arrival time)
  Source:                 u_framebuffer/u_bank0/mem_reg_0_0/CLKBWRCLK
                            (rising edge-triggered cell RAMB36E1 clocked by clk25_unbuf  {rise@0.000ns fall@20.000ns period=40.000ns})
  Destination:            video_pixel_reg[5]/D
                            (rising edge-triggered cell FDRE clocked by clk25_unbuf  {rise@0.000ns fall@20.000ns period=40.000ns})
  Path Group:             clk25_unbuf
  Path Type:              Setup (Max at Slow Process Corner)
  Requirement:            40.000ns  (clk25_unbuf rise@40.000ns - clk25_unbuf rise@0.000ns)
  Data Path Delay:        11.690ns  (logic 5.199ns (44.475%)  route 6.491ns (55.525%))
  Logic Levels:           9  (CARRY4=1 LUT2=1 LUT3=1 LUT4=1 LUT5=1 LUT6=3 RAMB36E1=1)
  Clock Path Skew:        -0.146ns (DCD - SCD + CPR)
    Destination Clock Delay (DCD):    4.776ns = ( 44.776 - 40.000 ) 
    Source Clock Delay      (SCD):    5.108ns
    Clock Pessimism Removal (CPR):    0.187ns
  Clock Uncertainty:      0.091ns  ((TSJ^2 + DJ^2)^1/2) / 2 + PE
    Total System Jitter     (TSJ):    0.071ns
    Discrete Jitter          (DJ):    0.168ns
    Phase Error              (PE):    0.000ns

    Location             Delay type                Incr(ns)  Path(ns)    Netlist Resource(s)
  -------------------------------------------------------------------    -------------------
                         (clock clk25_unbuf rise edge)
                                                      0.000     0.000 r  
    W5                                                0.000     0.000 r  CLK100MHZ (IN)
                         net (fo=0)                   0.000     0.000    CLK100MHZ
    W5                   IBUF (Prop_ibuf_I_O)         1.458     1.458 r  CLK100MHZ_IBUF_inst/O
                         net (fo=1, routed)           1.967     3.425    CLK100MHZ_IBUF
    BUFGCTRL_X0Y1        BUFG (Prop_bufg_I_O)         0.096     3.521 r  CLK100MHZ_IBUF_BUFG_inst/O
                         net (fo=87, routed)          1.575     5.096    u_clock_gen/CLK100MHZ_IBUF_BUFG
    MMCME2_ADV_X1Y0      MMCME2_ADV (Prop_mmcme2_adv_CLKIN1_CLKOUT0)
                                                     -3.333     1.763 r  u_clock_gen/u_mmcm/CLKOUT0
                         net (fo=1, routed)           1.661     3.425    u_clock_gen/clk25_unbuf
    BUFGCTRL_X0Y0        BUFG (Prop_bufg_I_O)         0.096     3.521 r  u_clock_gen/u_clk25_buf/O
                         net (fo=119, routed)         1.587     5.108    u_framebuffer/u_bank0/clk25
    RAMB36_X2Y14         RAMB36E1                                     r  u_framebuffer/u_bank0/mem_reg_0_0/CLKBWRCLK
  -------------------------------------------------------------------    -------------------
    RAMB36_X2Y14         RAMB36E1 (Prop_ramb36e1_CLKBWRCLK_CASCADEOUTB)
                                                      2.872     7.980 r  u_framebuffer/u_bank0/mem_reg_0_0/CASCADEOUTB
                         net (fo=1, routed)           0.065     8.046    u_framebuffer/u_bank0/mem_reg_0_0_n_1
    RAMB36_X2Y15         RAMB36E1 (Prop_ramb36e1_CASCADEINB_DOBDO[0])
                                                      0.425     8.471 r  u_framebuffer/u_bank0/mem_reg_1_0/DOBDO[0]
                         net (fo=2, routed)           2.257    10.728    u_framebuffer/u_bank0/mem_reg_1_0_n_67
    SLICE_X36Y59         LUT4 (Prop_lut4_I3_O)        0.124    10.852 r  u_framebuffer/u_bank0/video_pixel[9]_i_4/O
                         net (fo=1, routed)           0.935    11.786    u_framebuffer/u_bank1/rd0[0]
    SLICE_X35Y56         LUT6 (Prop_lut6_I2_O)        0.124    11.910 r  u_framebuffer/u_bank1/video_pixel[9]_i_2/O
                         net (fo=5, routed)           0.603    12.513    u_framebuffer/u_bank1/DI[0]
    SLICE_X34Y55         LUT3 (Prop_lut3_I0_O)        0.150    12.663 r  u_framebuffer/u_bank1/gray_acc__0_carry_i_21/O
                         net (fo=3, routed)           0.972    13.635    u_framebuffer/u_bank1/gray_acc__0_carry_i_21_n_0
    SLICE_X33Y56         LUT6 (Prop_lut6_I0_O)        0.328    13.963 r  u_framebuffer/u_bank1/gray_acc__0_carry_i_9/O
                         net (fo=3, routed)           0.713    14.676    u_framebuffer/u_bank1/mem_reg_1_0__0_0
    SLICE_X32Y54         LUT2 (Prop_lut2_I0_O)        0.117    14.793 r  u_framebuffer/u_bank1/gray_acc__0_carry__0_i_3__0/O
                         net (fo=2, routed)           0.508    15.301    u_framebuffer/u_bank1/read_mode_d_reg_7[0]
    SLICE_X32Y55         LUT5 (Prop_lut5_I4_O)        0.332    15.633 r  u_framebuffer/u_bank1/gray_acc__0_carry__0_i_7__0/O
                         net (fo=1, routed)           0.000    15.633    u_filters/video_pixel_reg[7]_0[0]
    SLICE_X32Y55         CARRY4 (Prop_carry4_S[0]_O[1])
                                                      0.424    16.057 r  u_filters/gray_acc__0_carry__0/O[1]
                         net (fo=3, routed)           0.438    16.495    u_framebuffer/u_bank2/O[1]
    SLICE_X33Y53         LUT6 (Prop_lut6_I2_O)        0.303    16.798 r  u_framebuffer/u_bank2/video_pixel[5]_i_1/O
                         net (fo=1, routed)           0.000    16.798    u_framebuffer_n_6
    SLICE_X33Y53         FDRE                                         r  video_pixel_reg[5]/D
  -------------------------------------------------------------------    -------------------

                         (clock clk25_unbuf rise edge)
                                                     40.000    40.000 r  
    W5                                                0.000    40.000 r  CLK100MHZ (IN)
                         net (fo=0)                   0.000    40.000    CLK100MHZ
    W5                   IBUF (Prop_ibuf_I_O)         1.388    41.388 r  CLK100MHZ_IBUF_inst/O
                         net (fo=1, routed)           1.862    43.250    CLK100MHZ_IBUF
    BUFGCTRL_X0Y1        BUFG (Prop_bufg_I_O)         0.091    43.341 r  CLK100MHZ_IBUF_BUFG_inst/O
                         net (fo=87, routed)          1.457    44.798    u_clock_gen/CLK100MHZ_IBUF_BUFG
    MMCME2_ADV_X1Y0      MMCME2_ADV (Prop_mmcme2_adv_CLKIN1_CLKOUT0)
                                                     -3.129    41.669 r  u_clock_gen/u_mmcm/CLKOUT0
                         net (fo=1, routed)           1.581    43.250    u_clock_gen/clk25_unbuf
    BUFGCTRL_X0Y0        BUFG (Prop_bufg_I_O)         0.091    43.341 r  u_clock_gen/u_clk25_buf/O
                         net (fo=119, routed)         1.435    44.776    cam_xclk_OBUF
    SLICE_X33Y53         FDRE                                         r  video_pixel_reg[5]/C
                         clock pessimism              0.187    44.963    
                         clock uncertainty           -0.091    44.871    
    SLICE_X33Y53         FDRE (Setup_fdre_C_D)        0.031    44.902    video_pixel_reg[5]
  -------------------------------------------------------------------
                         required time                         44.902    
                         arrival time                         -16.798    
  -------------------------------------------------------------------
                         slack                                 28.104    

Slack (MET) :             28.116ns  (required time - arrival time)
  Source:                 u_framebuffer/u_bank0/mem_reg_0_0/CLKBWRCLK
                            (rising edge-triggered cell RAMB36E1 clocked by clk25_unbuf  {rise@0.000ns fall@20.000ns period=40.000ns})
  Destination:            video_pixel_reg[9]/D
                            (rising edge-triggered cell FDRE clocked by clk25_unbuf  {rise@0.000ns fall@20.000ns period=40.000ns})
  Path Group:             clk25_unbuf
  Path Type:              Setup (Max at Slow Process Corner)
  Requirement:            40.000ns  (clk25_unbuf rise@40.000ns - clk25_unbuf rise@0.000ns)
  Data Path Delay:        11.680ns  (logic 5.199ns (44.514%)  route 6.481ns (55.486%))
  Logic Levels:           9  (CARRY4=1 LUT2=1 LUT3=1 LUT4=1 LUT5=1 LUT6=3 RAMB36E1=1)
  Clock Path Skew:        -0.146ns (DCD - SCD + CPR)
    Destination Clock Delay (DCD):    4.776ns = ( 44.776 - 40.000 ) 
    Source Clock Delay      (SCD):    5.108ns
    Clock Pessimism Removal (CPR):    0.187ns
  Clock Uncertainty:      0.091ns  ((TSJ^2 + DJ^2)^1/2) / 2 + PE
    Total System Jitter     (TSJ):    0.071ns
    Discrete Jitter          (DJ):    0.168ns
    Phase Error              (PE):    0.000ns

    Location             Delay type                Incr(ns)  Path(ns)    Netlist Resource(s)
  -------------------------------------------------------------------    -------------------
                         (clock clk25_unbuf rise edge)
                                                      0.000     0.000 r  
    W5                                                0.000     0.000 r  CLK100MHZ (IN)
                         net (fo=0)                   0.000     0.000    CLK100MHZ
    W5                   IBUF (Prop_ibuf_I_O)         1.458     1.458 r  CLK100MHZ_IBUF_inst/O
                         net (fo=1, routed)           1.967     3.425    CLK100MHZ_IBUF
    BUFGCTRL_X0Y1        BUFG (Prop_bufg_I_O)         0.096     3.521 r  CLK100MHZ_IBUF_BUFG_inst/O
                         net (fo=87, routed)          1.575     5.096    u_clock_gen/CLK100MHZ_IBUF_BUFG
    MMCME2_ADV_X1Y0      MMCME2_ADV (Prop_mmcme2_adv_CLKIN1_CLKOUT0)
                                                     -3.333     1.763 r  u_clock_gen/u_mmcm/CLKOUT0
                         net (fo=1, routed)           1.661     3.425    u_clock_gen/clk25_unbuf
    BUFGCTRL_X0Y0        BUFG (Prop_bufg_I_O)         0.096     3.521 r  u_clock_gen/u_clk25_buf/O
                         net (fo=119, routed)         1.587     5.108    u_framebuffer/u_bank0/clk25
    RAMB36_X2Y14         RAMB36E1                                     r  u_framebuffer/u_bank0/mem_reg_0_0/CLKBWRCLK
  -------------------------------------------------------------------    -------------------
    RAMB36_X2Y14         RAMB36E1 (Prop_ramb36e1_CLKBWRCLK_CASCADEOUTB)
                                                      2.872     7.980 r  u_framebuffer/u_bank0/mem_reg_0_0/CASCADEOUTB
                         net (fo=1, routed)           0.065     8.046    u_framebuffer/u_bank0/mem_reg_0_0_n_1
    RAMB36_X2Y15         RAMB36E1 (Prop_ramb36e1_CASCADEINB_DOBDO[0])
                                                      0.425     8.471 r  u_framebuffer/u_bank0/mem_reg_1_0/DOBDO[0]
                         net (fo=2, routed)           2.257    10.728    u_framebuffer/u_bank0/mem_reg_1_0_n_67
    SLICE_X36Y59         LUT4 (Prop_lut4_I3_O)        0.124    10.852 r  u_framebuffer/u_bank0/video_pixel[9]_i_4/O
                         net (fo=1, routed)           0.935    11.786    u_framebuffer/u_bank1/rd0[0]
    SLICE_X35Y56         LUT6 (Prop_lut6_I2_O)        0.124    11.910 r  u_framebuffer/u_bank1/video_pixel[9]_i_2/O
                         net (fo=5, routed)           0.603    12.513    u_framebuffer/u_bank1/DI[0]
    SLICE_X34Y55         LUT3 (Prop_lut3_I0_O)        0.150    12.663 r  u_framebuffer/u_bank1/gray_acc__0_carry_i_21/O
                         net (fo=3, routed)           0.972    13.635    u_framebuffer/u_bank1/gray_acc__0_carry_i_21_n_0
    SLICE_X33Y56         LUT6 (Prop_lut6_I0_O)        0.328    13.963 r  u_framebuffer/u_bank1/gray_acc__0_carry_i_9/O
                         net (fo=3, routed)           0.713    14.676    u_framebuffer/u_bank1/mem_reg_1_0__0_0
    SLICE_X32Y54         LUT2 (Prop_lut2_I0_O)        0.117    14.793 r  u_framebuffer/u_bank1/gray_acc__0_carry__0_i_3__0/O
                         net (fo=2, routed)           0.508    15.301    u_framebuffer/u_bank1/read_mode_d_reg_7[0]
    SLICE_X32Y55         LUT5 (Prop_lut5_I4_O)        0.332    15.633 r  u_framebuffer/u_bank1/gray_acc__0_carry__0_i_7__0/O
                         net (fo=1, routed)           0.000    15.633    u_filters/video_pixel_reg[7]_0[0]
    SLICE_X32Y55         CARRY4 (Prop_carry4_S[0]_O[1])
                                                      0.424    16.057 r  u_filters/gray_acc__0_carry__0/O[1]
                         net (fo=3, routed)           0.427    16.485    u_framebuffer/u_bank2/O[1]
    SLICE_X33Y54         LUT6 (Prop_lut6_I2_O)        0.303    16.788 r  u_framebuffer/u_bank2/video_pixel[9]_i_1/O
                         net (fo=1, routed)           0.000    16.788    u_framebuffer_n_2
    SLICE_X33Y54         FDRE                                         r  video_pixel_reg[9]/D
  -------------------------------------------------------------------    -------------------

                         (clock clk25_unbuf rise edge)
                                                     40.000    40.000 r  
    W5                                                0.000    40.000 r  CLK100MHZ (IN)
                         net (fo=0)                   0.000    40.000    CLK100MHZ
    W5                   IBUF (Prop_ibuf_I_O)         1.388    41.388 r  CLK100MHZ_IBUF_inst/O
                         net (fo=1, routed)           1.862    43.250    CLK100MHZ_IBUF
    BUFGCTRL_X0Y1        BUFG (Prop_bufg_I_O)         0.091    43.341 r  CLK100MHZ_IBUF_BUFG_inst/O
                         net (fo=87, routed)          1.457    44.798    u_clock_gen/CLK100MHZ_IBUF_BUFG
    MMCME2_ADV_X1Y0      MMCME2_ADV (Prop_mmcme2_adv_CLKIN1_CLKOUT0)
                                                     -3.129    41.669 r  u_clock_gen/u_mmcm/CLKOUT0
                         net (fo=1, routed)           1.581    43.250    u_clock_gen/clk25_unbuf
    BUFGCTRL_X0Y0        BUFG (Prop_bufg_I_O)         0.091    43.341 r  u_clock_gen/u_clk25_buf/O
                         net (fo=119, routed)         1.435    44.776    cam_xclk_OBUF
    SLICE_X33Y54         FDRE                                         r  video_pixel_reg[9]/C
                         clock pessimism              0.187    44.963    
                         clock uncertainty           -0.091    44.871    
    SLICE_X33Y54         FDRE (Setup_fdre_C_D)        0.032    44.903    video_pixel_reg[9]
  -------------------------------------------------------------------
                         required time                         44.903    
                         arrival time                         -16.788    
  -------------------------------------------------------------------
                         slack                                 28.116    

Slack (MET) :             28.121ns  (required time - arrival time)
  Source:                 u_framebuffer/u_bank0/mem_reg_0_0/CLKBWRCLK
                            (rising edge-triggered cell RAMB36E1 clocked by clk25_unbuf  {rise@0.000ns fall@20.000ns period=40.000ns})
  Destination:            video_pixel_reg[0]/D
                            (rising edge-triggered cell FDRE clocked by clk25_unbuf  {rise@0.000ns fall@20.000ns period=40.000ns})
  Path Group:             clk25_unbuf
  Path Type:              Setup (Max at Slow Process Corner)
  Requirement:            40.000ns  (clk25_unbuf rise@40.000ns - clk25_unbuf rise@0.000ns)
  Data Path Delay:        11.674ns  (logic 5.018ns (42.984%)  route 6.656ns (57.016%))
  Logic Levels:           9  (CARRY4=1 LUT2=1 LUT3=1 LUT4=1 LUT5=1 LUT6=3 RAMB36E1=1)
  Clock Path Skew:        -0.146ns (DCD - SCD + CPR)
    Destination Clock Delay (DCD):    4.776ns = ( 44.776 - 40.000 ) 
    Source Clock Delay      (SCD):    5.108ns
    Clock Pessimism Removal (CPR):    0.187ns
  Clock Uncertainty:      0.091ns  ((TSJ^2 + DJ^2)^1/2) / 2 + PE
    Total System Jitter     (TSJ):    0.071ns
    Discrete Jitter          (DJ):    0.168ns
    Phase Error              (PE):    0.000ns

    Location             Delay type                Incr(ns)  Path(ns)    Netlist Resource(s)
  -------------------------------------------------------------------    -------------------
                         (clock clk25_unbuf rise edge)
                                                      0.000     0.000 r  
    W5                                                0.000     0.000 r  CLK100MHZ (IN)
                         net (fo=0)                   0.000     0.000    CLK100MHZ
    W5                   IBUF (Prop_ibuf_I_O)         1.458     1.458 r  CLK100MHZ_IBUF_inst/O
                         net (fo=1, routed)           1.967     3.425    CLK100MHZ_IBUF
    BUFGCTRL_X0Y1        BUFG (Prop_bufg_I_O)         0.096     3.521 r  CLK100MHZ_IBUF_BUFG_inst/O
                         net (fo=87, routed)          1.575     5.096    u_clock_gen/CLK100MHZ_IBUF_BUFG
    MMCME2_ADV_X1Y0      MMCME2_ADV (Prop_mmcme2_adv_CLKIN1_CLKOUT0)
                                                     -3.333     1.763 r  u_clock_gen/u_mmcm/CLKOUT0
                         net (fo=1, routed)           1.661     3.425    u_clock_gen/clk25_unbuf
    BUFGCTRL_X0Y0        BUFG (Prop_bufg_I_O)         0.096     3.521 r  u_clock_gen/u_clk25_buf/O
                         net (fo=119, routed)         1.587     5.108    u_framebuffer/u_bank0/clk25
    RAMB36_X2Y14         RAMB36E1                                     r  u_framebuffer/u_bank0/mem_reg_0_0/CLKBWRCLK
  -------------------------------------------------------------------    -------------------
    RAMB36_X2Y14         RAMB36E1 (Prop_ramb36e1_CLKBWRCLK_CASCADEOUTB)
                                                      2.872     7.980 r  u_framebuffer/u_bank0/mem_reg_0_0/CASCADEOUTB
                         net (fo=1, routed)           0.065     8.046    u_framebuffer/u_bank0/mem_reg_0_0_n_1
    RAMB36_X2Y15         RAMB36E1 (Prop_ramb36e1_CASCADEINB_DOBDO[0])
                                                      0.425     8.471 r  u_framebuffer/u_bank0/mem_reg_1_0/DOBDO[0]
                         net (fo=2, routed)           2.257    10.728    u_framebuffer/u_bank0/mem_reg_1_0_n_67
    SLICE_X36Y59         LUT4 (Prop_lut4_I3_O)        0.124    10.852 r  u_framebuffer/u_bank0/video_pixel[9]_i_4/O
                         net (fo=1, routed)           0.935    11.786    u_framebuffer/u_bank1/rd0[0]
    SLICE_X35Y56         LUT6 (Prop_lut6_I2_O)        0.124    11.910 r  u_framebuffer/u_bank1/video_pixel[9]_i_2/O
                         net (fo=5, routed)           0.603    12.513    u_framebuffer/u_bank1/DI[0]
    SLICE_X34Y55         LUT3 (Prop_lut3_I0_O)        0.150    12.663 r  u_framebuffer/u_bank1/gray_acc__0_carry_i_21/O
                         net (fo=3, routed)           0.972    13.635    u_framebuffer/u_bank1/gray_acc__0_carry_i_21_n_0
    SLICE_X33Y56         LUT6 (Prop_lut6_I0_O)        0.328    13.963 r  u_framebuffer/u_bank1/gray_acc__0_carry_i_9/O
                         net (fo=3, routed)           0.713    14.676    u_framebuffer/u_bank1/mem_reg_1_0__0_0
    SLICE_X32Y54         LUT2 (Prop_lut2_I0_O)        0.117    14.793 r  u_framebuffer/u_bank1/gray_acc__0_carry__0_i_3__0/O
                         net (fo=2, routed)           0.508    15.301    u_framebuffer/u_bank1/read_mode_d_reg_7[0]
    SLICE_X32Y55         LUT5 (Prop_lut5_I4_O)        0.332    15.633 r  u_framebuffer/u_bank1/gray_acc__0_carry__0_i_7__0/O
                         net (fo=1, routed)           0.000    15.633    u_filters/video_pixel_reg[7]_0[0]
    SLICE_X32Y55         CARRY4 (Prop_carry4_S[0]_O[0])
                                                      0.247    15.880 r  u_filters/gray_acc__0_carry__0/O[0]
                         net (fo=3, routed)           0.603    16.484    u_framebuffer/u_bank2/O[0]
    SLICE_X33Y53         LUT6 (Prop_lut6_I2_O)        0.299    16.783 r  u_framebuffer/u_bank2/video_pixel[0]_i_1/O
                         net (fo=1, routed)           0.000    16.783    u_framebuffer_n_11
    SLICE_X33Y53         FDRE                                         r  video_pixel_reg[0]/D
  -------------------------------------------------------------------    -------------------

                         (clock clk25_unbuf rise edge)
                                                     40.000    40.000 r  
    W5                                                0.000    40.000 r  CLK100MHZ (IN)
                         net (fo=0)                   0.000    40.000    CLK100MHZ
    W5                   IBUF (Prop_ibuf_I_O)         1.388    41.388 r  CLK100MHZ_IBUF_inst/O
                         net (fo=1, routed)           1.862    43.250    CLK100MHZ_IBUF
    BUFGCTRL_X0Y1        BUFG (Prop_bufg_I_O)         0.091    43.341 r  CLK100MHZ_IBUF_BUFG_inst/O
                         net (fo=87, routed)          1.457    44.798    u_clock_gen/CLK100MHZ_IBUF_BUFG
    MMCME2_ADV_X1Y0      MMCME2_ADV (Prop_mmcme2_adv_CLKIN1_CLKOUT0)
                                                     -3.129    41.669 r  u_clock_gen/u_mmcm/CLKOUT0
                         net (fo=1, routed)           1.581    43.250    u_clock_gen/clk25_unbuf
    BUFGCTRL_X0Y0        BUFG (Prop_bufg_I_O)         0.091    43.341 r  u_clock_gen/u_clk25_buf/O
                         net (fo=119, routed)         1.435    44.776    cam_xclk_OBUF
    SLICE_X33Y53         FDRE                                         r  video_pixel_reg[0]/C
                         clock pessimism              0.187    44.963    
                         clock uncertainty           -0.091    44.871    
    SLICE_X33Y53         FDRE (Setup_fdre_C_D)        0.032    44.903    video_pixel_reg[0]
  -------------------------------------------------------------------
                         required time                         44.903    
                         arrival time                         -16.783    
  -------------------------------------------------------------------
                         slack                                 28.121    





Min Delay Paths
--------------------------------------------------------------------------------------
Slack (MET) :             0.104ns  (arrival time - required time)
  Source:                 debug_pixel_reg[7]/C
                            (rising edge-triggered cell FDRE clocked by clk25_unbuf  {rise@0.000ns fall@20.000ns period=40.000ns})
  Destination:            video_pixel_reg[7]/D
                            (rising edge-triggered cell FDRE clocked by clk25_unbuf  {rise@0.000ns fall@20.000ns period=40.000ns})
  Path Group:             clk25_unbuf
  Path Type:              Hold (Min at Fast Process Corner)
  Requirement:            0.000ns  (clk25_unbuf rise@0.000ns - clk25_unbuf rise@0.000ns)
  Data Path Delay:        0.459ns  (logic 0.186ns (40.494%)  route 0.273ns (59.506%))
  Logic Levels:           1  (LUT6=1)
  Clock Path Skew:        0.264ns (DCD - SCD - CPR)
    Destination Clock Delay (DCD):    1.957ns
    Source Clock Delay      (SCD):    1.444ns
    Clock Pessimism Removal (CPR):    0.249ns

    Location             Delay type                Incr(ns)  Path(ns)    Netlist Resource(s)
  -------------------------------------------------------------------    -------------------
                         (clock clk25_unbuf rise edge)
                                                      0.000     0.000 r  
    W5                                                0.000     0.000 r  CLK100MHZ (IN)
                         net (fo=0)                   0.000     0.000    CLK100MHZ
    W5                   IBUF (Prop_ibuf_I_O)         0.226     0.226 r  CLK100MHZ_IBUF_inst/O
                         net (fo=1, routed)           0.631     0.858    CLK100MHZ_IBUF
    BUFGCTRL_X0Y1        BUFG (Prop_bufg_I_O)         0.026     0.884 r  CLK100MHZ_IBUF_BUFG_inst/O
                         net (fo=87, routed)          0.549     1.432    u_clock_gen/CLK100MHZ_IBUF_BUFG
    MMCME2_ADV_X1Y0      MMCME2_ADV (Prop_mmcme2_adv_CLKIN1_CLKOUT0)
                                                     -1.061     0.372 r  u_clock_gen/u_mmcm/CLKOUT0
                         net (fo=1, routed)           0.486     0.858    u_clock_gen/clk25_unbuf
    BUFGCTRL_X0Y0        BUFG (Prop_bufg_I_O)         0.026     0.884 r  u_clock_gen/u_clk25_buf/O
                         net (fo=119, routed)         0.561     1.444    cam_xclk_OBUF
    SLICE_X39Y53         FDRE                                         r  debug_pixel_reg[7]/C
  -------------------------------------------------------------------    -------------------
    SLICE_X39Y53         FDRE (Prop_fdre_C_Q)         0.141     1.585 r  debug_pixel_reg[7]/Q
                         net (fo=4, routed)           0.273     1.859    u_framebuffer/u_bank2/video_pixel_reg[7]
    SLICE_X33Y54         LUT6 (Prop_lut6_I0_O)        0.045     1.904 r  u_framebuffer/u_bank2/video_pixel[7]_i_1/O
                         net (fo=1, routed)           0.000     1.904    u_framebuffer_n_4
    SLICE_X33Y54         FDRE                                         r  video_pixel_reg[7]/D
  -------------------------------------------------------------------    -------------------

                         (clock clk25_unbuf rise edge)
                                                      0.000     0.000 r  
    W5                                                0.000     0.000 r  CLK100MHZ (IN)
                         net (fo=0)                   0.000     0.000    CLK100MHZ
    W5                   IBUF (Prop_ibuf_I_O)         0.414     0.414 r  CLK100MHZ_IBUF_inst/O
                         net (fo=1, routed)           0.685     1.099    CLK100MHZ_IBUF
    BUFGCTRL_X0Y1        BUFG (Prop_bufg_I_O)         0.029     1.128 r  CLK100MHZ_IBUF_BUFG_inst/O
                         net (fo=87, routed)          0.817     1.944    u_clock_gen/CLK100MHZ_IBUF_BUFG
    MMCME2_ADV_X1Y0      MMCME2_ADV (Prop_mmcme2_adv_CLKIN1_CLKOUT0)
                                                     -1.375     0.569 r  u_clock_gen/u_mmcm/CLKOUT0
                         net (fo=1, routed)           0.530     1.099    u_clock_gen/clk25_unbuf
    BUFGCTRL_X0Y0        BUFG (Prop_bufg_I_O)         0.029     1.128 r  u_clock_gen/u_clk25_buf/O
                         net (fo=119, routed)         0.829     1.957    cam_xclk_OBUF
    SLICE_X33Y54         FDRE                                         r  video_pixel_reg[7]/C
                         clock pessimism             -0.249     1.708    
    SLICE_X33Y54         FDRE (Hold_fdre_C_D)         0.092     1.800    video_pixel_reg[7]
  -------------------------------------------------------------------
                         required time                         -1.800    
                         arrival time                           1.904    
  -------------------------------------------------------------------
                         slack                                  0.104    

Slack (MET) :             0.117ns  (arrival time - required time)
  Source:                 mode_d_reg[1]/C
                            (rising edge-triggered cell FDRE clocked by clk25_unbuf  {rise@0.000ns fall@20.000ns period=40.000ns})
  Destination:            video_pixel_reg[6]/D
                            (rising edge-triggered cell FDRE clocked by clk25_unbuf  {rise@0.000ns fall@20.000ns period=40.000ns})
  Path Group:             clk25_unbuf
  Path Type:              Hold (Min at Fast Process Corner)
  Requirement:            0.000ns  (clk25_unbuf rise@0.000ns - clk25_unbuf rise@0.000ns)
  Data Path Delay:        0.502ns  (logic 0.209ns (41.618%)  route 0.293ns (58.382%))
  Logic Levels:           1  (LUT6=1)
  Clock Path Skew:        0.265ns (DCD - SCD - CPR)
    Destination Clock Delay (DCD):    1.956ns
    Source Clock Delay      (SCD):    1.447ns
    Clock Pessimism Removal (CPR):    0.244ns

    Location             Delay type                Incr(ns)  Path(ns)    Netlist Resource(s)
  -------------------------------------------------------------------    -------------------
                         (clock clk25_unbuf rise edge)
                                                      0.000     0.000 r  
    W5                                                0.000     0.000 r  CLK100MHZ (IN)
                         net (fo=0)                   0.000     0.000    CLK100MHZ
    W5                   IBUF (Prop_ibuf_I_O)         0.226     0.226 r  CLK100MHZ_IBUF_inst/O
                         net (fo=1, routed)           0.631     0.858    CLK100MHZ_IBUF
    BUFGCTRL_X0Y1        BUFG (Prop_bufg_I_O)         0.026     0.884 r  CLK100MHZ_IBUF_BUFG_inst/O
                         net (fo=87, routed)          0.549     1.432    u_clock_gen/CLK100MHZ_IBUF_BUFG
    MMCME2_ADV_X1Y0      MMCME2_ADV (Prop_mmcme2_adv_CLKIN1_CLKOUT0)
                                                     -1.061     0.372 r  u_clock_gen/u_mmcm/CLKOUT0
                         net (fo=1, routed)           0.486     0.858    u_clock_gen/clk25_unbuf
    BUFGCTRL_X0Y0        BUFG (Prop_bufg_I_O)         0.026     0.884 r  u_clock_gen/u_clk25_buf/O
                         net (fo=119, routed)         0.564     1.447    cam_xclk_OBUF
    SLICE_X30Y48         FDRE                                         r  mode_d_reg[1]/C
  -------------------------------------------------------------------    -------------------
    SLICE_X30Y48         FDRE (Prop_fdre_C_Q)         0.164     1.611 r  mode_d_reg[1]/Q
                         net (fo=12, routed)          0.293     1.904    u_framebuffer/u_bank2/video_pixel_reg[0]_0[1]
    SLICE_X34Y54         LUT6 (Prop_lut6_I4_O)        0.045     1.949 r  u_framebuffer/u_bank2/video_pixel[6]_i_1/O
                         net (fo=1, routed)           0.000     1.949    u_framebuffer_n_5
    SLICE_X34Y54         FDRE                                         r  video_pixel_reg[6]/D
  -------------------------------------------------------------------    -------------------

                         (clock clk25_unbuf rise edge)
                                                      0.000     0.000 r  
    W5                                                0.000     0.000 r  CLK100MHZ (IN)
                         net (fo=0)                   0.000     0.000    CLK100MHZ
    W5                   IBUF (Prop_ibuf_I_O)         0.414     0.414 r  CLK100MHZ_IBUF_inst/O
                         net (fo=1, routed)           0.685     1.099    CLK100MHZ_IBUF
    BUFGCTRL_X0Y1        BUFG (Prop_bufg_I_O)         0.029     1.128 r  CLK100MHZ_IBUF_BUFG_inst/O
                         net (fo=87, routed)          0.817     1.944    u_clock_gen/CLK100MHZ_IBUF_BUFG
    MMCME2_ADV_X1Y0      MMCME2_ADV (Prop_mmcme2_adv_CLKIN1_CLKOUT0)
                                                     -1.375     0.569 r  u_clock_gen/u_mmcm/CLKOUT0
                         net (fo=1, routed)           0.530     1.099    u_clock_gen/clk25_unbuf
    BUFGCTRL_X0Y0        BUFG (Prop_bufg_I_O)         0.029     1.128 r  u_clock_gen/u_clk25_buf/O
                         net (fo=119, routed)         0.828     1.956    cam_xclk_OBUF
    SLICE_X34Y54         FDRE                                         r  video_pixel_reg[6]/C
                         clock pessimism             -0.244     1.712    
    SLICE_X34Y54         FDRE (Hold_fdre_C_D)         0.120     1.832    video_pixel_reg[6]
  -------------------------------------------------------------------
                         required time                         -1.832    
                         arrival time                           1.949    
  -------------------------------------------------------------------
                         slack                                  0.117    

Slack (MET) :             0.134ns  (arrival time - required time)
  Source:                 debug_pixel_reg[11]/C
                            (rising edge-triggered cell FDRE clocked by clk25_unbuf  {rise@0.000ns fall@20.000ns period=40.000ns})
  Destination:            video_pixel_reg[11]/D
                            (rising edge-triggered cell FDRE clocked by clk25_unbuf  {rise@0.000ns fall@20.000ns period=40.000ns})
  Path Group:             clk25_unbuf
  Path Type:              Hold (Min at Fast Process Corner)
  Requirement:            0.000ns  (clk25_unbuf rise@0.000ns - clk25_unbuf rise@0.000ns)
  Data Path Delay:        0.489ns  (logic 0.209ns (42.757%)  route 0.280ns (57.243%))
  Logic Levels:           1  (LUT6=1)
  Clock Path Skew:        0.264ns (DCD - SCD - CPR)
    Destination Clock Delay (DCD):    1.957ns
    Source Clock Delay      (SCD):    1.444ns
    Clock Pessimism Removal (CPR):    0.249ns

    Location             Delay type                Incr(ns)  Path(ns)    Netlist Resource(s)
  -------------------------------------------------------------------    -------------------
                         (clock clk25_unbuf rise edge)
                                                      0.000     0.000 r  
    W5                                                0.000     0.000 r  CLK100MHZ (IN)
                         net (fo=0)                   0.000     0.000    CLK100MHZ
    W5                   IBUF (Prop_ibuf_I_O)         0.226     0.226 r  CLK100MHZ_IBUF_inst/O
                         net (fo=1, routed)           0.631     0.858    CLK100MHZ_IBUF
    BUFGCTRL_X0Y1        BUFG (Prop_bufg_I_O)         0.026     0.884 r  CLK100MHZ_IBUF_BUFG_inst/O
                         net (fo=87, routed)          0.549     1.432    u_clock_gen/CLK100MHZ_IBUF_BUFG
    MMCME2_ADV_X1Y0      MMCME2_ADV (Prop_mmcme2_adv_CLKIN1_CLKOUT0)
                                                     -1.061     0.372 r  u_clock_gen/u_mmcm/CLKOUT0
                         net (fo=1, routed)           0.486     0.858    u_clock_gen/clk25_unbuf
    BUFGCTRL_X0Y0        BUFG (Prop_bufg_I_O)         0.026     0.884 r  u_clock_gen/u_clk25_buf/O
                         net (fo=119, routed)         0.561     1.444    cam_xclk_OBUF
    SLICE_X38Y53         FDRE                                         r  debug_pixel_reg[11]/C
  -------------------------------------------------------------------    -------------------
    SLICE_X38Y53         FDRE (Prop_fdre_C_Q)         0.164     1.608 r  debug_pixel_reg[11]/Q
                         net (fo=4, routed)           0.280     1.888    u_framebuffer/u_bank2/video_pixel_reg[8]
    SLICE_X33Y54         LUT6 (Prop_lut6_I0_O)        0.045     1.933 r  u_framebuffer/u_bank2/video_pixel[11]_i_2/O
                         net (fo=1, routed)           0.000     1.933    u_framebuffer_n_0
    SLICE_X33Y54         FDRE                                         r  video_pixel_reg[11]/D
  -------------------------------------------------------------------    -------------------

                         (clock clk25_unbuf rise edge)
                                                      0.000     0.000 r  
    W5                                                0.000     0.000 r  CLK100MHZ (IN)
                         net (fo=0)                   0.000     0.000    CLK100MHZ
    W5                   IBUF (Prop_ibuf_I_O)         0.414     0.414 r  CLK100MHZ_IBUF_inst/O
                         net (fo=1, routed)           0.685     1.099    CLK100MHZ_IBUF
    BUFGCTRL_X0Y1        BUFG (Prop_bufg_I_O)         0.029     1.128 r  CLK100MHZ_IBUF_BUFG_inst/O
                         net (fo=87, routed)          0.817     1.944    u_clock_gen/CLK100MHZ_IBUF_BUFG
    MMCME2_ADV_X1Y0      MMCME2_ADV (Prop_mmcme2_adv_CLKIN1_CLKOUT0)
                                                     -1.375     0.569 r  u_clock_gen/u_mmcm/CLKOUT0
                         net (fo=1, routed)           0.530     1.099    u_clock_gen/clk25_unbuf
    BUFGCTRL_X0Y0        BUFG (Prop_bufg_I_O)         0.029     1.128 r  u_clock_gen/u_clk25_buf/O
                         net (fo=119, routed)         0.829     1.957    cam_xclk_OBUF
    SLICE_X33Y54         FDRE                                         r  video_pixel_reg[11]/C
                         clock pessimism             -0.249     1.708    
    SLICE_X33Y54         FDRE (Hold_fdre_C_D)         0.091     1.799    video_pixel_reg[11]
  -------------------------------------------------------------------
                         required time                         -1.799    
                         arrival time                           1.933    
  -------------------------------------------------------------------
                         slack                                  0.134    

Slack (MET) :             0.150ns  (arrival time - required time)
  Source:                 mode_d_reg[1]/C
                            (rising edge-triggered cell FDRE clocked by clk25_unbuf  {rise@0.000ns fall@20.000ns period=40.000ns})
  Destination:            video_pixel_reg[10]/D
                            (rising edge-triggered cell FDRE clocked by clk25_unbuf  {rise@0.000ns fall@20.000ns period=40.000ns})
  Path Group:             clk25_unbuf
  Path Type:              Hold (Min at Fast Process Corner)
  Requirement:            0.000ns  (clk25_unbuf rise@0.000ns - clk25_unbuf rise@0.000ns)
  Data Path Delay:        0.535ns  (logic 0.209ns (39.092%)  route 0.326ns (60.908%))
  Logic Levels:           1  (LUT6=1)
  Clock Path Skew:        0.265ns (DCD - SCD - CPR)
    Destination Clock Delay (DCD):    1.956ns
    Source Clock Delay      (SCD):    1.447ns
    Clock Pessimism Removal (CPR):    0.244ns

    Location             Delay type                Incr(ns)  Path(ns)    Netlist Resource(s)
  -------------------------------------------------------------------    -------------------
                         (clock clk25_unbuf rise edge)
                                                      0.000     0.000 r  
    W5                                                0.000     0.000 r  CLK100MHZ (IN)
                         net (fo=0)                   0.000     0.000    CLK100MHZ
    W5                   IBUF (Prop_ibuf_I_O)         0.226     0.226 r  CLK100MHZ_IBUF_inst/O
                         net (fo=1, routed)           0.631     0.858    CLK100MHZ_IBUF
    BUFGCTRL_X0Y1        BUFG (Prop_bufg_I_O)         0.026     0.884 r  CLK100MHZ_IBUF_BUFG_inst/O
                         net (fo=87, routed)          0.549     1.432    u_clock_gen/CLK100MHZ_IBUF_BUFG
    MMCME2_ADV_X1Y0      MMCME2_ADV (Prop_mmcme2_adv_CLKIN1_CLKOUT0)
                                                     -1.061     0.372 r  u_clock_gen/u_mmcm/CLKOUT0
                         net (fo=1, routed)           0.486     0.858    u_clock_gen/clk25_unbuf
    BUFGCTRL_X0Y0        BUFG (Prop_bufg_I_O)         0.026     0.884 r  u_clock_gen/u_clk25_buf/O
                         net (fo=119, routed)         0.564     1.447    cam_xclk_OBUF
    SLICE_X30Y48         FDRE                                         r  mode_d_reg[1]/C
  -------------------------------------------------------------------    -------------------
    SLICE_X30Y48         FDRE (Prop_fdre_C_Q)         0.164     1.611 r  mode_d_reg[1]/Q
                         net (fo=12, routed)          0.326     1.937    u_framebuffer/u_bank2/video_pixel_reg[0]_0[1]
    SLICE_X34Y53         LUT6 (Prop_lut6_I4_O)        0.045     1.982 r  u_framebuffer/u_bank2/video_pixel[10]_i_1/O
                         net (fo=1, routed)           0.000     1.982    u_framebuffer_n_1
    SLICE_X34Y53         FDRE                                         r  video_pixel_reg[10]/D
  -------------------------------------------------------------------    -------------------

                         (clock clk25_unbuf rise edge)
                                                      0.000     0.000 r  
    W5                                                0.000     0.000 r  CLK100MHZ (IN)
                         net (fo=0)                   0.000     0.000    CLK100MHZ
    W5                   IBUF (Prop_ibuf_I_O)         0.414     0.414 r  CLK100MHZ_IBUF_inst/O
                         net (fo=1, routed)           0.685     1.099    CLK100MHZ_IBUF
    BUFGCTRL_X0Y1        BUFG (Prop_bufg_I_O)         0.029     1.128 r  CLK100MHZ_IBUF_BUFG_inst/O
                         net (fo=87, routed)          0.817     1.944    u_clock_gen/CLK100MHZ_IBUF_BUFG
    MMCME2_ADV_X1Y0      MMCME2_ADV (Prop_mmcme2_adv_CLKIN1_CLKOUT0)
                                                     -1.375     0.569 r  u_clock_gen/u_mmcm/CLKOUT0
                         net (fo=1, routed)           0.530     1.099    u_clock_gen/clk25_unbuf
    BUFGCTRL_X0Y0        BUFG (Prop_bufg_I_O)         0.029     1.128 r  u_clock_gen/u_clk25_buf/O
                         net (fo=119, routed)         0.828     1.956    cam_xclk_OBUF
    SLICE_X34Y53         FDRE                                         r  video_pixel_reg[10]/C
                         clock pessimism             -0.244     1.712    
    SLICE_X34Y53         FDRE (Hold_fdre_C_D)         0.120     1.832    video_pixel_reg[10]
  -------------------------------------------------------------------
                         required time                         -1.832    
                         arrival time                           1.982    
  -------------------------------------------------------------------
                         slack                                  0.150    

Slack (MET) :             0.169ns  (arrival time - required time)
  Source:                 mode_d_reg[1]/C
                            (rising edge-triggered cell FDRE clocked by clk25_unbuf  {rise@0.000ns fall@20.000ns period=40.000ns})
  Destination:            video_pixel_reg[5]/D
                            (rising edge-triggered cell FDRE clocked by clk25_unbuf  {rise@0.000ns fall@20.000ns period=40.000ns})
  Path Group:             clk25_unbuf
  Path Type:              Hold (Min at Fast Process Corner)
  Requirement:            0.000ns  (clk25_unbuf rise@0.000ns - clk25_unbuf rise@0.000ns)
  Data Path Delay:        0.527ns  (logic 0.209ns (39.671%)  route 0.318ns (60.329%))
  Logic Levels:           1  (LUT6=1)
  Clock Path Skew:        0.266ns (DCD - SCD - CPR)
    Destination Clock Delay (DCD):    1.957ns
    Source Clock Delay      (SCD):    1.447ns
    Clock Pessimism Removal (CPR):    0.244ns

    Location             Delay type                Incr(ns)  Path(ns)    Netlist Resource(s)
  -------------------------------------------------------------------    -------------------
                         (clock clk25_unbuf rise edge)
                                                      0.000     0.000 r  
    W5                                                0.000     0.000 r  CLK100MHZ (IN)
                         net (fo=0)                   0.000     0.000    CLK100MHZ
    W5                   IBUF (Prop_ibuf_I_O)         0.226     0.226 r  CLK100MHZ_IBUF_inst/O
                         net (fo=1, routed)           0.631     0.858    CLK100MHZ_IBUF
    BUFGCTRL_X0Y1        BUFG (Prop_bufg_I_O)         0.026     0.884 r  CLK100MHZ_IBUF_BUFG_inst/O
                         net (fo=87, routed)          0.549     1.432    u_clock_gen/CLK100MHZ_IBUF_BUFG
    MMCME2_ADV_X1Y0      MMCME2_ADV (Prop_mmcme2_adv_CLKIN1_CLKOUT0)
                                                     -1.061     0.372 r  u_clock_gen/u_mmcm/CLKOUT0
                         net (fo=1, routed)           0.486     0.858    u_clock_gen/clk25_unbuf
    BUFGCTRL_X0Y0        BUFG (Prop_bufg_I_O)         0.026     0.884 r  u_clock_gen/u_clk25_buf/O
                         net (fo=119, routed)         0.564     1.447    cam_xclk_OBUF
    SLICE_X30Y48         FDRE                                         r  mode_d_reg[1]/C
  -------------------------------------------------------------------    -------------------
    SLICE_X30Y48         FDRE (Prop_fdre_C_Q)         0.164     1.611 r  mode_d_reg[1]/Q
                         net (fo=12, routed)          0.318     1.929    u_framebuffer/u_bank2/video_pixel_reg[0]_0[1]
    SLICE_X33Y53         LUT6 (Prop_lut6_I4_O)        0.045     1.974 r  u_framebuffer/u_bank2/video_pixel[5]_i_1/O
                         net (fo=1, routed)           0.000     1.974    u_framebuffer_n_6
    SLICE_X33Y53         FDRE                                         r  video_pixel_reg[5]/D
  -------------------------------------------------------------------    -------------------

                         (clock clk25_unbuf rise edge)
                                                      0.000     0.000 r  
    W5                                                0.000     0.000 r  CLK100MHZ (IN)
                         net (fo=0)                   0.000     0.000    CLK100MHZ
    W5                   IBUF (Prop_ibuf_I_O)         0.414     0.414 r  CLK100MHZ_IBUF_inst/O
                         net (fo=1, routed)           0.685     1.099    CLK100MHZ_IBUF
    BUFGCTRL_X0Y1        BUFG (Prop_bufg_I_O)         0.029     1.128 r  CLK100MHZ_IBUF_BUFG_inst/O
                         net (fo=87, routed)          0.817     1.944    u_clock_gen/CLK100MHZ_IBUF_BUFG
    MMCME2_ADV_X1Y0      MMCME2_ADV (Prop_mmcme2_adv_CLKIN1_CLKOUT0)
                                                     -1.375     0.569 r  u_clock_gen/u_mmcm/CLKOUT0
                         net (fo=1, routed)           0.530     1.099    u_clock_gen/clk25_unbuf
    BUFGCTRL_X0Y0        BUFG (Prop_bufg_I_O)         0.029     1.128 r  u_clock_gen/u_clk25_buf/O
                         net (fo=119, routed)         0.829     1.957    cam_xclk_OBUF
    SLICE_X33Y53         FDRE                                         r  video_pixel_reg[5]/C
                         clock pessimism             -0.244     1.713    
    SLICE_X33Y53         FDRE (Hold_fdre_C_D)         0.092     1.805    video_pixel_reg[5]
  -------------------------------------------------------------------
                         required time                         -1.805    
                         arrival time                           1.974    
  -------------------------------------------------------------------
                         slack                                  0.169    

Slack (MET) :             0.172ns  (arrival time - required time)
  Source:                 mode_d_reg[1]/C
                            (rising edge-triggered cell FDRE clocked by clk25_unbuf  {rise@0.000ns fall@20.000ns period=40.000ns})
  Destination:            video_pixel_reg[0]/D
                            (rising edge-triggered cell FDRE clocked by clk25_unbuf  {rise@0.000ns fall@20.000ns period=40.000ns})
  Path Group:             clk25_unbuf
  Path Type:              Hold (Min at Fast Process Corner)
  Requirement:            0.000ns  (clk25_unbuf rise@0.000ns - clk25_unbuf rise@0.000ns)
  Data Path Delay:        0.530ns  (logic 0.209ns (39.447%)  route 0.321ns (60.553%))
  Logic Levels:           1  (LUT6=1)
  Clock Path Skew:        0.266ns (DCD - SCD - CPR)
    Destination Clock Delay (DCD):    1.957ns
    Source Clock Delay      (SCD):    1.447ns
    Clock Pessimism Removal (CPR):    0.244ns

    Location             Delay type                Incr(ns)  Path(ns)    Netlist Resource(s)
  -------------------------------------------------------------------    -------------------
                         (clock clk25_unbuf rise edge)
                                                      0.000     0.000 r  
    W5                                                0.000     0.000 r  CLK100MHZ (IN)
                         net (fo=0)                   0.000     0.000    CLK100MHZ
    W5                   IBUF (Prop_ibuf_I_O)         0.226     0.226 r  CLK100MHZ_IBUF_inst/O
                         net (fo=1, routed)           0.631     0.858    CLK100MHZ_IBUF
    BUFGCTRL_X0Y1        BUFG (Prop_bufg_I_O)         0.026     0.884 r  CLK100MHZ_IBUF_BUFG_inst/O
                         net (fo=87, routed)          0.549     1.432    u_clock_gen/CLK100MHZ_IBUF_BUFG
    MMCME2_ADV_X1Y0      MMCME2_ADV (Prop_mmcme2_adv_CLKIN1_CLKOUT0)
                                                     -1.061     0.372 r  u_clock_gen/u_mmcm/CLKOUT0
                         net (fo=1, routed)           0.486     0.858    u_clock_gen/clk25_unbuf
    BUFGCTRL_X0Y0        BUFG (Prop_bufg_I_O)         0.026     0.884 r  u_clock_gen/u_clk25_buf/O
                         net (fo=119, routed)         0.564     1.447    cam_xclk_OBUF
    SLICE_X30Y48         FDRE                                         r  mode_d_reg[1]/C
  -------------------------------------------------------------------    -------------------
    SLICE_X30Y48         FDRE (Prop_fdre_C_Q)         0.164     1.611 r  mode_d_reg[1]/Q
                         net (fo=12, routed)          0.321     1.932    u_framebuffer/u_bank2/video_pixel_reg[0]_0[1]
    SLICE_X33Y53         LUT6 (Prop_lut6_I4_O)        0.045     1.977 r  u_framebuffer/u_bank2/video_pixel[0]_i_1/O
                         net (fo=1, routed)           0.000     1.977    u_framebuffer_n_11
    SLICE_X33Y53         FDRE                                         r  video_pixel_reg[0]/D
  -------------------------------------------------------------------    -------------------

                         (clock clk25_unbuf rise edge)
                                                      0.000     0.000 r  
    W5                                                0.000     0.000 r  CLK100MHZ (IN)
                         net (fo=0)                   0.000     0.000    CLK100MHZ
    W5                   IBUF (Prop_ibuf_I_O)         0.414     0.414 r  CLK100MHZ_IBUF_inst/O
                         net (fo=1, routed)           0.685     1.099    CLK100MHZ_IBUF
    BUFGCTRL_X0Y1        BUFG (Prop_bufg_I_O)         0.029     1.128 r  CLK100MHZ_IBUF_BUFG_inst/O
                         net (fo=87, routed)          0.817     1.944    u_clock_gen/CLK100MHZ_IBUF_BUFG
    MMCME2_ADV_X1Y0      MMCME2_ADV (Prop_mmcme2_adv_CLKIN1_CLKOUT0)
                                                     -1.375     0.569 r  u_clock_gen/u_mmcm/CLKOUT0
                         net (fo=1, routed)           0.530     1.099    u_clock_gen/clk25_unbuf
    BUFGCTRL_X0Y0        BUFG (Prop_bufg_I_O)         0.029     1.128 r  u_clock_gen/u_clk25_buf/O
                         net (fo=119, routed)         0.829     1.957    cam_xclk_OBUF
    SLICE_X33Y53         FDRE                                         r  video_pixel_reg[0]/C
                         clock pessimism             -0.244     1.713    
    SLICE_X33Y53         FDRE (Hold_fdre_C_D)         0.092     1.805    video_pixel_reg[0]
  -------------------------------------------------------------------
                         required time                         -1.805    
                         arrival time                           1.977    
  -------------------------------------------------------------------
                         slack                                  0.172    

Slack (MET) :             0.176ns  (arrival time - required time)
  Source:                 u_vga_timing/h_count_reg[8]/C
                            (rising edge-triggered cell FDRE clocked by clk25_unbuf  {rise@0.000ns fall@20.000ns period=40.000ns})
  Destination:            u_vga_timing/h_count_reg[9]/D
                            (rising edge-triggered cell FDRE clocked by clk25_unbuf  {rise@0.000ns fall@20.000ns period=40.000ns})
  Path Group:             clk25_unbuf
  Path Type:              Hold (Min at Fast Process Corner)
  Requirement:            0.000ns  (clk25_unbuf rise@0.000ns - clk25_unbuf rise@0.000ns)
  Data Path Delay:        0.280ns  (logic 0.186ns (66.447%)  route 0.094ns (33.553%))
  Logic Levels:           1  (LUT6=1)
  Clock Path Skew:        0.013ns (DCD - SCD - CPR)
    Destination Clock Delay (DCD):    1.958ns
    Source Clock Delay      (SCD):    1.445ns
    Clock Pessimism Removal (CPR):    0.500ns

    Location             Delay type                Incr(ns)  Path(ns)    Netlist Resource(s)
  -------------------------------------------------------------------    -------------------
                         (clock clk25_unbuf rise edge)
                                                      0.000     0.000 r  
    W5                                                0.000     0.000 r  CLK100MHZ (IN)
                         net (fo=0)                   0.000     0.000    CLK100MHZ
    W5                   IBUF (Prop_ibuf_I_O)         0.226     0.226 r  CLK100MHZ_IBUF_inst/O
                         net (fo=1, routed)           0.631     0.858    CLK100MHZ_IBUF
    BUFGCTRL_X0Y1        BUFG (Prop_bufg_I_O)         0.026     0.884 r  CLK100MHZ_IBUF_BUFG_inst/O
                         net (fo=87, routed)          0.549     1.432    u_clock_gen/CLK100MHZ_IBUF_BUFG
    MMCME2_ADV_X1Y0      MMCME2_ADV (Prop_mmcme2_adv_CLKIN1_CLKOUT0)
                                                     -1.061     0.372 r  u_clock_gen/u_mmcm/CLKOUT0
                         net (fo=1, routed)           0.486     0.858    u_clock_gen/clk25_unbuf
    BUFGCTRL_X0Y0        BUFG (Prop_bufg_I_O)         0.026     0.884 r  u_clock_gen/u_clk25_buf/O
                         net (fo=119, routed)         0.562     1.445    u_vga_timing/CLK
    SLICE_X37Y52         FDRE                                         r  u_vga_timing/h_count_reg[8]/C
  -------------------------------------------------------------------    -------------------
    SLICE_X37Y52         FDRE (Prop_fdre_C_Q)         0.141     1.586 r  u_vga_timing/h_count_reg[8]/Q
                         net (fo=24, routed)          0.094     1.680    u_vga_timing/h_count[8]
    SLICE_X36Y52         LUT6 (Prop_lut6_I1_O)        0.045     1.725 r  u_vga_timing/h_count[9]_i_2/O
                         net (fo=1, routed)           0.000     1.725    u_vga_timing/h_count[9]_i_2_n_0
    SLICE_X36Y52         FDRE                                         r  u_vga_timing/h_count_reg[9]/D
  -------------------------------------------------------------------    -------------------

                         (clock clk25_unbuf rise edge)
                                                      0.000     0.000 r  
    W5                                                0.000     0.000 r  CLK100MHZ (IN)
                         net (fo=0)                   0.000     0.000    CLK100MHZ
    W5                   IBUF (Prop_ibuf_I_O)         0.414     0.414 r  CLK100MHZ_IBUF_inst/O
                         net (fo=1, routed)           0.685     1.099    CLK100MHZ_IBUF
    BUFGCTRL_X0Y1        BUFG (Prop_bufg_I_O)         0.029     1.128 r  CLK100MHZ_IBUF_BUFG_inst/O
                         net (fo=87, routed)          0.817     1.944    u_clock_gen/CLK100MHZ_IBUF_BUFG
    MMCME2_ADV_X1Y0      MMCME2_ADV (Prop_mmcme2_adv_CLKIN1_CLKOUT0)
                                                     -1.375     0.569 r  u_clock_gen/u_mmcm/CLKOUT0
                         net (fo=1, routed)           0.530     1.099    u_clock_gen/clk25_unbuf
    BUFGCTRL_X0Y0        BUFG (Prop_bufg_I_O)         0.029     1.128 r  u_clock_gen/u_clk25_buf/O
                         net (fo=119, routed)         0.830     1.958    u_vga_timing/CLK
    SLICE_X36Y52         FDRE                                         r  u_vga_timing/h_count_reg[9]/C
                         clock pessimism             -0.500     1.458    
    SLICE_X36Y52         FDRE (Hold_fdre_C_D)         0.091     1.549    u_vga_timing/h_count_reg[9]
  -------------------------------------------------------------------
                         required time                         -1.549    
                         arrival time                           1.725    
  -------------------------------------------------------------------
                         slack                                  0.176    

Slack (MET) :             0.185ns  (arrival time - required time)
  Source:                 full_fb_rd_addr_reg[0]/C
                            (rising edge-triggered cell FDRE clocked by clk25_unbuf  {rise@0.000ns fall@20.000ns period=40.000ns})
  Destination:            u_framebuffer/full_rd_sel_d_reg[0]/D
                            (rising edge-triggered cell FDRE clocked by clk25_unbuf  {rise@0.000ns fall@20.000ns period=40.000ns})
  Path Group:             clk25_unbuf
  Path Type:              Hold (Min at Fast Process Corner)
  Requirement:            0.000ns  (clk25_unbuf rise@0.000ns - clk25_unbuf rise@0.000ns)
  Data Path Delay:        0.271ns  (logic 0.164ns (60.547%)  route 0.107ns (39.453%))
  Logic Levels:           0  
  Clock Path Skew:        0.016ns (DCD - SCD - CPR)
    Destination Clock Delay (DCD):    1.957ns
    Source Clock Delay      (SCD):    1.444ns
    Clock Pessimism Removal (CPR):    0.497ns

    Location             Delay type                Incr(ns)  Path(ns)    Netlist Resource(s)
  -------------------------------------------------------------------    -------------------
                         (clock clk25_unbuf rise edge)
                                                      0.000     0.000 r  
    W5                                                0.000     0.000 r  CLK100MHZ (IN)
                         net (fo=0)                   0.000     0.000    CLK100MHZ
    W5                   IBUF (Prop_ibuf_I_O)         0.226     0.226 r  CLK100MHZ_IBUF_inst/O
                         net (fo=1, routed)           0.631     0.858    CLK100MHZ_IBUF
    BUFGCTRL_X0Y1        BUFG (Prop_bufg_I_O)         0.026     0.884 r  CLK100MHZ_IBUF_BUFG_inst/O
                         net (fo=87, routed)          0.549     1.432    u_clock_gen/CLK100MHZ_IBUF_BUFG
    MMCME2_ADV_X1Y0      MMCME2_ADV (Prop_mmcme2_adv_CLKIN1_CLKOUT0)
                                                     -1.061     0.372 r  u_clock_gen/u_mmcm/CLKOUT0
                         net (fo=1, routed)           0.486     0.858    u_clock_gen/clk25_unbuf
    BUFGCTRL_X0Y0        BUFG (Prop_bufg_I_O)         0.026     0.884 r  u_clock_gen/u_clk25_buf/O
                         net (fo=119, routed)         0.561     1.444    cam_xclk_OBUF
    SLICE_X38Y54         FDRE                                         r  full_fb_rd_addr_reg[0]/C
  -------------------------------------------------------------------    -------------------
    SLICE_X38Y54         FDRE (Prop_fdre_C_Q)         0.164     1.608 r  full_fb_rd_addr_reg[0]/Q
                         net (fo=1, routed)           0.107     1.715    u_framebuffer/mem_reg_1_2__0_2[0]
    SLICE_X36Y54         FDRE                                         r  u_framebuffer/full_rd_sel_d_reg[0]/D
  -------------------------------------------------------------------    -------------------

                         (clock clk25_unbuf rise edge)
                                                      0.000     0.000 r  
    W5                                                0.000     0.000 r  CLK100MHZ (IN)
                         net (fo=0)                   0.000     0.000    CLK100MHZ
    W5                   IBUF (Prop_ibuf_I_O)         0.414     0.414 r  CLK100MHZ_IBUF_inst/O
                         net (fo=1, routed)           0.685     1.099    CLK100MHZ_IBUF
    BUFGCTRL_X0Y1        BUFG (Prop_bufg_I_O)         0.029     1.128 r  CLK100MHZ_IBUF_BUFG_inst/O
                         net (fo=87, routed)          0.817     1.944    u_clock_gen/CLK100MHZ_IBUF_BUFG
    MMCME2_ADV_X1Y0      MMCME2_ADV (Prop_mmcme2_adv_CLKIN1_CLKOUT0)
                                                     -1.375     0.569 r  u_clock_gen/u_mmcm/CLKOUT0
                         net (fo=1, routed)           0.530     1.099    u_clock_gen/clk25_unbuf
    BUFGCTRL_X0Y0        BUFG (Prop_bufg_I_O)         0.029     1.128 r  u_clock_gen/u_clk25_buf/O
                         net (fo=119, routed)         0.829     1.957    u_framebuffer/clk25
    SLICE_X36Y54         FDRE                                         r  u_framebuffer/full_rd_sel_d_reg[0]/C
                         clock pessimism             -0.497     1.460    
    SLICE_X36Y54         FDRE (Hold_fdre_C_D)         0.070     1.530    u_framebuffer/full_rd_sel_d_reg[0]
  -------------------------------------------------------------------
                         required time                         -1.530    
                         arrival time                           1.715    
  -------------------------------------------------------------------
                         slack                                  0.185    

Slack (MET) :             0.205ns  (arrival time - required time)
  Source:                 mode_d_reg[1]/C
                            (rising edge-triggered cell FDRE clocked by clk25_unbuf  {rise@0.000ns fall@20.000ns period=40.000ns})
  Destination:            video_pixel_reg[1]/D
                            (rising edge-triggered cell FDRE clocked by clk25_unbuf  {rise@0.000ns fall@20.000ns period=40.000ns})
  Path Group:             clk25_unbuf
  Path Type:              Hold (Min at Fast Process Corner)
  Requirement:            0.000ns  (clk25_unbuf rise@0.000ns - clk25_unbuf rise@0.000ns)
  Data Path Delay:        0.562ns  (logic 0.209ns (37.198%)  route 0.353ns (62.802%))
  Logic Levels:           1  (LUT6=1)
  Clock Path Skew:        0.266ns (DCD - SCD - CPR)
    Destination Clock Delay (DCD):    1.957ns
    Source Clock Delay      (SCD):    1.447ns
    Clock Pessimism Removal (CPR):    0.244ns

    Location             Delay type                Incr(ns)  Path(ns)    Netlist Resource(s)
  -------------------------------------------------------------------    -------------------
                         (clock clk25_unbuf rise edge)
                                                      0.000     0.000 r  
    W5                                                0.000     0.000 r  CLK100MHZ (IN)
                         net (fo=0)                   0.000     0.000    CLK100MHZ
    W5                   IBUF (Prop_ibuf_I_O)         0.226     0.226 r  CLK100MHZ_IBUF_inst/O
                         net (fo=1, routed)           0.631     0.858    CLK100MHZ_IBUF
    BUFGCTRL_X0Y1        BUFG (Prop_bufg_I_O)         0.026     0.884 r  CLK100MHZ_IBUF_BUFG_inst/O
                         net (fo=87, routed)          0.549     1.432    u_clock_gen/CLK100MHZ_IBUF_BUFG
    MMCME2_ADV_X1Y0      MMCME2_ADV (Prop_mmcme2_adv_CLKIN1_CLKOUT0)
                                                     -1.061     0.372 r  u_clock_gen/u_mmcm/CLKOUT0
                         net (fo=1, routed)           0.486     0.858    u_clock_gen/clk25_unbuf
    BUFGCTRL_X0Y0        BUFG (Prop_bufg_I_O)         0.026     0.884 r  u_clock_gen/u_clk25_buf/O
                         net (fo=119, routed)         0.564     1.447    cam_xclk_OBUF
    SLICE_X30Y48         FDRE                                         r  mode_d_reg[1]/C
  -------------------------------------------------------------------    -------------------
    SLICE_X30Y48         FDRE (Prop_fdre_C_Q)         0.164     1.611 r  mode_d_reg[1]/Q
                         net (fo=12, routed)          0.353     1.964    u_framebuffer/u_bank2/video_pixel_reg[0]_0[1]
    SLICE_X33Y53         LUT6 (Prop_lut6_I4_O)        0.045     2.009 r  u_framebuffer/u_bank2/video_pixel[1]_i_1/O
                         net (fo=1, routed)           0.000     2.009    u_framebuffer_n_10
    SLICE_X33Y53         FDRE                                         r  video_pixel_reg[1]/D
  -------------------------------------------------------------------    -------------------

                         (clock clk25_unbuf rise edge)
                                                      0.000     0.000 r  
    W5                                                0.000     0.000 r  CLK100MHZ (IN)
                         net (fo=0)                   0.000     0.000    CLK100MHZ
    W5                   IBUF (Prop_ibuf_I_O)         0.414     0.414 r  CLK100MHZ_IBUF_inst/O
                         net (fo=1, routed)           0.685     1.099    CLK100MHZ_IBUF
    BUFGCTRL_X0Y1        BUFG (Prop_bufg_I_O)         0.029     1.128 r  CLK100MHZ_IBUF_BUFG_inst/O
                         net (fo=87, routed)          0.817     1.944    u_clock_gen/CLK100MHZ_IBUF_BUFG
    MMCME2_ADV_X1Y0      MMCME2_ADV (Prop_mmcme2_adv_CLKIN1_CLKOUT0)
                                                     -1.375     0.569 r  u_clock_gen/u_mmcm/CLKOUT0
                         net (fo=1, routed)           0.530     1.099    u_clock_gen/clk25_unbuf
    BUFGCTRL_X0Y0        BUFG (Prop_bufg_I_O)         0.029     1.128 r  u_clock_gen/u_clk25_buf/O
                         net (fo=119, routed)         0.829     1.957    cam_xclk_OBUF
    SLICE_X33Y53         FDRE                                         r  video_pixel_reg[1]/C
                         clock pessimism             -0.244     1.713    
    SLICE_X33Y53         FDRE (Hold_fdre_C_D)         0.091     1.804    video_pixel_reg[1]
  -------------------------------------------------------------------
                         required time                         -1.804    
                         arrival time                           2.009    
  -------------------------------------------------------------------
                         slack                                  0.205    

Slack (MET) :             0.206ns  (arrival time - required time)
  Source:                 mode_d_reg[1]/C
                            (rising edge-triggered cell FDRE clocked by clk25_unbuf  {rise@0.000ns fall@20.000ns period=40.000ns})
  Destination:            video_pixel_reg[4]/D
                            (rising edge-triggered cell FDRE clocked by clk25_unbuf  {rise@0.000ns fall@20.000ns period=40.000ns})
  Path Group:             clk25_unbuf
  Path Type:              Hold (Min at Fast Process Corner)
  Requirement:            0.000ns  (clk25_unbuf rise@0.000ns - clk25_unbuf rise@0.000ns)
  Data Path Delay:        0.564ns  (logic 0.209ns (37.066%)  route 0.355ns (62.934%))
  Logic Levels:           1  (LUT6=1)
  Clock Path Skew:        0.266ns (DCD - SCD - CPR)
    Destination Clock Delay (DCD):    1.957ns
    Source Clock Delay      (SCD):    1.447ns
    Clock Pessimism Removal (CPR):    0.244ns

    Location             Delay type                Incr(ns)  Path(ns)    Netlist Resource(s)
  -------------------------------------------------------------------    -------------------
                         (clock clk25_unbuf rise edge)
                                                      0.000     0.000 r  
    W5                                                0.000     0.000 r  CLK100MHZ (IN)
                         net (fo=0)                   0.000     0.000    CLK100MHZ
    W5                   IBUF (Prop_ibuf_I_O)         0.226     0.226 r  CLK100MHZ_IBUF_inst/O
                         net (fo=1, routed)           0.631     0.858    CLK100MHZ_IBUF
    BUFGCTRL_X0Y1        BUFG (Prop_bufg_I_O)         0.026     0.884 r  CLK100MHZ_IBUF_BUFG_inst/O
                         net (fo=87, routed)          0.549     1.432    u_clock_gen/CLK100MHZ_IBUF_BUFG
    MMCME2_ADV_X1Y0      MMCME2_ADV (Prop_mmcme2_adv_CLKIN1_CLKOUT0)
                                                     -1.061     0.372 r  u_clock_gen/u_mmcm/CLKOUT0
                         net (fo=1, routed)           0.486     0.858    u_clock_gen/clk25_unbuf
    BUFGCTRL_X0Y0        BUFG (Prop_bufg_I_O)         0.026     0.884 r  u_clock_gen/u_clk25_buf/O
                         net (fo=119, routed)         0.564     1.447    cam_xclk_OBUF
    SLICE_X30Y48         FDRE                                         r  mode_d_reg[1]/C
  -------------------------------------------------------------------    -------------------
    SLICE_X30Y48         FDRE (Prop_fdre_C_Q)         0.164     1.611 r  mode_d_reg[1]/Q
                         net (fo=12, routed)          0.355     1.966    u_framebuffer/u_bank2/video_pixel_reg[0]_0[1]
    SLICE_X33Y53         LUT6 (Prop_lut6_I4_O)        0.045     2.011 r  u_framebuffer/u_bank2/video_pixel[4]_i_1/O
                         net (fo=1, routed)           0.000     2.011    u_framebuffer_n_7
    SLICE_X33Y53         FDRE                                         r  video_pixel_reg[4]/D
  -------------------------------------------------------------------    -------------------

                         (clock clk25_unbuf rise edge)
                                                      0.000     0.000 r  
    W5                                                0.000     0.000 r  CLK100MHZ (IN)
                         net (fo=0)                   0.000     0.000    CLK100MHZ
    W5                   IBUF (Prop_ibuf_I_O)         0.414     0.414 r  CLK100MHZ_IBUF_inst/O
                         net (fo=1, routed)           0.685     1.099    CLK100MHZ_IBUF
    BUFGCTRL_X0Y1        BUFG (Prop_bufg_I_O)         0.029     1.128 r  CLK100MHZ_IBUF_BUFG_inst/O
                         net (fo=87, routed)          0.817     1.944    u_clock_gen/CLK100MHZ_IBUF_BUFG
    MMCME2_ADV_X1Y0      MMCME2_ADV (Prop_mmcme2_adv_CLKIN1_CLKOUT0)
                                                     -1.375     0.569 r  u_clock_gen/u_mmcm/CLKOUT0
                         net (fo=1, routed)           0.530     1.099    u_clock_gen/clk25_unbuf
    BUFGCTRL_X0Y0        BUFG (Prop_bufg_I_O)         0.029     1.128 r  u_clock_gen/u_clk25_buf/O
                         net (fo=119, routed)         0.829     1.957    cam_xclk_OBUF
    SLICE_X33Y53         FDRE                                         r  video_pixel_reg[4]/C
                         clock pessimism             -0.244     1.713    
    SLICE_X33Y53         FDRE (Hold_fdre_C_D)         0.092     1.805    video_pixel_reg[4]
  -------------------------------------------------------------------
                         required time                         -1.805    
                         arrival time                           2.011    
  -------------------------------------------------------------------
                         slack                                  0.206    





Pulse Width Checks
--------------------------------------------------------------------------------------
Clock Name:         clk25_unbuf
Waveform(ns):       { 0.000 20.000 }
Period(ns):         40.000
Sources:            { u_clock_gen/u_mmcm/CLKOUT0 }

Check Type        Corner  Lib Pin             Reference Pin  Required(ns)  Actual(ns)  Slack(ns)  Location         Pin
Min Period        n/a     RAMB36E1/CLKBWRCLK  n/a            2.892         40.000      37.108     RAMB36_X2Y14     u_framebuffer/u_bank0/mem_reg_0_0/CLKBWRCLK
Min Period        n/a     RAMB36E1/CLKBWRCLK  n/a            2.892         40.000      37.108     RAMB36_X2Y16     u_framebuffer/u_bank0/mem_reg_0_1/CLKBWRCLK
Min Period        n/a     RAMB36E1/CLKBWRCLK  n/a            2.892         40.000      37.108     RAMB36_X2Y12     u_framebuffer/u_bank0/mem_reg_0_2/CLKBWRCLK
Min Period        n/a     RAMB36E1/CLKBWRCLK  n/a            2.892         40.000      37.108     RAMB36_X2Y15     u_framebuffer/u_bank0/mem_reg_1_0/CLKBWRCLK
Min Period        n/a     RAMB36E1/CLKBWRCLK  n/a            2.892         40.000      37.108     RAMB36_X2Y17     u_framebuffer/u_bank0/mem_reg_1_1/CLKBWRCLK
Min Period        n/a     RAMB36E1/CLKBWRCLK  n/a            2.892         40.000      37.108     RAMB36_X2Y13     u_framebuffer/u_bank0/mem_reg_1_2/CLKBWRCLK
Min Period        n/a     RAMB36E1/CLKBWRCLK  n/a            2.892         40.000      37.108     RAMB36_X1Y7      u_framebuffer/u_bank1/mem_reg_0_0/CLKBWRCLK
Min Period        n/a     RAMB36E1/CLKBWRCLK  n/a            2.892         40.000      37.108     RAMB36_X2Y10     u_framebuffer/u_bank1/mem_reg_0_1/CLKBWRCLK
Min Period        n/a     RAMB36E1/CLKBWRCLK  n/a            2.892         40.000      37.108     RAMB36_X1Y10     u_framebuffer/u_bank1/mem_reg_0_2/CLKBWRCLK
Min Period        n/a     RAMB36E1/CLKBWRCLK  n/a            2.892         40.000      37.108     RAMB36_X1Y8      u_framebuffer/u_bank1/mem_reg_1_0/CLKBWRCLK
Max Period        n/a     MMCME2_ADV/CLKOUT0  n/a            213.360       40.000      173.360    MMCME2_ADV_X1Y0  u_clock_gen/u_mmcm/CLKOUT0
Low Pulse Width   Slow    FDRE/C              n/a            0.500         20.000      19.500     SLICE_X40Y53     base_fb_rd_addr_reg[0]/C
Low Pulse Width   Fast    FDRE/C              n/a            0.500         20.000      19.500     SLICE_X40Y53     base_fb_rd_addr_reg[0]/C
Low Pulse Width   Slow    FDRE/C              n/a            0.500         20.000      19.500     SLICE_X45Y55     base_fb_rd_addr_reg[10]/C
Low Pulse Width   Fast    FDRE/C              n/a            0.500         20.000      19.500     SLICE_X45Y55     base_fb_rd_addr_reg[10]/C
Low Pulse Width   Slow    FDRE/C              n/a            0.500         20.000      19.500     SLICE_X45Y55     base_fb_rd_addr_reg[11]/C
Low Pulse Width   Fast    FDRE/C              n/a            0.500         20.000      19.500     SLICE_X45Y55     base_fb_rd_addr_reg[11]/C
Low Pulse Width   Slow    FDRE/C              n/a            0.500         20.000      19.500     SLICE_X45Y55     base_fb_rd_addr_reg[12]/C
Low Pulse Width   Fast    FDRE/C              n/a            0.500         20.000      19.500     SLICE_X45Y55     base_fb_rd_addr_reg[12]/C
Low Pulse Width   Slow    FDRE/C              n/a            0.500         20.000      19.500     SLICE_X45Y56     base_fb_rd_addr_reg[13]/C
Low Pulse Width   Fast    FDRE/C              n/a            0.500         20.000      19.500     SLICE_X45Y56     base_fb_rd_addr_reg[13]/C
High Pulse Width  Slow    FDRE/C              n/a            0.500         20.000      19.500     SLICE_X40Y53     base_fb_rd_addr_reg[0]/C
High Pulse Width  Fast    FDRE/C              n/a            0.500         20.000      19.500     SLICE_X40Y53     base_fb_rd_addr_reg[0]/C
High Pulse Width  Slow    FDRE/C              n/a            0.500         20.000      19.500     SLICE_X45Y55     base_fb_rd_addr_reg[10]/C
High Pulse Width  Fast    FDRE/C              n/a            0.500         20.000      19.500     SLICE_X45Y55     base_fb_rd_addr_reg[10]/C
High Pulse Width  Slow    FDRE/C              n/a            0.500         20.000      19.500     SLICE_X45Y55     base_fb_rd_addr_reg[11]/C
High Pulse Width  Fast    FDRE/C              n/a            0.500         20.000      19.500     SLICE_X45Y55     base_fb_rd_addr_reg[11]/C
High Pulse Width  Slow    FDRE/C              n/a            0.500         20.000      19.500     SLICE_X45Y55     base_fb_rd_addr_reg[12]/C
High Pulse Width  Fast    FDRE/C              n/a            0.500         20.000      19.500     SLICE_X45Y55     base_fb_rd_addr_reg[12]/C
High Pulse Width  Slow    FDRE/C              n/a            0.500         20.000      19.500     SLICE_X45Y56     base_fb_rd_addr_reg[13]/C
High Pulse Width  Fast    FDRE/C              n/a            0.500         20.000      19.500     SLICE_X45Y56     base_fb_rd_addr_reg[13]/C



---------------------------------------------------------------------------------------------------
From Clock:  clkfb
  To Clock:  clkfb

Setup :           NA  Failing Endpoints,  Worst Slack           NA  ,  Total Violation           NA
Hold  :           NA  Failing Endpoints,  Worst Slack           NA  ,  Total Violation           NA
PW    :            0  Failing Endpoints,  Worst Slack        7.845ns,  Total Violation        0.000ns
---------------------------------------------------------------------------------------------------


Pulse Width Checks
--------------------------------------------------------------------------------------
Clock Name:         clkfb
Waveform(ns):       { 0.000 5.000 }
Period(ns):         10.000
Sources:            { u_clock_gen/u_mmcm/CLKFBOUT }

Check Type  Corner  Lib Pin              Reference Pin  Required(ns)  Actual(ns)  Slack(ns)  Location         Pin
Min Period  n/a     BUFG/I               n/a            2.155         10.000      7.845      BUFGCTRL_X0Y2    u_clock_gen/u_clkfb_buf/I
Min Period  n/a     MMCME2_ADV/CLKFBOUT  n/a            1.249         10.000      8.751      MMCME2_ADV_X1Y0  u_clock_gen/u_mmcm/CLKFBOUT
Min Period  n/a     MMCME2_ADV/CLKFBIN   n/a            1.249         10.000      8.751      MMCME2_ADV_X1Y0  u_clock_gen/u_mmcm/CLKFBIN
Max Period  n/a     MMCME2_ADV/CLKFBIN   n/a            100.000       10.000      90.000     MMCME2_ADV_X1Y0  u_clock_gen/u_mmcm/CLKFBIN
Max Period  n/a     MMCME2_ADV/CLKFBOUT  n/a            213.360       10.000      203.360    MMCME2_ADV_X1Y0  u_clock_gen/u_mmcm/CLKFBOUT



--------------------------------------------------------------------------------------
Path Group:  (none)
From Clock:  cam_pclk_clk
  To Clock:  clk25_unbuf

Max Delay             1 Endpoint
Min Delay             1 Endpoint
--------------------------------------------------------------------------------------


Max Delay Paths
--------------------------------------------------------------------------------------
Slack:                    inf
  Source:                 u_capture/frame_done_toggle_reg/C
                            (rising edge-triggered cell FDRE clocked by cam_pclk_clk  {rise@0.000ns fall@20.000ns period=40.000ns})
  Destination:            capture_frame_toggle_meta_reg/D
                            (rising edge-triggered cell FDRE clocked by clk25_unbuf  {rise@0.000ns fall@20.000ns period=40.000ns})
  Path Group:             (none)
  Path Type:              Setup (Max at Slow Process Corner)
  Data Path Delay:        1.001ns  (logic 0.456ns (45.535%)  route 0.545ns (54.465%))
  Logic Levels:           0  
  Clock Path Skew:        -0.603ns (DCD - SCD + CPR)
    Destination Clock Delay (DCD):    4.776ns
    Source Clock Delay      (SCD):    5.378ns
    Clock Pessimism Removal (CPR):    0.000ns
  Clock Uncertainty:      0.190ns  ((TSJ^2 + DJ^2)^1/2) / 2 + PE
    Total System Jitter     (TSJ):    0.071ns
    Discrete Jitter          (DJ):    0.168ns
    Phase Error              (PE):    0.099ns
  Timing Exception:       Asynchronous Clock Groups

    Location             Delay type                Incr(ns)  Path(ns)    Netlist Resource(s)
  -------------------------------------------------------------------    -------------------
                         (clock cam_pclk_clk rise edge)
                                                      0.000     0.000 r  
    A16                                               0.000     0.000 r  cam_pclk (IN)
                         net (fo=0)                   0.000     0.000    cam_pclk
    A16                  IBUF (Prop_ibuf_I_O)         1.457     1.457 r  cam_pclk_IBUF_inst/O
                         net (fo=1, routed)           2.273     3.730    led_OBUF[4]
    BUFGCTRL_X0Y16       BUFG (Prop_bufg_I_O)         0.096     3.826 r  led_OBUF_BUFG[4]_inst/O
                         net (fo=145, routed)         1.552     5.378    u_capture/led_OBUF[2]
    SLICE_X43Y56         FDRE                                         r  u_capture/frame_done_toggle_reg/C
  -------------------------------------------------------------------    -------------------
    SLICE_X43Y56         FDRE (Prop_fdre_C_Q)         0.456     5.834 r  u_capture/frame_done_toggle_reg/Q
                         net (fo=2, routed)           0.545     6.380    frame_done_toggle
    SLICE_X39Y56         FDRE                                         r  capture_frame_toggle_meta_reg/D
  -------------------------------------------------------------------    -------------------

                         (clock clk25_unbuf rise edge)
                                                      0.000     0.000 r  
    W5                                                0.000     0.000 r  CLK100MHZ (IN)
                         net (fo=0)                   0.000     0.000    CLK100MHZ
    W5                   IBUF (Prop_ibuf_I_O)         1.388     1.388 r  CLK100MHZ_IBUF_inst/O
                         net (fo=1, routed)           1.862     3.250    CLK100MHZ_IBUF
    BUFGCTRL_X0Y1        BUFG (Prop_bufg_I_O)         0.091     3.341 r  CLK100MHZ_IBUF_BUFG_inst/O
                         net (fo=87, routed)          1.457     4.798    u_clock_gen/CLK100MHZ_IBUF_BUFG
    MMCME2_ADV_X1Y0      MMCME2_ADV (Prop_mmcme2_adv_CLKIN1_CLKOUT0)
                                                     -3.129     1.669 r  u_clock_gen/u_mmcm/CLKOUT0
                         net (fo=1, routed)           1.581     3.250    u_clock_gen/clk25_unbuf
    BUFGCTRL_X0Y0        BUFG (Prop_bufg_I_O)         0.091     3.341 r  u_clock_gen/u_clk25_buf/O
                         net (fo=119, routed)         1.435     4.776    cam_xclk_OBUF
    SLICE_X39Y56         FDRE                                         r  capture_frame_toggle_meta_reg/C





Min Delay Paths
--------------------------------------------------------------------------------------
Slack:                    inf
  Source:                 u_capture/frame_done_toggle_reg/C
                            (rising edge-triggered cell FDRE clocked by cam_pclk_clk  {rise@0.000ns fall@20.000ns period=40.000ns})
  Destination:            capture_frame_toggle_meta_reg/D
                            (rising edge-triggered cell FDRE clocked by clk25_unbuf  {rise@0.000ns fall@20.000ns period=40.000ns})
  Path Group:             (none)
  Path Type:              Hold (Min at Fast Process Corner)
  Data Path Delay:        0.332ns  (logic 0.141ns (42.417%)  route 0.191ns (57.583%))
  Logic Levels:           0  
  Clock Path Skew:        0.346ns (DCD - SCD - CPR)
    Destination Clock Delay (DCD):    1.957ns
    Source Clock Delay      (SCD):    1.611ns
    Clock Pessimism Removal (CPR):    -0.000ns
  Clock Uncertainty:      0.190ns  ((TSJ^2 + DJ^2)^1/2) / 2 + PE
    Total System Jitter     (TSJ):    0.071ns
    Discrete Jitter          (DJ):    0.168ns
    Phase Error              (PE):    0.099ns
  Timing Exception:       Asynchronous Clock Groups

    Location             Delay type                Incr(ns)  Path(ns)    Netlist Resource(s)
  -------------------------------------------------------------------    -------------------
                         (clock cam_pclk_clk rise edge)
                                                      0.000     0.000 r  
    A16                                               0.000     0.000 r  cam_pclk (IN)
                         net (fo=0)                   0.000     0.000    cam_pclk
    A16                  IBUF (Prop_ibuf_I_O)         0.225     0.225 r  cam_pclk_IBUF_inst/O
                         net (fo=1, routed)           0.802     1.027    led_OBUF[4]
    BUFGCTRL_X0Y16       BUFG (Prop_bufg_I_O)         0.026     1.053 r  led_OBUF_BUFG[4]_inst/O
                         net (fo=145, routed)         0.559     1.611    u_capture/led_OBUF[2]
    SLICE_X43Y56         FDRE                                         r  u_capture/frame_done_toggle_reg/C
  -------------------------------------------------------------------    -------------------
    SLICE_X43Y56         FDRE (Prop_fdre_C_Q)         0.141     1.752 r  u_capture/frame_done_toggle_reg/Q
                         net (fo=2, routed)           0.191     1.944    frame_done_toggle
    SLICE_X39Y56         FDRE                                         r  capture_frame_toggle_meta_reg/D
  -------------------------------------------------------------------    -------------------

                         (clock clk25_unbuf rise edge)
                                                      0.000     0.000 r  
    W5                                                0.000     0.000 r  CLK100MHZ (IN)
                         net (fo=0)                   0.000     0.000    CLK100MHZ
    W5                   IBUF (Prop_ibuf_I_O)         0.414     0.414 r  CLK100MHZ_IBUF_inst/O
                         net (fo=1, routed)           0.685     1.099    CLK100MHZ_IBUF
    BUFGCTRL_X0Y1        BUFG (Prop_bufg_I_O)         0.029     1.128 r  CLK100MHZ_IBUF_BUFG_inst/O
                         net (fo=87, routed)          0.817     1.944    u_clock_gen/CLK100MHZ_IBUF_BUFG
    MMCME2_ADV_X1Y0      MMCME2_ADV (Prop_mmcme2_adv_CLKIN1_CLKOUT0)
                                                     -1.375     0.569 r  u_clock_gen/u_mmcm/CLKOUT0
                         net (fo=1, routed)           0.530     1.099    u_clock_gen/clk25_unbuf
    BUFGCTRL_X0Y0        BUFG (Prop_bufg_I_O)         0.029     1.128 r  u_clock_gen/u_clk25_buf/O
                         net (fo=119, routed)         0.829     1.957    cam_xclk_OBUF
    SLICE_X39Y56         FDRE                                         r  capture_frame_toggle_meta_reg/C





--------------------------------------------------------------------------------------
Path Group:  (none)
From Clock:  
  To Clock:  

Max Delay             4 Endpoints
Min Delay             4 Endpoints
--------------------------------------------------------------------------------------


Max Delay Paths
--------------------------------------------------------------------------------------
Slack:                    inf
  Source:                 cam_href
                            (input port)
  Destination:            led[3]
                            (output port)
  Path Group:             (none)
  Path Type:              Max at Slow Process Corner
  Data Path Delay:        12.608ns  (logic 4.962ns (39.358%)  route 7.646ns (60.642%))
  Logic Levels:           2  (IBUF=1 OBUF=1)

    Location             Delay type                Incr(ns)  Path(ns)    Netlist Resource(s)
  -------------------------------------------------------------------    -------------------
    A17                                               0.000     0.000 r  cam_href (IN)
                         net (fo=0)                   0.000     0.000    cam_href
    A17                  IBUF (Prop_ibuf_I_O)         1.453     1.453 r  cam_href_IBUF_inst/O
                         net (fo=11, routed)          7.646     9.099    led_OBUF[3]
    V19                  OBUF (Prop_obuf_I_O)         3.509    12.608 r  led_OBUF[3]_inst/O
                         net (fo=0)                   0.000    12.608    led[3]
    V19                                                               r  led[3] (OUT)
  -------------------------------------------------------------------    -------------------

Slack:                    inf
  Source:                 cam_vsync
                            (input port)
  Destination:            led[2]
                            (output port)
  Path Group:             (none)
  Path Type:              Max at Slow Process Corner
  Data Path Delay:        12.250ns  (logic 4.971ns (40.578%)  route 7.279ns (59.422%))
  Logic Levels:           2  (IBUF=1 OBUF=1)

    Location             Delay type                Incr(ns)  Path(ns)    Netlist Resource(s)
  -------------------------------------------------------------------    -------------------
    B15                                               0.000     0.000 r  cam_vsync (IN)
                         net (fo=0)                   0.000     0.000    cam_vsync
    B15                  IBUF (Prop_ibuf_I_O)         1.470     1.470 r  cam_vsync_IBUF_inst/O
                         net (fo=11, routed)          7.279     8.749    led_OBUF[2]
    U19                  OBUF (Prop_obuf_I_O)         3.501    12.250 r  led_OBUF[2]_inst/O
                         net (fo=0)                   0.000    12.250    led[2]
    U19                                                               r  led[2] (OUT)
  -------------------------------------------------------------------    -------------------

Slack:                    inf
  Source:                 sw[14]
                            (input port)
  Destination:            led[6]
                            (output port)
  Path Group:             (none)
  Path Type:              Max at Slow Process Corner
  Data Path Delay:        11.825ns  (logic 4.961ns (41.957%)  route 6.863ns (58.043%))
  Logic Levels:           2  (IBUF=1 OBUF=1)

    Location             Delay type                Incr(ns)  Path(ns)    Netlist Resource(s)
  -------------------------------------------------------------------    -------------------
    T1                                                0.000     0.000 r  sw[14] (IN)
                         net (fo=0)                   0.000     0.000    sw[14]
    T1                   IBUF (Prop_ibuf_I_O)         1.455     1.455 r  sw_IBUF[14]_inst/O
                         net (fo=153, routed)         6.863     8.319    led_OBUF[6]
    U14                  OBUF (Prop_obuf_I_O)         3.506    11.825 r  led_OBUF[6]_inst/O
                         net (fo=0)                   0.000    11.825    led[6]
    U14                                                               r  led[6] (OUT)
  -------------------------------------------------------------------    -------------------

Slack:                    inf
  Source:                 sw[15]
                            (input port)
  Destination:            led[7]
                            (output port)
  Path Group:             (none)
  Path Type:              Max at Slow Process Corner
  Data Path Delay:        10.425ns  (logic 4.957ns (47.549%)  route 5.468ns (52.451%))
  Logic Levels:           2  (IBUF=1 OBUF=1)

    Location             Delay type                Incr(ns)  Path(ns)    Netlist Resource(s)
  -------------------------------------------------------------------    -------------------
    R2                                                0.000     0.000 r  sw[15] (IN)
                         net (fo=0)                   0.000     0.000    sw[15]
    R2                   IBUF (Prop_ibuf_I_O)         1.456     1.456 r  sw_IBUF[15]_inst/O
                         net (fo=2, routed)           5.468     6.924    led_OBUF[7]
    V14                  OBUF (Prop_obuf_I_O)         3.501    10.425 r  led_OBUF[7]_inst/O
                         net (fo=0)                   0.000    10.425    led[7]
    V14                                                               r  led[7] (OUT)
  -------------------------------------------------------------------    -------------------





Min Delay Paths
--------------------------------------------------------------------------------------
Slack:                    inf
  Source:                 sw[15]
                            (input port)
  Destination:            led[7]
                            (output port)
  Path Group:             (none)
  Path Type:              Min at Fast Process Corner
  Data Path Delay:        3.603ns  (logic 1.426ns (39.581%)  route 2.177ns (60.419%))
  Logic Levels:           2  (IBUF=1 OBUF=1)

    Location             Delay type                Incr(ns)  Path(ns)    Netlist Resource(s)
  -------------------------------------------------------------------    -------------------
    R2                                                0.000     0.000 r  sw[15] (IN)
                         net (fo=0)                   0.000     0.000    sw[15]
    R2                   IBUF (Prop_ibuf_I_O)         0.224     0.224 r  sw_IBUF[15]_inst/O
                         net (fo=2, routed)           2.177     2.401    led_OBUF[7]
    V14                  OBUF (Prop_obuf_I_O)         1.202     3.603 r  led_OBUF[7]_inst/O
                         net (fo=0)                   0.000     3.603    led[7]
    V14                                                               r  led[7] (OUT)
  -------------------------------------------------------------------    -------------------

Slack:                    inf
  Source:                 sw[14]
                            (input port)
  Destination:            led[6]
                            (output port)
  Path Group:             (none)
  Path Type:              Min at Fast Process Corner
  Data Path Delay:        4.130ns  (logic 1.431ns (34.639%)  route 2.699ns (65.361%))
  Logic Levels:           2  (IBUF=1 OBUF=1)

    Location             Delay type                Incr(ns)  Path(ns)    Netlist Resource(s)
  -------------------------------------------------------------------    -------------------
    T1                                                0.000     0.000 r  sw[14] (IN)
                         net (fo=0)                   0.000     0.000    sw[14]
    T1                   IBUF (Prop_ibuf_I_O)         0.223     0.223 r  sw_IBUF[14]_inst/O
                         net (fo=153, routed)         2.699     2.923    led_OBUF[6]
    U14                  OBUF (Prop_obuf_I_O)         1.207     4.130 r  led_OBUF[6]_inst/O
                         net (fo=0)                   0.000     4.130    led[6]
    U14                                                               r  led[6] (OUT)
  -------------------------------------------------------------------    -------------------

Slack:                    inf
  Source:                 cam_vsync
                            (input port)
  Destination:            led[2]
                            (output port)
  Path Group:             (none)
  Path Type:              Min at Fast Process Corner
  Data Path Delay:        4.286ns  (logic 1.440ns (33.595%)  route 2.846ns (66.405%))
  Logic Levels:           2  (IBUF=1 OBUF=1)

    Location             Delay type                Incr(ns)  Path(ns)    Netlist Resource(s)
  -------------------------------------------------------------------    -------------------
    B15                                               0.000     0.000 r  cam_vsync (IN)
                         net (fo=0)                   0.000     0.000    cam_vsync
    B15                  IBUF (Prop_ibuf_I_O)         0.238     0.238 r  cam_vsync_IBUF_inst/O
                         net (fo=11, routed)          2.846     3.084    led_OBUF[2]
    U19                  OBUF (Prop_obuf_I_O)         1.202     4.286 r  led_OBUF[2]_inst/O
                         net (fo=0)                   0.000     4.286    led[2]
    U19                                                               r  led[2] (OUT)
  -------------------------------------------------------------------    -------------------

Slack:                    inf
  Source:                 cam_href
                            (input port)
  Destination:            led[3]
                            (output port)
  Path Group:             (none)
  Path Type:              Min at Fast Process Corner
  Data Path Delay:        4.534ns  (logic 1.431ns (31.569%)  route 3.103ns (68.431%))
  Logic Levels:           2  (IBUF=1 OBUF=1)

    Location             Delay type                Incr(ns)  Path(ns)    Netlist Resource(s)
  -------------------------------------------------------------------    -------------------
    A17                                               0.000     0.000 r  cam_href (IN)
                         net (fo=0)                   0.000     0.000    cam_href
    A17                  IBUF (Prop_ibuf_I_O)         0.221     0.221 r  cam_href_IBUF_inst/O
                         net (fo=11, routed)          3.103     3.324    led_OBUF[3]
    V19                  OBUF (Prop_obuf_I_O)         1.210     4.534 r  led_OBUF[3]_inst/O
                         net (fo=0)                   0.000     4.534    led[3]
    V19                                                               r  led[3] (OUT)
  -------------------------------------------------------------------    -------------------





--------------------------------------------------------------------------------------
Path Group:  (none)
From Clock:  cam_pclk_clk
  To Clock:  

Max Delay             1 Endpoint
Min Delay             1 Endpoint
--------------------------------------------------------------------------------------


Max Delay Paths
--------------------------------------------------------------------------------------
Slack:                    inf
  Source:                 cam_pclk
                            (clock source 'cam_pclk_clk'  {rise@0.000ns fall@20.000ns period=40.000ns})
  Destination:            led[4]
                            (output port)
  Path Group:             (none)
  Path Type:              Max at Slow Process Corner
  Data Path Delay:        10.267ns  (logic 5.062ns (49.299%)  route 5.205ns (50.701%))
  Logic Levels:           3  (BUFG=1 IBUF=1 OBUF=1)
  Clock Uncertainty:      0.025ns  ((TSJ^2 + TIJ^2)^1/2 + DJ) / 2 + PE
    Total System Jitter     (TSJ):    0.050ns
    Total Input Jitter      (TIJ):    0.000ns
    Discrete Jitter          (DJ):    0.000ns
    Phase Error              (PE):    0.000ns

    Location             Delay type                Incr(ns)  Path(ns)    Netlist Resource(s)
  -------------------------------------------------------------------    -------------------
                         (clock cam_pclk_clk fall edge)
                                                     20.000    20.000 f  
    A16                                               0.000    20.000 f  cam_pclk (IN)
                         net (fo=0)                   0.000    20.000    cam_pclk
    A16                  IBUF (Prop_ibuf_I_O)         1.457    21.457 f  cam_pclk_IBUF_inst/O
                         net (fo=1, routed)           2.273    23.730    led_OBUF[4]
    BUFGCTRL_X0Y16       BUFG (Prop_bufg_I_O)         0.096    23.826 f  led_OBUF_BUFG[4]_inst/O
                         net (fo=145, routed)         2.932    26.758    led_OBUF_BUFG[4]
    W18                  OBUF (Prop_obuf_I_O)         3.509    30.267 f  led_OBUF[4]_inst/O
                         net (fo=0)                   0.000    30.267    led[4]
    W18                                                               f  led[4] (OUT)
  -------------------------------------------------------------------    -------------------





Min Delay Paths
--------------------------------------------------------------------------------------
Slack:                    inf
  Source:                 cam_pclk
                            (clock source 'cam_pclk_clk'  {rise@0.000ns fall@20.000ns period=40.000ns})
  Destination:            led[4]
                            (output port)
  Path Group:             (none)
  Path Type:              Min at Fast Process Corner
  Data Path Delay:        3.007ns  (logic 1.461ns (48.580%)  route 1.546ns (51.420%))
  Logic Levels:           3  (BUFG=1 IBUF=1 OBUF=1)
  Clock Uncertainty:      0.025ns  ((TSJ^2 + TIJ^2)^1/2 + DJ) / 2 + PE
    Total System Jitter     (TSJ):    0.050ns
    Total Input Jitter      (TIJ):    0.000ns
    Discrete Jitter          (DJ):    0.000ns
    Phase Error              (PE):    0.000ns

    Location             Delay type                Incr(ns)  Path(ns)    Netlist Resource(s)
  -------------------------------------------------------------------    -------------------
                         (clock cam_pclk_clk rise edge)
                                                      0.000     0.000 r  
    A16                                               0.000     0.000 r  cam_pclk (IN)
                         net (fo=0)                   0.000     0.000    cam_pclk
    A16                  IBUF (Prop_ibuf_I_O)         0.225     0.225 r  cam_pclk_IBUF_inst/O
                         net (fo=1, routed)           0.802     1.027    led_OBUF[4]
    BUFGCTRL_X0Y16       BUFG (Prop_bufg_I_O)         0.026     1.053 r  led_OBUF_BUFG[4]_inst/O
                         net (fo=145, routed)         0.744     1.797    led_OBUF_BUFG[4]
    W18                  OBUF (Prop_obuf_I_O)         1.210     3.007 r  led_OBUF[4]_inst/O
                         net (fo=0)                   0.000     3.007    led[4]
    W18                                                               r  led[4] (OUT)
  -------------------------------------------------------------------    -------------------





--------------------------------------------------------------------------------------
Path Group:  (none)
From Clock:  clk25_unbuf
  To Clock:  

Max Delay            16 Endpoints
Min Delay            16 Endpoints
--------------------------------------------------------------------------------------


Max Delay Paths
--------------------------------------------------------------------------------------
Slack:                    inf
  Source:                 u_clock_gen/u_mmcm/CLKOUT0
                            (clock source 'clk25_unbuf'  {rise@0.000ns fall@20.000ns period=40.000ns})
  Destination:            cam_xclk
                            (output port)
  Path Group:             (none)
  Path Type:              Max at Slow Process Corner
  Data Path Delay:        8.361ns  (logic 3.601ns (43.065%)  route 4.761ns (56.935%))
  Logic Levels:           2  (BUFG=1 OBUF=1)
  Clock Uncertainty:      0.186ns  ((TSJ^2 + DJ^2)^1/2) / 2 + PE
    Total System Jitter     (TSJ):    0.050ns
    Discrete Jitter          (DJ):    0.168ns
    Phase Error              (PE):    0.099ns

    Location             Delay type                Incr(ns)  Path(ns)    Netlist Resource(s)
  -------------------------------------------------------------------    -------------------
                         (clock clk25_unbuf fall edge)
                                                     20.000    20.000 f  
    W5                                                0.000    20.000 f  CLK100MHZ (IN)
                         net (fo=0)                   0.000    20.000    CLK100MHZ
    W5                   IBUF (Prop_ibuf_I_O)         1.458    21.458 f  CLK100MHZ_IBUF_inst/O
                         net (fo=1, routed)           1.967    23.425    CLK100MHZ_IBUF
    BUFGCTRL_X0Y1        BUFG (Prop_bufg_I_O)         0.096    23.521 f  CLK100MHZ_IBUF_BUFG_inst/O
                         net (fo=87, routed)          1.575    25.096    u_clock_gen/CLK100MHZ_IBUF_BUFG
  -------------------------------------------------------------------    -------------------
    MMCME2_ADV_X1Y0      MMCME2_ADV (Prop_mmcme2_adv_CLKIN1_CLKOUT0)
                                                     -3.333    21.763 f  u_clock_gen/u_mmcm/CLKOUT0
                         net (fo=1, routed)           1.661    23.425    u_clock_gen/clk25_unbuf
    BUFGCTRL_X0Y0        BUFG (Prop_bufg_I_O)         0.096    23.521 f  u_clock_gen/u_clk25_buf/O
                         net (fo=119, routed)         3.099    26.620    cam_xclk_OBUF
    C15                  OBUF (Prop_obuf_I_O)         3.505    30.125 f  cam_xclk_OBUF_inst/O
                         net (fo=0)                   0.000    30.125    cam_xclk
    C15                                                               f  cam_xclk (OUT)
  -------------------------------------------------------------------    -------------------

Slack:                    inf
  Source:                 u_vga_timing/v_count_reg[7]/C
                            (rising edge-triggered cell FDRE clocked by clk25_unbuf  {rise@0.000ns fall@20.000ns period=40.000ns})
  Destination:            vga_b[1]
                            (output port)
  Path Group:             (none)
  Path Type:              Max at Slow Process Corner
  Data Path Delay:        10.931ns  (logic 4.652ns (42.562%)  route 6.279ns (57.438%))
  Logic Levels:           3  (LUT4=1 LUT6=1 OBUF=1)
  Clock Uncertainty:      0.186ns  ((TSJ^2 + DJ^2)^1/2) / 2 + PE
    Total System Jitter     (TSJ):    0.050ns
    Discrete Jitter          (DJ):    0.168ns
    Phase Error              (PE):    0.099ns

    Location             Delay type                Incr(ns)  Path(ns)    Netlist Resource(s)
  -------------------------------------------------------------------    -------------------
                         (clock clk25_unbuf rise edge)
                                                      0.000     0.000 r  
    W5                                                0.000     0.000 r  CLK100MHZ (IN)
                         net (fo=0)                   0.000     0.000    CLK100MHZ
    W5                   IBUF (Prop_ibuf_I_O)         1.458     1.458 r  CLK100MHZ_IBUF_inst/O
                         net (fo=1, routed)           1.967     3.425    CLK100MHZ_IBUF
    BUFGCTRL_X0Y1        BUFG (Prop_bufg_I_O)         0.096     3.521 r  CLK100MHZ_IBUF_BUFG_inst/O
                         net (fo=87, routed)          1.575     5.096    u_clock_gen/CLK100MHZ_IBUF_BUFG
    MMCME2_ADV_X1Y0      MMCME2_ADV (Prop_mmcme2_adv_CLKIN1_CLKOUT0)
                                                     -3.333     1.763 r  u_clock_gen/u_mmcm/CLKOUT0
                         net (fo=1, routed)           1.661     3.425    u_clock_gen/clk25_unbuf
    BUFGCTRL_X0Y0        BUFG (Prop_bufg_I_O)         0.096     3.521 r  u_clock_gen/u_clk25_buf/O
                         net (fo=119, routed)         1.554     5.075    u_vga_timing/CLK
    SLICE_X42Y53         FDRE                                         r  u_vga_timing/v_count_reg[7]/C
  -------------------------------------------------------------------    -------------------
    SLICE_X42Y53         FDRE (Prop_fdre_C_Q)         0.478     5.553 f  u_vga_timing/v_count_reg[7]/Q
                         net (fo=15, routed)          1.317     6.870    u_vga_timing/v_count[7]
    SLICE_X42Y53         LUT4 (Prop_lut4_I2_O)        0.323     7.193 r  u_vga_timing/vga_r_OBUF[3]_inst_i_2/O
                         net (fo=14, routed)          1.938     9.131    u_vga_timing/vga_r_OBUF[3]_inst_i_2_n_0
    SLICE_X32Y53         LUT6 (Prop_lut6_I0_O)        0.348     9.479 r  u_vga_timing/vga_b_OBUF[1]_inst_i_1/O
                         net (fo=1, routed)           3.023    12.502    vga_b_OBUF[1]
    L18                  OBUF (Prop_obuf_I_O)         3.503    16.006 r  vga_b_OBUF[1]_inst/O
                         net (fo=0)                   0.000    16.006    vga_b[1]
    L18                                                               r  vga_b[1] (OUT)
  -------------------------------------------------------------------    -------------------

Slack:                    inf
  Source:                 u_vga_timing/v_count_reg[7]/C
                            (rising edge-triggered cell FDRE clocked by clk25_unbuf  {rise@0.000ns fall@20.000ns period=40.000ns})
  Destination:            vga_g[2]
                            (output port)
  Path Group:             (none)
  Path Type:              Max at Slow Process Corner
  Data Path Delay:        10.849ns  (logic 4.678ns (43.121%)  route 6.171ns (56.879%))
  Logic Levels:           3  (LUT4=1 LUT6=1 OBUF=1)
  Clock Uncertainty:      0.186ns  ((TSJ^2 + DJ^2)^1/2) / 2 + PE
    Total System Jitter     (TSJ):    0.050ns
    Discrete Jitter          (DJ):    0.168ns
    Phase Error              (PE):    0.099ns

    Location             Delay type                Incr(ns)  Path(ns)    Netlist Resource(s)
  -------------------------------------------------------------------    -------------------
                         (clock clk25_unbuf rise edge)
                                                      0.000     0.000 r  
    W5                                                0.000     0.000 r  CLK100MHZ (IN)
                         net (fo=0)                   0.000     0.000    CLK100MHZ
    W5                   IBUF (Prop_ibuf_I_O)         1.458     1.458 r  CLK100MHZ_IBUF_inst/O
                         net (fo=1, routed)           1.967     3.425    CLK100MHZ_IBUF
    BUFGCTRL_X0Y1        BUFG (Prop_bufg_I_O)         0.096     3.521 r  CLK100MHZ_IBUF_BUFG_inst/O
                         net (fo=87, routed)          1.575     5.096    u_clock_gen/CLK100MHZ_IBUF_BUFG
    MMCME2_ADV_X1Y0      MMCME2_ADV (Prop_mmcme2_adv_CLKIN1_CLKOUT0)
                                                     -3.333     1.763 r  u_clock_gen/u_mmcm/CLKOUT0
                         net (fo=1, routed)           1.661     3.425    u_clock_gen/clk25_unbuf
    BUFGCTRL_X0Y0        BUFG (Prop_bufg_I_O)         0.096     3.521 r  u_clock_gen/u_clk25_buf/O
                         net (fo=119, routed)         1.554     5.075    u_vga_timing/CLK
    SLICE_X42Y53         FDRE                                         r  u_vga_timing/v_count_reg[7]/C
  -------------------------------------------------------------------    -------------------
    SLICE_X42Y53         FDRE (Prop_fdre_C_Q)         0.478     5.553 f  u_vga_timing/v_count_reg[7]/Q
                         net (fo=15, routed)          1.317     6.870    u_vga_timing/v_count[7]
    SLICE_X42Y53         LUT4 (Prop_lut4_I2_O)        0.323     7.193 r  u_vga_timing/vga_r_OBUF[3]_inst_i_2/O
                         net (fo=14, routed)          2.176     9.369    u_vga_timing/vga_r_OBUF[3]_inst_i_2_n_0
    SLICE_X32Y51         LUT6 (Prop_lut6_I0_O)        0.348     9.717 r  u_vga_timing/vga_g_OBUF[2]_inst_i_1/O
                         net (fo=1, routed)           2.677    12.395    vga_g_OBUF[2]
    G17                  OBUF (Prop_obuf_I_O)         3.529    15.924 r  vga_g_OBUF[2]_inst/O
                         net (fo=0)                   0.000    15.924    vga_g[2]
    G17                                                               r  vga_g[2] (OUT)
  -------------------------------------------------------------------    -------------------

Slack:                    inf
  Source:                 u_vga_timing/v_count_reg[7]/C
                            (rising edge-triggered cell FDRE clocked by clk25_unbuf  {rise@0.000ns fall@20.000ns period=40.000ns})
  Destination:            vga_b[0]
                            (output port)
  Path Group:             (none)
  Path Type:              Max at Slow Process Corner
  Data Path Delay:        10.789ns  (logic 4.644ns (43.045%)  route 6.145ns (56.955%))
  Logic Levels:           3  (LUT4=1 LUT6=1 OBUF=1)
  Clock Uncertainty:      0.186ns  ((TSJ^2 + DJ^2)^1/2) / 2 + PE
    Total System Jitter     (TSJ):    0.050ns
    Discrete Jitter          (DJ):    0.168ns
    Phase Error              (PE):    0.099ns

    Location             Delay type                Incr(ns)  Path(ns)    Netlist Resource(s)
  -------------------------------------------------------------------    -------------------
                         (clock clk25_unbuf rise edge)
                                                      0.000     0.000 r  
    W5                                                0.000     0.000 r  CLK100MHZ (IN)
                         net (fo=0)                   0.000     0.000    CLK100MHZ
    W5                   IBUF (Prop_ibuf_I_O)         1.458     1.458 r  CLK100MHZ_IBUF_inst/O
                         net (fo=1, routed)           1.967     3.425    CLK100MHZ_IBUF
    BUFGCTRL_X0Y1        BUFG (Prop_bufg_I_O)         0.096     3.521 r  CLK100MHZ_IBUF_BUFG_inst/O
                         net (fo=87, routed)          1.575     5.096    u_clock_gen/CLK100MHZ_IBUF_BUFG
    MMCME2_ADV_X1Y0      MMCME2_ADV (Prop_mmcme2_adv_CLKIN1_CLKOUT0)
                                                     -3.333     1.763 r  u_clock_gen/u_mmcm/CLKOUT0
                         net (fo=1, routed)           1.661     3.425    u_clock_gen/clk25_unbuf
    BUFGCTRL_X0Y0        BUFG (Prop_bufg_I_O)         0.096     3.521 r  u_clock_gen/u_clk25_buf/O
                         net (fo=119, routed)         1.554     5.075    u_vga_timing/CLK
    SLICE_X42Y53         FDRE                                         r  u_vga_timing/v_count_reg[7]/C
  -------------------------------------------------------------------    -------------------
    SLICE_X42Y53         FDRE (Prop_fdre_C_Q)         0.478     5.553 f  u_vga_timing/v_count_reg[7]/Q
                         net (fo=15, routed)          1.317     6.870    u_vga_timing/v_count[7]
    SLICE_X42Y53         LUT4 (Prop_lut4_I2_O)        0.323     7.193 r  u_vga_timing/vga_r_OBUF[3]_inst_i_2/O
                         net (fo=14, routed)          1.805     8.998    u_vga_timing/vga_r_OBUF[3]_inst_i_2_n_0
    SLICE_X33Y51         LUT6 (Prop_lut6_I0_O)        0.348     9.346 r  u_vga_timing/vga_b_OBUF[0]_inst_i_1/O
                         net (fo=1, routed)           3.023    12.369    vga_b_OBUF[0]
    N18                  OBUF (Prop_obuf_I_O)         3.495    15.864 r  vga_b_OBUF[0]_inst/O
                         net (fo=0)                   0.000    15.864    vga_b[0]
    N18                                                               r  vga_b[0] (OUT)
  -------------------------------------------------------------------    -------------------

Slack:                    inf
  Source:                 u_vga_timing/v_count_reg[7]/C
                            (rising edge-triggered cell FDRE clocked by clk25_unbuf  {rise@0.000ns fall@20.000ns period=40.000ns})
  Destination:            vga_g[3]
                            (output port)
  Path Group:             (none)
  Path Type:              Max at Slow Process Corner
  Data Path Delay:        10.753ns  (logic 4.679ns (43.519%)  route 6.073ns (56.481%))
  Logic Levels:           3  (LUT4=1 LUT6=1 OBUF=1)
  Clock Uncertainty:      0.186ns  ((TSJ^2 + DJ^2)^1/2) / 2 + PE
    Total System Jitter     (TSJ):    0.050ns
    Discrete Jitter          (DJ):    0.168ns
    Phase Error              (PE):    0.099ns

    Location             Delay type                Incr(ns)  Path(ns)    Netlist Resource(s)
  -------------------------------------------------------------------    -------------------
                         (clock clk25_unbuf rise edge)
                                                      0.000     0.000 r  
    W5                                                0.000     0.000 r  CLK100MHZ (IN)
                         net (fo=0)                   0.000     0.000    CLK100MHZ
    W5                   IBUF (Prop_ibuf_I_O)         1.458     1.458 r  CLK100MHZ_IBUF_inst/O
                         net (fo=1, routed)           1.967     3.425    CLK100MHZ_IBUF
    BUFGCTRL_X0Y1        BUFG (Prop_bufg_I_O)         0.096     3.521 r  CLK100MHZ_IBUF_BUFG_inst/O
                         net (fo=87, routed)          1.575     5.096    u_clock_gen/CLK100MHZ_IBUF_BUFG
    MMCME2_ADV_X1Y0      MMCME2_ADV (Prop_mmcme2_adv_CLKIN1_CLKOUT0)
                                                     -3.333     1.763 r  u_clock_gen/u_mmcm/CLKOUT0
                         net (fo=1, routed)           1.661     3.425    u_clock_gen/clk25_unbuf
    BUFGCTRL_X0Y0        BUFG (Prop_bufg_I_O)         0.096     3.521 r  u_clock_gen/u_clk25_buf/O
                         net (fo=119, routed)         1.554     5.075    u_vga_timing/CLK
    SLICE_X42Y53         FDRE                                         r  u_vga_timing/v_count_reg[7]/C
  -------------------------------------------------------------------    -------------------
    SLICE_X42Y53         FDRE (Prop_fdre_C_Q)         0.478     5.553 f  u_vga_timing/v_count_reg[7]/Q
                         net (fo=15, routed)          1.317     6.870    u_vga_timing/v_count[7]
    SLICE_X42Y53         LUT4 (Prop_lut4_I2_O)        0.323     7.193 r  u_vga_timing/vga_r_OBUF[3]_inst_i_2/O
                         net (fo=14, routed)          2.171     9.364    u_vga_timing/vga_r_OBUF[3]_inst_i_2_n_0
    SLICE_X32Y51         LUT6 (Prop_lut6_I0_O)        0.348     9.712 r  u_vga_timing/vga_g_OBUF[3]_inst_i_1/O
                         net (fo=1, routed)           2.585    12.297    vga_g_OBUF[3]
    D17                  OBUF (Prop_obuf_I_O)         3.530    15.828 r  vga_g_OBUF[3]_inst/O
                         net (fo=0)                   0.000    15.828    vga_g[3]
    D17                                                               r  vga_g[3] (OUT)
  -------------------------------------------------------------------    -------------------

Slack:                    inf
  Source:                 u_vga_timing/v_count_reg[7]/C
                            (rising edge-triggered cell FDRE clocked by clk25_unbuf  {rise@0.000ns fall@20.000ns period=40.000ns})
  Destination:            vga_b[2]
                            (output port)
  Path Group:             (none)
  Path Type:              Max at Slow Process Corner
  Data Path Delay:        10.612ns  (logic 4.668ns (43.986%)  route 5.944ns (56.014%))
  Logic Levels:           3  (LUT4=1 LUT6=1 OBUF=1)
  Clock Uncertainty:      0.186ns  ((TSJ^2 + DJ^2)^1/2) / 2 + PE
    Total System Jitter     (TSJ):    0.050ns
    Discrete Jitter          (DJ):    0.168ns
    Phase Error              (PE):    0.099ns

    Location             Delay type                Incr(ns)  Path(ns)    Netlist Resource(s)
  -------------------------------------------------------------------    -------------------
                         (clock clk25_unbuf rise edge)
                                                      0.000     0.000 r  
    W5                                                0.000     0.000 r  CLK100MHZ (IN)
                         net (fo=0)                   0.000     0.000    CLK100MHZ
    W5                   IBUF (Prop_ibuf_I_O)         1.458     1.458 r  CLK100MHZ_IBUF_inst/O
                         net (fo=1, routed)           1.967     3.425    CLK100MHZ_IBUF
    BUFGCTRL_X0Y1        BUFG (Prop_bufg_I_O)         0.096     3.521 r  CLK100MHZ_IBUF_BUFG_inst/O
                         net (fo=87, routed)          1.575     5.096    u_clock_gen/CLK100MHZ_IBUF_BUFG
    MMCME2_ADV_X1Y0      MMCME2_ADV (Prop_mmcme2_adv_CLKIN1_CLKOUT0)
                                                     -3.333     1.763 r  u_clock_gen/u_mmcm/CLKOUT0
                         net (fo=1, routed)           1.661     3.425    u_clock_gen/clk25_unbuf
    BUFGCTRL_X0Y0        BUFG (Prop_bufg_I_O)         0.096     3.521 r  u_clock_gen/u_clk25_buf/O
                         net (fo=119, routed)         1.554     5.075    u_vga_timing/CLK
    SLICE_X42Y53         FDRE                                         r  u_vga_timing/v_count_reg[7]/C
  -------------------------------------------------------------------    -------------------
    SLICE_X42Y53         FDRE (Prop_fdre_C_Q)         0.478     5.553 f  u_vga_timing/v_count_reg[7]/Q
                         net (fo=15, routed)          1.317     6.870    u_vga_timing/v_count[7]
    SLICE_X42Y53         LUT4 (Prop_lut4_I2_O)        0.323     7.193 r  u_vga_timing/vga_r_OBUF[3]_inst_i_2/O
                         net (fo=14, routed)          1.588     8.781    u_vga_timing/vga_r_OBUF[3]_inst_i_2_n_0
    SLICE_X32Y51         LUT6 (Prop_lut6_I0_O)        0.348     9.129 r  u_vga_timing/vga_b_OBUF[2]_inst_i_1/O
                         net (fo=1, routed)           3.039    12.168    vga_b_OBUF[2]
    K18                  OBUF (Prop_obuf_I_O)         3.519    15.687 r  vga_b_OBUF[2]_inst/O
                         net (fo=0)                   0.000    15.687    vga_b[2]
    K18                                                               r  vga_b[2] (OUT)
  -------------------------------------------------------------------    -------------------

Slack:                    inf
  Source:                 u_vga_timing/v_count_reg[7]/C
                            (rising edge-triggered cell FDRE clocked by clk25_unbuf  {rise@0.000ns fall@20.000ns period=40.000ns})
  Destination:            vga_r[1]
                            (output port)
  Path Group:             (none)
  Path Type:              Max at Slow Process Corner
  Data Path Delay:        10.572ns  (logic 4.668ns (44.158%)  route 5.903ns (55.842%))
  Logic Levels:           3  (LUT4=1 LUT6=1 OBUF=1)
  Clock Uncertainty:      0.186ns  ((TSJ^2 + DJ^2)^1/2) / 2 + PE
    Total System Jitter     (TSJ):    0.050ns
    Discrete Jitter          (DJ):    0.168ns
    Phase Error              (PE):    0.099ns

    Location             Delay type                Incr(ns)  Path(ns)    Netlist Resource(s)
  -------------------------------------------------------------------    -------------------
                         (clock clk25_unbuf rise edge)
                                                      0.000     0.000 r  
    W5                                                0.000     0.000 r  CLK100MHZ (IN)
                         net (fo=0)                   0.000     0.000    CLK100MHZ
    W5                   IBUF (Prop_ibuf_I_O)         1.458     1.458 r  CLK100MHZ_IBUF_inst/O
                         net (fo=1, routed)           1.967     3.425    CLK100MHZ_IBUF
    BUFGCTRL_X0Y1        BUFG (Prop_bufg_I_O)         0.096     3.521 r  CLK100MHZ_IBUF_BUFG_inst/O
                         net (fo=87, routed)          1.575     5.096    u_clock_gen/CLK100MHZ_IBUF_BUFG
    MMCME2_ADV_X1Y0      MMCME2_ADV (Prop_mmcme2_adv_CLKIN1_CLKOUT0)
                                                     -3.333     1.763 r  u_clock_gen/u_mmcm/CLKOUT0
                         net (fo=1, routed)           1.661     3.425    u_clock_gen/clk25_unbuf
    BUFGCTRL_X0Y0        BUFG (Prop_bufg_I_O)         0.096     3.521 r  u_clock_gen/u_clk25_buf/O
                         net (fo=119, routed)         1.554     5.075    u_vga_timing/CLK
    SLICE_X42Y53         FDRE                                         r  u_vga_timing/v_count_reg[7]/C
  -------------------------------------------------------------------    -------------------
    SLICE_X42Y53         FDRE (Prop_fdre_C_Q)         0.478     5.553 f  u_vga_timing/v_count_reg[7]/Q
                         net (fo=15, routed)          1.317     6.870    u_vga_timing/v_count[7]
    SLICE_X42Y53         LUT4 (Prop_lut4_I2_O)        0.323     7.193 r  u_vga_timing/vga_r_OBUF[3]_inst_i_2/O
                         net (fo=14, routed)          1.659     8.852    u_vga_timing/vga_r_OBUF[3]_inst_i_2_n_0
    SLICE_X32Y52         LUT6 (Prop_lut6_I0_O)        0.348     9.200 r  u_vga_timing/vga_r_OBUF[1]_inst_i_1/O
                         net (fo=1, routed)           2.927    12.127    vga_r_OBUF[1]
    H19                  OBUF (Prop_obuf_I_O)         3.519    15.647 r  vga_r_OBUF[1]_inst/O
                         net (fo=0)                   0.000    15.647    vga_r[1]
    H19                                                               r  vga_r[1] (OUT)
  -------------------------------------------------------------------    -------------------

Slack:                    inf
  Source:                 u_vga_timing/v_count_reg[7]/C
                            (rising edge-triggered cell FDRE clocked by clk25_unbuf  {rise@0.000ns fall@20.000ns period=40.000ns})
  Destination:            vga_r[2]
                            (output port)
  Path Group:             (none)
  Path Type:              Max at Slow Process Corner
  Data Path Delay:        10.461ns  (logic 4.673ns (44.670%)  route 5.788ns (55.331%))
  Logic Levels:           3  (LUT4=1 LUT6=1 OBUF=1)
  Clock Uncertainty:      0.186ns  ((TSJ^2 + DJ^2)^1/2) / 2 + PE
    Total System Jitter     (TSJ):    0.050ns
    Discrete Jitter          (DJ):    0.168ns
    Phase Error              (PE):    0.099ns

    Location             Delay type                Incr(ns)  Path(ns)    Netlist Resource(s)
  -------------------------------------------------------------------    -------------------
                         (clock clk25_unbuf rise edge)
                                                      0.000     0.000 r  
    W5                                                0.000     0.000 r  CLK100MHZ (IN)
                         net (fo=0)                   0.000     0.000    CLK100MHZ
    W5                   IBUF (Prop_ibuf_I_O)         1.458     1.458 r  CLK100MHZ_IBUF_inst/O
                         net (fo=1, routed)           1.967     3.425    CLK100MHZ_IBUF
    BUFGCTRL_X0Y1        BUFG (Prop_bufg_I_O)         0.096     3.521 r  CLK100MHZ_IBUF_BUFG_inst/O
                         net (fo=87, routed)          1.575     5.096    u_clock_gen/CLK100MHZ_IBUF_BUFG
    MMCME2_ADV_X1Y0      MMCME2_ADV (Prop_mmcme2_adv_CLKIN1_CLKOUT0)
                                                     -3.333     1.763 r  u_clock_gen/u_mmcm/CLKOUT0
                         net (fo=1, routed)           1.661     3.425    u_clock_gen/clk25_unbuf
    BUFGCTRL_X0Y0        BUFG (Prop_bufg_I_O)         0.096     3.521 r  u_clock_gen/u_clk25_buf/O
                         net (fo=119, routed)         1.554     5.075    u_vga_timing/CLK
    SLICE_X42Y53         FDRE                                         r  u_vga_timing/v_count_reg[7]/C
  -------------------------------------------------------------------    -------------------
    SLICE_X42Y53         FDRE (Prop_fdre_C_Q)         0.478     5.553 f  u_vga_timing/v_count_reg[7]/Q
                         net (fo=15, routed)          1.317     6.870    u_vga_timing/v_count[7]
    SLICE_X42Y53         LUT4 (Prop_lut4_I2_O)        0.323     7.193 r  u_vga_timing/vga_r_OBUF[3]_inst_i_2/O
                         net (fo=14, routed)          1.652     8.845    u_vga_timing/vga_r_OBUF[3]_inst_i_2_n_0
    SLICE_X32Y52         LUT6 (Prop_lut6_I0_O)        0.348     9.193 r  u_vga_timing/vga_r_OBUF[2]_inst_i_1/O
                         net (fo=1, routed)           2.819    12.012    vga_r_OBUF[2]
    J19                  OBUF (Prop_obuf_I_O)         3.524    15.536 r  vga_r_OBUF[2]_inst/O
                         net (fo=0)                   0.000    15.536    vga_r[2]
    J19                                                               r  vga_r[2] (OUT)
  -------------------------------------------------------------------    -------------------

Slack:                    inf
  Source:                 u_vga_timing/v_count_reg[7]/C
                            (rising edge-triggered cell FDRE clocked by clk25_unbuf  {rise@0.000ns fall@20.000ns period=40.000ns})
  Destination:            vga_g[0]
                            (output port)
  Path Group:             (none)
  Path Type:              Max at Slow Process Corner
  Data Path Delay:        10.398ns  (logic 4.670ns (44.912%)  route 5.728ns (55.088%))
  Logic Levels:           3  (LUT4=1 LUT6=1 OBUF=1)
  Clock Uncertainty:      0.186ns  ((TSJ^2 + DJ^2)^1/2) / 2 + PE
    Total System Jitter     (TSJ):    0.050ns
    Discrete Jitter          (DJ):    0.168ns
    Phase Error              (PE):    0.099ns

    Location             Delay type                Incr(ns)  Path(ns)    Netlist Resource(s)
  -------------------------------------------------------------------    -------------------
                         (clock clk25_unbuf rise edge)
                                                      0.000     0.000 r  
    W5                                                0.000     0.000 r  CLK100MHZ (IN)
                         net (fo=0)                   0.000     0.000    CLK100MHZ
    W5                   IBUF (Prop_ibuf_I_O)         1.458     1.458 r  CLK100MHZ_IBUF_inst/O
                         net (fo=1, routed)           1.967     3.425    CLK100MHZ_IBUF
    BUFGCTRL_X0Y1        BUFG (Prop_bufg_I_O)         0.096     3.521 r  CLK100MHZ_IBUF_BUFG_inst/O
                         net (fo=87, routed)          1.575     5.096    u_clock_gen/CLK100MHZ_IBUF_BUFG
    MMCME2_ADV_X1Y0      MMCME2_ADV (Prop_mmcme2_adv_CLKIN1_CLKOUT0)
                                                     -3.333     1.763 r  u_clock_gen/u_mmcm/CLKOUT0
                         net (fo=1, routed)           1.661     3.425    u_clock_gen/clk25_unbuf
    BUFGCTRL_X0Y0        BUFG (Prop_bufg_I_O)         0.096     3.521 r  u_clock_gen/u_clk25_buf/O
                         net (fo=119, routed)         1.554     5.075    u_vga_timing/CLK
    SLICE_X42Y53         FDRE                                         r  u_vga_timing/v_count_reg[7]/C
  -------------------------------------------------------------------    -------------------
    SLICE_X42Y53         FDRE (Prop_fdre_C_Q)         0.478     5.553 f  u_vga_timing/v_count_reg[7]/Q
                         net (fo=15, routed)          1.317     6.870    u_vga_timing/v_count[7]
    SLICE_X42Y53         LUT4 (Prop_lut4_I2_O)        0.323     7.193 r  u_vga_timing/vga_r_OBUF[3]_inst_i_2/O
                         net (fo=14, routed)          1.592     8.785    u_vga_timing/vga_r_OBUF[3]_inst_i_2_n_0
    SLICE_X32Y51         LUT6 (Prop_lut6_I0_O)        0.348     9.133 r  u_vga_timing/vga_g_OBUF[0]_inst_i_1/O
                         net (fo=1, routed)           2.819    11.952    vga_g_OBUF[0]
    J17                  OBUF (Prop_obuf_I_O)         3.521    15.473 r  vga_g_OBUF[0]_inst/O
                         net (fo=0)                   0.000    15.473    vga_g[0]
    J17                                                               r  vga_g[0] (OUT)
  -------------------------------------------------------------------    -------------------

Slack:                    inf
  Source:                 u_vga_timing/v_count_reg[7]/C
                            (rising edge-triggered cell FDRE clocked by clk25_unbuf  {rise@0.000ns fall@20.000ns period=40.000ns})
  Destination:            vga_r[0]
                            (output port)
  Path Group:             (none)
  Path Type:              Max at Slow Process Corner
  Data Path Delay:        10.385ns  (logic 4.673ns (44.995%)  route 5.712ns (55.005%))
  Logic Levels:           3  (LUT4=1 LUT6=1 OBUF=1)
  Clock Uncertainty:      0.186ns  ((TSJ^2 + DJ^2)^1/2) / 2 + PE
    Total System Jitter     (TSJ):    0.050ns
    Discrete Jitter          (DJ):    0.168ns
    Phase Error              (PE):    0.099ns

    Location             Delay type                Incr(ns)  Path(ns)    Netlist Resource(s)
  -------------------------------------------------------------------    -------------------
                         (clock clk25_unbuf rise edge)
                                                      0.000     0.000 r  
    W5                                                0.000     0.000 r  CLK100MHZ (IN)
                         net (fo=0)                   0.000     0.000    CLK100MHZ
    W5                   IBUF (Prop_ibuf_I_O)         1.458     1.458 r  CLK100MHZ_IBUF_inst/O
                         net (fo=1, routed)           1.967     3.425    CLK100MHZ_IBUF
    BUFGCTRL_X0Y1        BUFG (Prop_bufg_I_O)         0.096     3.521 r  CLK100MHZ_IBUF_BUFG_inst/O
                         net (fo=87, routed)          1.575     5.096    u_clock_gen/CLK100MHZ_IBUF_BUFG
    MMCME2_ADV_X1Y0      MMCME2_ADV (Prop_mmcme2_adv_CLKIN1_CLKOUT0)
                                                     -3.333     1.763 r  u_clock_gen/u_mmcm/CLKOUT0
                         net (fo=1, routed)           1.661     3.425    u_clock_gen/clk25_unbuf
    BUFGCTRL_X0Y0        BUFG (Prop_bufg_I_O)         0.096     3.521 r  u_clock_gen/u_clk25_buf/O
                         net (fo=119, routed)         1.554     5.075    u_vga_timing/CLK
    SLICE_X42Y53         FDRE                                         r  u_vga_timing/v_count_reg[7]/C
  -------------------------------------------------------------------    -------------------
    SLICE_X42Y53         FDRE (Prop_fdre_C_Q)         0.478     5.553 f  u_vga_timing/v_count_reg[7]/Q
                         net (fo=15, routed)          1.317     6.870    u_vga_timing/v_count[7]
    SLICE_X42Y53         LUT4 (Prop_lut4_I2_O)        0.323     7.193 r  u_vga_timing/vga_r_OBUF[3]_inst_i_2/O
                         net (fo=14, routed)          1.576     8.769    u_vga_timing/vga_r_OBUF[3]_inst_i_2_n_0
    SLICE_X33Y52         LUT6 (Prop_lut6_I0_O)        0.348     9.117 r  u_vga_timing/vga_r_OBUF[0]_inst_i_1/O
                         net (fo=1, routed)           2.819    11.936    vga_r_OBUF[0]
    G19                  OBUF (Prop_obuf_I_O)         3.524    15.460 r  vga_r_OBUF[0]_inst/O
                         net (fo=0)                   0.000    15.460    vga_r[0]
    G19                                                               r  vga_r[0] (OUT)
  -------------------------------------------------------------------    -------------------





Min Delay Paths
--------------------------------------------------------------------------------------
Slack:                    inf
  Source:                 u_clock_gen/u_mmcm/CLKOUT0
                            (clock source 'clk25_unbuf'  {rise@0.000ns fall@20.000ns period=40.000ns})
  Destination:            cam_xclk
                            (output port)
  Path Group:             (none)
  Path Type:              Min at Fast Process Corner
  Data Path Delay:        2.538ns  (logic 1.232ns (48.546%)  route 1.306ns (51.454%))
  Logic Levels:           2  (BUFG=1 OBUF=1)
  Clock Uncertainty:      0.186ns  ((TSJ^2 + DJ^2)^1/2) / 2 + PE
    Total System Jitter     (TSJ):    0.050ns
    Discrete Jitter          (DJ):    0.168ns
    Phase Error              (PE):    0.099ns

    Location             Delay type                Incr(ns)  Path(ns)    Netlist Resource(s)
  -------------------------------------------------------------------    -------------------
                         (clock clk25_unbuf rise edge)
                                                      0.000     0.000 r  
    W5                                                0.000     0.000 r  CLK100MHZ (IN)
                         net (fo=0)                   0.000     0.000    CLK100MHZ
    W5                   IBUF (Prop_ibuf_I_O)         0.226     0.226 r  CLK100MHZ_IBUF_inst/O
                         net (fo=1, routed)           0.631     0.858    CLK100MHZ_IBUF
    BUFGCTRL_X0Y1        BUFG (Prop_bufg_I_O)         0.026     0.884 r  CLK100MHZ_IBUF_BUFG_inst/O
                         net (fo=87, routed)          0.549     1.432    u_clock_gen/CLK100MHZ_IBUF_BUFG
  -------------------------------------------------------------------    -------------------
    MMCME2_ADV_X1Y0      MMCME2_ADV (Prop_mmcme2_adv_CLKIN1_CLKOUT0)
                                                     -1.061     0.372 r  u_clock_gen/u_mmcm/CLKOUT0
                         net (fo=1, routed)           0.486     0.858    u_clock_gen/clk25_unbuf
    BUFGCTRL_X0Y0        BUFG (Prop_bufg_I_O)         0.026     0.884 r  u_clock_gen/u_clk25_buf/O
                         net (fo=119, routed)         0.820     1.703    cam_xclk_OBUF
    C15                  OBUF (Prop_obuf_I_O)         1.206     2.909 r  cam_xclk_OBUF_inst/O
                         net (fo=0)                   0.000     2.909    cam_xclk
    C15                                                               r  cam_xclk (OUT)
  -------------------------------------------------------------------    -------------------

Slack:                    inf
  Source:                 video_pixel_reg[7]/C
                            (rising edge-triggered cell FDRE clocked by clk25_unbuf  {rise@0.000ns fall@20.000ns period=40.000ns})
  Destination:            vga_g[3]
                            (output port)
  Path Group:             (none)
  Path Type:              Min at Fast Process Corner
  Data Path Delay:        2.431ns  (logic 1.417ns (58.295%)  route 1.014ns (41.705%))
  Logic Levels:           2  (LUT6=1 OBUF=1)
  Clock Uncertainty:      0.186ns  ((TSJ^2 + DJ^2)^1/2) / 2 + PE
    Total System Jitter     (TSJ):    0.050ns
    Discrete Jitter          (DJ):    0.168ns
    Phase Error              (PE):    0.099ns

    Location             Delay type                Incr(ns)  Path(ns)    Netlist Resource(s)
  -------------------------------------------------------------------    -------------------
                         (clock clk25_unbuf rise edge)
                                                      0.000     0.000 r  
    W5                                                0.000     0.000 r  CLK100MHZ (IN)
                         net (fo=0)                   0.000     0.000    CLK100MHZ
    W5                   IBUF (Prop_ibuf_I_O)         0.226     0.226 r  CLK100MHZ_IBUF_inst/O
                         net (fo=1, routed)           0.631     0.858    CLK100MHZ_IBUF
    BUFGCTRL_X0Y1        BUFG (Prop_bufg_I_O)         0.026     0.884 r  CLK100MHZ_IBUF_BUFG_inst/O
                         net (fo=87, routed)          0.549     1.432    u_clock_gen/CLK100MHZ_IBUF_BUFG
    MMCME2_ADV_X1Y0      MMCME2_ADV (Prop_mmcme2_adv_CLKIN1_CLKOUT0)
                                                     -1.061     0.372 r  u_clock_gen/u_mmcm/CLKOUT0
                         net (fo=1, routed)           0.486     0.858    u_clock_gen/clk25_unbuf
    BUFGCTRL_X0Y0        BUFG (Prop_bufg_I_O)         0.026     0.884 r  u_clock_gen/u_clk25_buf/O
                         net (fo=119, routed)         0.561     1.444    cam_xclk_OBUF
    SLICE_X33Y54         FDRE                                         r  video_pixel_reg[7]/C
  -------------------------------------------------------------------    -------------------
    SLICE_X33Y54         FDRE (Prop_fdre_C_Q)         0.141     1.585 r  video_pixel_reg[7]/Q
                         net (fo=1, routed)           0.263     1.848    u_vga_timing/Q[7]
    SLICE_X32Y51         LUT6 (Prop_lut6_I5_O)        0.045     1.893 r  u_vga_timing/vga_g_OBUF[3]_inst_i_1/O
                         net (fo=1, routed)           0.751     2.644    vga_g_OBUF[3]
    D17                  OBUF (Prop_obuf_I_O)         1.231     3.876 r  vga_g_OBUF[3]_inst/O
                         net (fo=0)                   0.000     3.876    vga_g[3]
    D17                                                               r  vga_g[3] (OUT)
  -------------------------------------------------------------------    -------------------

Slack:                    inf
  Source:                 video_pixel_reg[5]/C
                            (rising edge-triggered cell FDRE clocked by clk25_unbuf  {rise@0.000ns fall@20.000ns period=40.000ns})
  Destination:            vga_g[1]
                            (output port)
  Path Group:             (none)
  Path Type:              Min at Fast Process Corner
  Data Path Delay:        2.439ns  (logic 1.393ns (57.097%)  route 1.046ns (42.903%))
  Logic Levels:           2  (LUT6=1 OBUF=1)
  Clock Uncertainty:      0.186ns  ((TSJ^2 + DJ^2)^1/2) / 2 + PE
    Total System Jitter     (TSJ):    0.050ns
    Discrete Jitter          (DJ):    0.168ns
    Phase Error              (PE):    0.099ns

    Location             Delay type                Incr(ns)  Path(ns)    Netlist Resource(s)
  -------------------------------------------------------------------    -------------------
                         (clock clk25_unbuf rise edge)
                                                      0.000     0.000 r  
    W5                                                0.000     0.000 r  CLK100MHZ (IN)
                         net (fo=0)                   0.000     0.000    CLK100MHZ
    W5                   IBUF (Prop_ibuf_I_O)         0.226     0.226 r  CLK100MHZ_IBUF_inst/O
                         net (fo=1, routed)           0.631     0.858    CLK100MHZ_IBUF
    BUFGCTRL_X0Y1        BUFG (Prop_bufg_I_O)         0.026     0.884 r  CLK100MHZ_IBUF_BUFG_inst/O
                         net (fo=87, routed)          0.549     1.432    u_clock_gen/CLK100MHZ_IBUF_BUFG
    MMCME2_ADV_X1Y0      MMCME2_ADV (Prop_mmcme2_adv_CLKIN1_CLKOUT0)
                                                     -1.061     0.372 r  u_clock_gen/u_mmcm/CLKOUT0
                         net (fo=1, routed)           0.486     0.858    u_clock_gen/clk25_unbuf
    BUFGCTRL_X0Y0        BUFG (Prop_bufg_I_O)         0.026     0.884 r  u_clock_gen/u_clk25_buf/O
                         net (fo=119, routed)         0.561     1.444    cam_xclk_OBUF
    SLICE_X33Y53         FDRE                                         r  video_pixel_reg[5]/C
  -------------------------------------------------------------------    -------------------
    SLICE_X33Y53         FDRE (Prop_fdre_C_Q)         0.141     1.585 r  video_pixel_reg[5]/Q
                         net (fo=1, routed)           0.105     1.690    u_vga_timing/Q[5]
    SLICE_X33Y52         LUT6 (Prop_lut6_I5_O)        0.045     1.735 r  u_vga_timing/vga_g_OBUF[1]_inst_i_1/O
                         net (fo=1, routed)           0.941     2.677    vga_g_OBUF[1]
    H17                  OBUF (Prop_obuf_I_O)         1.207     3.883 r  vga_g_OBUF[1]_inst/O
                         net (fo=0)                   0.000     3.883    vga_g[1]
    H17                                                               r  vga_g[1] (OUT)
  -------------------------------------------------------------------    -------------------

Slack:                    inf
  Source:                 video_pixel_reg[8]/C
                            (rising edge-triggered cell FDRE clocked by clk25_unbuf  {rise@0.000ns fall@20.000ns period=40.000ns})
  Destination:            vga_r[0]
                            (output port)
  Path Group:             (none)
  Path Type:              Min at Fast Process Corner
  Data Path Delay:        2.449ns  (logic 1.411ns (57.599%)  route 1.038ns (42.401%))
  Logic Levels:           2  (LUT6=1 OBUF=1)
  Clock Uncertainty:      0.186ns  ((TSJ^2 + DJ^2)^1/2) / 2 + PE
    Total System Jitter     (TSJ):    0.050ns
    Discrete Jitter          (DJ):    0.168ns
    Phase Error              (PE):    0.099ns

    Location             Delay type                Incr(ns)  Path(ns)    Netlist Resource(s)
  -------------------------------------------------------------------    -------------------
                         (clock clk25_unbuf rise edge)
                                                      0.000     0.000 r  
    W5                                                0.000     0.000 r  CLK100MHZ (IN)
                         net (fo=0)                   0.000     0.000    CLK100MHZ
    W5                   IBUF (Prop_ibuf_I_O)         0.226     0.226 r  CLK100MHZ_IBUF_inst/O
                         net (fo=1, routed)           0.631     0.858    CLK100MHZ_IBUF
    BUFGCTRL_X0Y1        BUFG (Prop_bufg_I_O)         0.026     0.884 r  CLK100MHZ_IBUF_BUFG_inst/O
                         net (fo=87, routed)          0.549     1.432    u_clock_gen/CLK100MHZ_IBUF_BUFG
    MMCME2_ADV_X1Y0      MMCME2_ADV (Prop_mmcme2_adv_CLKIN1_CLKOUT0)
                                                     -1.061     0.372 r  u_clock_gen/u_mmcm/CLKOUT0
                         net (fo=1, routed)           0.486     0.858    u_clock_gen/clk25_unbuf
    BUFGCTRL_X0Y0        BUFG (Prop_bufg_I_O)         0.026     0.884 r  u_clock_gen/u_clk25_buf/O
                         net (fo=119, routed)         0.561     1.444    cam_xclk_OBUF
    SLICE_X33Y54         FDRE                                         r  video_pixel_reg[8]/C
  -------------------------------------------------------------------    -------------------
    SLICE_X33Y54         FDRE (Prop_fdre_C_Q)         0.141     1.585 r  video_pixel_reg[8]/Q
                         net (fo=1, routed)           0.109     1.695    u_vga_timing/Q[8]
    SLICE_X33Y52         LUT6 (Prop_lut6_I5_O)        0.045     1.740 r  u_vga_timing/vga_r_OBUF[0]_inst_i_1/O
                         net (fo=1, routed)           0.929     2.669    vga_r_OBUF[0]
    G19                  OBUF (Prop_obuf_I_O)         1.225     3.893 r  vga_r_OBUF[0]_inst/O
                         net (fo=0)                   0.000     3.893    vga_r[0]
    G19                                                               r  vga_r[0] (OUT)
  -------------------------------------------------------------------    -------------------

Slack:                    inf
  Source:                 u_vga_timing/h_count_reg[6]/C
                            (rising edge-triggered cell FDRE clocked by clk25_unbuf  {rise@0.000ns fall@20.000ns period=40.000ns})
  Destination:            vga_hsync
                            (output port)
  Path Group:             (none)
  Path Type:              Min at Fast Process Corner
  Data Path Delay:        2.468ns  (logic 1.384ns (56.057%)  route 1.085ns (43.943%))
  Logic Levels:           2  (LUT6=1 OBUF=1)
  Clock Uncertainty:      0.186ns  ((TSJ^2 + DJ^2)^1/2) / 2 + PE
    Total System Jitter     (TSJ):    0.050ns
    Discrete Jitter          (DJ):    0.168ns
    Phase Error              (PE):    0.099ns

    Location             Delay type                Incr(ns)  Path(ns)    Netlist Resource(s)
  -------------------------------------------------------------------    -------------------
                         (clock clk25_unbuf rise edge)
                                                      0.000     0.000 r  
    W5                                                0.000     0.000 r  CLK100MHZ (IN)
                         net (fo=0)                   0.000     0.000    CLK100MHZ
    W5                   IBUF (Prop_ibuf_I_O)         0.226     0.226 r  CLK100MHZ_IBUF_inst/O
                         net (fo=1, routed)           0.631     0.858    CLK100MHZ_IBUF
    BUFGCTRL_X0Y1        BUFG (Prop_bufg_I_O)         0.026     0.884 r  CLK100MHZ_IBUF_BUFG_inst/O
                         net (fo=87, routed)          0.549     1.432    u_clock_gen/CLK100MHZ_IBUF_BUFG
    MMCME2_ADV_X1Y0      MMCME2_ADV (Prop_mmcme2_adv_CLKIN1_CLKOUT0)
                                                     -1.061     0.372 r  u_clock_gen/u_mmcm/CLKOUT0
                         net (fo=1, routed)           0.486     0.858    u_clock_gen/clk25_unbuf
    BUFGCTRL_X0Y0        BUFG (Prop_bufg_I_O)         0.026     0.884 r  u_clock_gen/u_clk25_buf/O
                         net (fo=119, routed)         0.562     1.445    u_vga_timing/CLK
    SLICE_X39Y52         FDRE                                         r  u_vga_timing/h_count_reg[6]/C
  -------------------------------------------------------------------    -------------------
    SLICE_X39Y52         FDRE (Prop_fdre_C_Q)         0.141     1.586 r  u_vga_timing/h_count_reg[6]/Q
                         net (fo=15, routed)          0.181     1.768    u_vga_timing/h_count[6]
    SLICE_X37Y51         LUT6 (Prop_lut6_I4_O)        0.045     1.813 r  u_vga_timing/vga_hsync_OBUF_inst_i_1/O
                         net (fo=1, routed)           0.903     2.716    vga_hsync_OBUF
    P19                  OBUF (Prop_obuf_I_O)         1.198     3.914 r  vga_hsync_OBUF_inst/O
                         net (fo=0)                   0.000     3.914    vga_hsync
    P19                                                               r  vga_hsync (OUT)
  -------------------------------------------------------------------    -------------------

Slack:                    inf
  Source:                 video_pixel_reg[1]/C
                            (rising edge-triggered cell FDRE clocked by clk25_unbuf  {rise@0.000ns fall@20.000ns period=40.000ns})
  Destination:            vga_b[1]
                            (output port)
  Path Group:             (none)
  Path Type:              Min at Fast Process Corner
  Data Path Delay:        2.501ns  (logic 1.391ns (55.591%)  route 1.111ns (44.409%))
  Logic Levels:           2  (LUT6=1 OBUF=1)
  Clock Uncertainty:      0.186ns  ((TSJ^2 + DJ^2)^1/2) / 2 + PE
    Total System Jitter     (TSJ):    0.050ns
    Discrete Jitter          (DJ):    0.168ns
    Phase Error              (PE):    0.099ns

    Location             Delay type                Incr(ns)  Path(ns)    Netlist Resource(s)
  -------------------------------------------------------------------    -------------------
                         (clock clk25_unbuf rise edge)
                                                      0.000     0.000 r  
    W5                                                0.000     0.000 r  CLK100MHZ (IN)
                         net (fo=0)                   0.000     0.000    CLK100MHZ
    W5                   IBUF (Prop_ibuf_I_O)         0.226     0.226 r  CLK100MHZ_IBUF_inst/O
                         net (fo=1, routed)           0.631     0.858    CLK100MHZ_IBUF
    BUFGCTRL_X0Y1        BUFG (Prop_bufg_I_O)         0.026     0.884 r  CLK100MHZ_IBUF_BUFG_inst/O
                         net (fo=87, routed)          0.549     1.432    u_clock_gen/CLK100MHZ_IBUF_BUFG
    MMCME2_ADV_X1Y0      MMCME2_ADV (Prop_mmcme2_adv_CLKIN1_CLKOUT0)
                                                     -1.061     0.372 r  u_clock_gen/u_mmcm/CLKOUT0
                         net (fo=1, routed)           0.486     0.858    u_clock_gen/clk25_unbuf
    BUFGCTRL_X0Y0        BUFG (Prop_bufg_I_O)         0.026     0.884 r  u_clock_gen/u_clk25_buf/O
                         net (fo=119, routed)         0.561     1.444    cam_xclk_OBUF
    SLICE_X33Y53         FDRE                                         r  video_pixel_reg[1]/C
  -------------------------------------------------------------------    -------------------
    SLICE_X33Y53         FDRE (Prop_fdre_C_Q)         0.141     1.585 r  video_pixel_reg[1]/Q
                         net (fo=1, routed)           0.097     1.682    u_vga_timing/Q[1]
    SLICE_X32Y53         LUT6 (Prop_lut6_I5_O)        0.045     1.727 r  u_vga_timing/vga_b_OBUF[1]_inst_i_1/O
                         net (fo=1, routed)           1.014     2.741    vga_b_OBUF[1]
    L18                  OBUF (Prop_obuf_I_O)         1.205     3.946 r  vga_b_OBUF[1]_inst/O
                         net (fo=0)                   0.000     3.946    vga_b[1]
    L18                                                               r  vga_b[1] (OUT)
  -------------------------------------------------------------------    -------------------

Slack:                    inf
  Source:                 video_pixel_reg[10]/C
                            (rising edge-triggered cell FDRE clocked by clk25_unbuf  {rise@0.000ns fall@20.000ns period=40.000ns})
  Destination:            vga_r[2]
                            (output port)
  Path Group:             (none)
  Path Type:              Min at Fast Process Corner
  Data Path Delay:        2.503ns  (logic 1.434ns (57.291%)  route 1.069ns (42.710%))
  Logic Levels:           2  (LUT6=1 OBUF=1)
  Clock Uncertainty:      0.186ns  ((TSJ^2 + DJ^2)^1/2) / 2 + PE
    Total System Jitter     (TSJ):    0.050ns
    Discrete Jitter          (DJ):    0.168ns
    Phase Error              (PE):    0.099ns

    Location             Delay type                Incr(ns)  Path(ns)    Netlist Resource(s)
  -------------------------------------------------------------------    -------------------
                         (clock clk25_unbuf rise edge)
                                                      0.000     0.000 r  
    W5                                                0.000     0.000 r  CLK100MHZ (IN)
                         net (fo=0)                   0.000     0.000    CLK100MHZ
    W5                   IBUF (Prop_ibuf_I_O)         0.226     0.226 r  CLK100MHZ_IBUF_inst/O
                         net (fo=1, routed)           0.631     0.858    CLK100MHZ_IBUF
    BUFGCTRL_X0Y1        BUFG (Prop_bufg_I_O)         0.026     0.884 r  CLK100MHZ_IBUF_BUFG_inst/O
                         net (fo=87, routed)          0.549     1.432    u_clock_gen/CLK100MHZ_IBUF_BUFG
    MMCME2_ADV_X1Y0      MMCME2_ADV (Prop_mmcme2_adv_CLKIN1_CLKOUT0)
                                                     -1.061     0.372 r  u_clock_gen/u_mmcm/CLKOUT0
                         net (fo=1, routed)           0.486     0.858    u_clock_gen/clk25_unbuf
    BUFGCTRL_X0Y0        BUFG (Prop_bufg_I_O)         0.026     0.884 r  u_clock_gen/u_clk25_buf/O
                         net (fo=119, routed)         0.560     1.443    cam_xclk_OBUF
    SLICE_X34Y53         FDRE                                         r  video_pixel_reg[10]/C
  -------------------------------------------------------------------    -------------------
    SLICE_X34Y53         FDRE (Prop_fdre_C_Q)         0.164     1.607 r  video_pixel_reg[10]/Q
                         net (fo=1, routed)           0.157     1.764    u_vga_timing/Q[10]
    SLICE_X32Y52         LUT6 (Prop_lut6_I5_O)        0.045     1.809 r  u_vga_timing/vga_r_OBUF[2]_inst_i_1/O
                         net (fo=1, routed)           0.912     2.721    vga_r_OBUF[2]
    J19                  OBUF (Prop_obuf_I_O)         1.225     3.946 r  vga_r_OBUF[2]_inst/O
                         net (fo=0)                   0.000     3.946    vga_r[2]
    J19                                                               r  vga_r[2] (OUT)
  -------------------------------------------------------------------    -------------------

Slack:                    inf
  Source:                 u_vga_timing/h_count_reg[9]/C
                            (rising edge-triggered cell FDRE clocked by clk25_unbuf  {rise@0.000ns fall@20.000ns period=40.000ns})
  Destination:            vga_r[3]
                            (output port)
  Path Group:             (none)
  Path Type:              Min at Fast Process Corner
  Data Path Delay:        2.510ns  (logic 1.390ns (55.367%)  route 1.120ns (44.633%))
  Logic Levels:           2  (LUT6=1 OBUF=1)
  Clock Uncertainty:      0.186ns  ((TSJ^2 + DJ^2)^1/2) / 2 + PE
    Total System Jitter     (TSJ):    0.050ns
    Discrete Jitter          (DJ):    0.168ns
    Phase Error              (PE):    0.099ns

    Location             Delay type                Incr(ns)  Path(ns)    Netlist Resource(s)
  -------------------------------------------------------------------    -------------------
                         (clock clk25_unbuf rise edge)
                                                      0.000     0.000 r  
    W5                                                0.000     0.000 r  CLK100MHZ (IN)
                         net (fo=0)                   0.000     0.000    CLK100MHZ
    W5                   IBUF (Prop_ibuf_I_O)         0.226     0.226 r  CLK100MHZ_IBUF_inst/O
                         net (fo=1, routed)           0.631     0.858    CLK100MHZ_IBUF
    BUFGCTRL_X0Y1        BUFG (Prop_bufg_I_O)         0.026     0.884 r  CLK100MHZ_IBUF_BUFG_inst/O
                         net (fo=87, routed)          0.549     1.432    u_clock_gen/CLK100MHZ_IBUF_BUFG
    MMCME2_ADV_X1Y0      MMCME2_ADV (Prop_mmcme2_adv_CLKIN1_CLKOUT0)
                                                     -1.061     0.372 r  u_clock_gen/u_mmcm/CLKOUT0
                         net (fo=1, routed)           0.486     0.858    u_clock_gen/clk25_unbuf
    BUFGCTRL_X0Y0        BUFG (Prop_bufg_I_O)         0.026     0.884 r  u_clock_gen/u_clk25_buf/O
                         net (fo=119, routed)         0.562     1.445    u_vga_timing/CLK
    SLICE_X36Y52         FDRE                                         r  u_vga_timing/h_count_reg[9]/C
  -------------------------------------------------------------------    -------------------
    SLICE_X36Y52         FDRE (Prop_fdre_C_Q)         0.141     1.586 f  u_vga_timing/h_count_reg[9]/Q
                         net (fo=21, routed)          0.250     1.836    u_vga_timing/h_count[9]
    SLICE_X32Y52         LUT6 (Prop_lut6_I4_O)        0.045     1.881 r  u_vga_timing/vga_r_OBUF[3]_inst_i_1/O
                         net (fo=1, routed)           0.870     2.751    vga_r_OBUF[3]
    N19                  OBUF (Prop_obuf_I_O)         1.204     3.955 r  vga_r_OBUF[3]_inst/O
                         net (fo=0)                   0.000     3.955    vga_r[3]
    N19                                                               r  vga_r[3] (OUT)
  -------------------------------------------------------------------    -------------------

Slack:                    inf
  Source:                 video_pixel_reg[6]/C
                            (rising edge-triggered cell FDRE clocked by clk25_unbuf  {rise@0.000ns fall@20.000ns period=40.000ns})
  Destination:            vga_g[2]
                            (output port)
  Path Group:             (none)
  Path Type:              Min at Fast Process Corner
  Data Path Delay:        2.529ns  (logic 1.439ns (56.911%)  route 1.090ns (43.089%))
  Logic Levels:           2  (LUT6=1 OBUF=1)
  Clock Uncertainty:      0.186ns  ((TSJ^2 + DJ^2)^1/2) / 2 + PE
    Total System Jitter     (TSJ):    0.050ns
    Discrete Jitter          (DJ):    0.168ns
    Phase Error              (PE):    0.099ns

    Location             Delay type                Incr(ns)  Path(ns)    Netlist Resource(s)
  -------------------------------------------------------------------    -------------------
                         (clock clk25_unbuf rise edge)
                                                      0.000     0.000 r  
    W5                                                0.000     0.000 r  CLK100MHZ (IN)
                         net (fo=0)                   0.000     0.000    CLK100MHZ
    W5                   IBUF (Prop_ibuf_I_O)         0.226     0.226 r  CLK100MHZ_IBUF_inst/O
                         net (fo=1, routed)           0.631     0.858    CLK100MHZ_IBUF
    BUFGCTRL_X0Y1        BUFG (Prop_bufg_I_O)         0.026     0.884 r  CLK100MHZ_IBUF_BUFG_inst/O
                         net (fo=87, routed)          0.549     1.432    u_clock_gen/CLK100MHZ_IBUF_BUFG
    MMCME2_ADV_X1Y0      MMCME2_ADV (Prop_mmcme2_adv_CLKIN1_CLKOUT0)
                                                     -1.061     0.372 r  u_clock_gen/u_mmcm/CLKOUT0
                         net (fo=1, routed)           0.486     0.858    u_clock_gen/clk25_unbuf
    BUFGCTRL_X0Y0        BUFG (Prop_bufg_I_O)         0.026     0.884 r  u_clock_gen/u_clk25_buf/O
                         net (fo=119, routed)         0.560     1.443    cam_xclk_OBUF
    SLICE_X34Y54         FDRE                                         r  video_pixel_reg[6]/C
  -------------------------------------------------------------------    -------------------
    SLICE_X34Y54         FDRE (Prop_fdre_C_Q)         0.164     1.607 r  video_pixel_reg[6]/Q
                         net (fo=1, routed)           0.218     1.826    u_vga_timing/Q[6]
    SLICE_X32Y51         LUT6 (Prop_lut6_I5_O)        0.045     1.871 r  u_vga_timing/vga_g_OBUF[2]_inst_i_1/O
                         net (fo=1, routed)           0.871     2.742    vga_g_OBUF[2]
    G17                  OBUF (Prop_obuf_I_O)         1.230     3.972 r  vga_g_OBUF[2]_inst/O
                         net (fo=0)                   0.000     3.972    vga_g[2]
    G17                                                               r  vga_g[2] (OUT)
  -------------------------------------------------------------------    -------------------

Slack:                    inf
  Source:                 video_pixel_reg[0]/C
                            (rising edge-triggered cell FDRE clocked by clk25_unbuf  {rise@0.000ns fall@20.000ns period=40.000ns})
  Destination:            vga_b[0]
                            (output port)
  Path Group:             (none)
  Path Type:              Min at Fast Process Corner
  Data Path Delay:        2.567ns  (logic 1.383ns (53.854%)  route 1.185ns (46.146%))
  Logic Levels:           2  (LUT6=1 OBUF=1)
  Clock Uncertainty:      0.186ns  ((TSJ^2 + DJ^2)^1/2) / 2 + PE
    Total System Jitter     (TSJ):    0.050ns
    Discrete Jitter          (DJ):    0.168ns
    Phase Error              (PE):    0.099ns

    Location             Delay type                Incr(ns)  Path(ns)    Netlist Resource(s)
  -------------------------------------------------------------------    -------------------
                         (clock clk25_unbuf rise edge)
                                                      0.000     0.000 r  
    W5                                                0.000     0.000 r  CLK100MHZ (IN)
                         net (fo=0)                   0.000     0.000    CLK100MHZ
    W5                   IBUF (Prop_ibuf_I_O)         0.226     0.226 r  CLK100MHZ_IBUF_inst/O
                         net (fo=1, routed)           0.631     0.858    CLK100MHZ_IBUF
    BUFGCTRL_X0Y1        BUFG (Prop_bufg_I_O)         0.026     0.884 r  CLK100MHZ_IBUF_BUFG_inst/O
                         net (fo=87, routed)          0.549     1.432    u_clock_gen/CLK100MHZ_IBUF_BUFG
    MMCME2_ADV_X1Y0      MMCME2_ADV (Prop_mmcme2_adv_CLKIN1_CLKOUT0)
                                                     -1.061     0.372 r  u_clock_gen/u_mmcm/CLKOUT0
                         net (fo=1, routed)           0.486     0.858    u_clock_gen/clk25_unbuf
    BUFGCTRL_X0Y0        BUFG (Prop_bufg_I_O)         0.026     0.884 r  u_clock_gen/u_clk25_buf/O
                         net (fo=119, routed)         0.561     1.444    cam_xclk_OBUF
    SLICE_X33Y53         FDRE                                         r  video_pixel_reg[0]/C
  -------------------------------------------------------------------    -------------------
    SLICE_X33Y53         FDRE (Prop_fdre_C_Q)         0.141     1.585 r  video_pixel_reg[0]/Q
                         net (fo=1, routed)           0.171     1.756    u_vga_timing/Q[0]
    SLICE_X33Y51         LUT6 (Prop_lut6_I5_O)        0.045     1.801 r  u_vga_timing/vga_b_OBUF[0]_inst_i_1/O
                         net (fo=1, routed)           1.014     2.815    vga_b_OBUF[0]
    N18                  OBUF (Prop_obuf_I_O)         1.197     4.011 r  vga_b_OBUF[0]_inst/O
                         net (fo=0)                   0.000     4.011    vga_b[0]
    N18                                                               r  vga_b[0] (OUT)
  -------------------------------------------------------------------    -------------------





--------------------------------------------------------------------------------------
Path Group:  (none)
From Clock:  sys_clk
  To Clock:  

Max Delay             5 Endpoints
Min Delay             5 Endpoints
--------------------------------------------------------------------------------------


Max Delay Paths
--------------------------------------------------------------------------------------
Slack:                    inf
  Source:                 u_sccb_init/ack_error_reg/C
                            (rising edge-triggered cell FDRE clocked by sys_clk  {rise@0.000ns fall@5.000ns period=10.000ns})
  Destination:            led[5]
                            (output port)
  Path Group:             (none)
  Path Type:              Max at Slow Process Corner
  Data Path Delay:        8.092ns  (logic 3.970ns (49.070%)  route 4.121ns (50.930%))
  Logic Levels:           1  (OBUF=1)
  Clock Uncertainty:      0.025ns  ((TSJ^2 + TIJ^2)^1/2 + DJ) / 2 + PE
    Total System Jitter     (TSJ):    0.050ns
    Total Input Jitter      (TIJ):    0.000ns
    Discrete Jitter          (DJ):    0.000ns
    Phase Error              (PE):    0.000ns

    Location             Delay type                Incr(ns)  Path(ns)    Netlist Resource(s)
  -------------------------------------------------------------------    -------------------
                         (clock sys_clk rise edge)    0.000     0.000 r  
    W5                                                0.000     0.000 r  CLK100MHZ (IN)
                         net (fo=0)                   0.000     0.000    CLK100MHZ
    W5                   IBUF (Prop_ibuf_I_O)         1.458     1.458 r  CLK100MHZ_IBUF_inst/O
                         net (fo=1, routed)           1.967     3.425    CLK100MHZ_IBUF
    BUFGCTRL_X0Y1        BUFG (Prop_bufg_I_O)         0.096     3.521 r  CLK100MHZ_IBUF_BUFG_inst/O
                         net (fo=87, routed)          1.612     5.133    u_sccb_init/CLK100MHZ_IBUF_BUFG
    SLICE_X0Y71          FDRE                                         r  u_sccb_init/ack_error_reg/C
  -------------------------------------------------------------------    -------------------
    SLICE_X0Y71          FDRE (Prop_fdre_C_Q)         0.456     5.589 r  u_sccb_init/ack_error_reg/Q
                         net (fo=1, routed)           4.121     9.710    led_OBUF[5]
    U15                  OBUF (Prop_obuf_I_O)         3.514    13.224 r  led_OBUF[5]_inst/O
                         net (fo=0)                   0.000    13.224    led[5]
    U15                                                               r  led[5] (OUT)
  -------------------------------------------------------------------    -------------------

Slack:                    inf
  Source:                 u_sccb_init/done_reg/C
                            (rising edge-triggered cell FDRE clocked by sys_clk  {rise@0.000ns fall@5.000ns period=10.000ns})
  Destination:            led[0]
                            (output port)
  Path Group:             (none)
  Path Type:              Max at Slow Process Corner
  Data Path Delay:        8.050ns  (logic 4.099ns (50.914%)  route 3.952ns (49.086%))
  Logic Levels:           1  (OBUF=1)
  Clock Uncertainty:      0.025ns  ((TSJ^2 + TIJ^2)^1/2 + DJ) / 2 + PE
    Total System Jitter     (TSJ):    0.050ns
    Total Input Jitter      (TIJ):    0.000ns
    Discrete Jitter          (DJ):    0.000ns
    Phase Error              (PE):    0.000ns

    Location             Delay type                Incr(ns)  Path(ns)    Netlist Resource(s)
  -------------------------------------------------------------------    -------------------
                         (clock sys_clk rise edge)    0.000     0.000 r  
    W5                                                0.000     0.000 r  CLK100MHZ (IN)
                         net (fo=0)                   0.000     0.000    CLK100MHZ
    W5                   IBUF (Prop_ibuf_I_O)         1.458     1.458 r  CLK100MHZ_IBUF_inst/O
                         net (fo=1, routed)           1.967     3.425    CLK100MHZ_IBUF
    BUFGCTRL_X0Y1        BUFG (Prop_bufg_I_O)         0.096     3.521 r  CLK100MHZ_IBUF_BUFG_inst/O
                         net (fo=87, routed)          1.615     5.136    u_sccb_init/CLK100MHZ_IBUF_BUFG
    SLICE_X1Y68          FDRE                                         r  u_sccb_init/done_reg/C
  -------------------------------------------------------------------    -------------------
    SLICE_X1Y68          FDRE (Prop_fdre_C_Q)         0.419     5.555 r  u_sccb_init/done_reg/Q
                         net (fo=1, routed)           3.952     9.506    led_OBUF[0]
    U16                  OBUF (Prop_obuf_I_O)         3.680    13.186 r  led_OBUF[0]_inst/O
                         net (fo=0)                   0.000    13.186    led[0]
    U16                                                               r  led[0] (OUT)
  -------------------------------------------------------------------    -------------------

Slack:                    inf
  Source:                 u_sccb_init/sioc_reg/C
                            (rising edge-triggered cell FDSE clocked by sys_clk  {rise@0.000ns fall@5.000ns period=10.000ns})
  Destination:            cam_sioc
                            (output port)
  Path Group:             (none)
  Path Type:              Max at Slow Process Corner
  Data Path Delay:        7.349ns  (logic 4.038ns (54.942%)  route 3.312ns (45.058%))
  Logic Levels:           1  (OBUF=1)
  Clock Uncertainty:      0.025ns  ((TSJ^2 + TIJ^2)^1/2 + DJ) / 2 + PE
    Total System Jitter     (TSJ):    0.050ns
    Total Input Jitter      (TIJ):    0.000ns
    Discrete Jitter          (DJ):    0.000ns
    Phase Error              (PE):    0.000ns

    Location             Delay type                Incr(ns)  Path(ns)    Netlist Resource(s)
  -------------------------------------------------------------------    -------------------
                         (clock sys_clk rise edge)    0.000     0.000 r  
    W5                                                0.000     0.000 r  CLK100MHZ (IN)
                         net (fo=0)                   0.000     0.000    CLK100MHZ
    W5                   IBUF (Prop_ibuf_I_O)         1.458     1.458 r  CLK100MHZ_IBUF_inst/O
                         net (fo=1, routed)           1.967     3.425    CLK100MHZ_IBUF
    BUFGCTRL_X0Y1        BUFG (Prop_bufg_I_O)         0.096     3.521 r  CLK100MHZ_IBUF_BUFG_inst/O
                         net (fo=87, routed)          1.612     5.133    u_sccb_init/CLK100MHZ_IBUF_BUFG
    SLICE_X2Y71          FDSE                                         r  u_sccb_init/sioc_reg/C
  -------------------------------------------------------------------    -------------------
    SLICE_X2Y71          FDSE (Prop_fdse_C_Q)         0.518     5.651 r  u_sccb_init/sioc_reg/Q
                         net (fo=1, routed)           3.312     8.962    cam_sioc_OBUF
    A14                  OBUF (Prop_obuf_I_O)         3.520    12.482 r  cam_sioc_OBUF_inst/O
                         net (fo=0)                   0.000    12.482    cam_sioc
    A14                                                               r  cam_sioc (OUT)
  -------------------------------------------------------------------    -------------------

Slack:                    inf
  Source:                 u_sccb_init/sda_drive_low_reg/C
                            (rising edge-triggered cell FDRE clocked by sys_clk  {rise@0.000ns fall@5.000ns period=10.000ns})
  Destination:            cam_siod
                            (output port)
  Path Group:             (none)
  Path Type:              Max at Slow Process Corner
  Data Path Delay:        6.957ns  (logic 3.974ns (57.127%)  route 2.983ns (42.873%))
  Logic Levels:           1  (OBUFT=1)
  Clock Uncertainty:      0.025ns  ((TSJ^2 + TIJ^2)^1/2 + DJ) / 2 + PE
    Total System Jitter     (TSJ):    0.050ns
    Total Input Jitter      (TIJ):    0.000ns
    Discrete Jitter          (DJ):    0.000ns
    Phase Error              (PE):    0.000ns

    Location             Delay type                Incr(ns)  Path(ns)    Netlist Resource(s)
  -------------------------------------------------------------------    -------------------
                         (clock sys_clk rise edge)    0.000     0.000 r  
    W5                                                0.000     0.000 r  CLK100MHZ (IN)
                         net (fo=0)                   0.000     0.000    CLK100MHZ
    W5                   IBUF (Prop_ibuf_I_O)         1.458     1.458 r  CLK100MHZ_IBUF_inst/O
                         net (fo=1, routed)           1.967     3.425    CLK100MHZ_IBUF
    BUFGCTRL_X0Y1        BUFG (Prop_bufg_I_O)         0.096     3.521 r  CLK100MHZ_IBUF_BUFG_inst/O
                         net (fo=87, routed)          1.612     5.133    u_sccb_init/CLK100MHZ_IBUF_BUFG
    SLICE_X1Y71          FDRE                                         r  u_sccb_init/sda_drive_low_reg/C
  -------------------------------------------------------------------    -------------------
    SLICE_X1Y71          FDRE (Prop_fdre_C_Q)         0.456     5.589 f  u_sccb_init/sda_drive_low_reg/Q
                         net (fo=2, routed)           2.983     8.572    cam_siod_IOBUF_inst/T
    A15                  OBUFT (TriStatE_obuft_T_O)
                                                      3.518    12.090 r  cam_siod_IOBUF_inst/OBUFT/O
                         net (fo=1, unset)            0.000    12.090    cam_siod
    A15                                                               r  cam_siod (INOUT)
  -------------------------------------------------------------------    -------------------

Slack:                    inf
  Source:                 u_sccb_init/busy_reg/C
                            (rising edge-triggered cell FDSE clocked by sys_clk  {rise@0.000ns fall@5.000ns period=10.000ns})
  Destination:            led[1]
                            (output port)
  Path Group:             (none)
  Path Type:              Max at Slow Process Corner
  Data Path Delay:        6.640ns  (logic 3.986ns (60.026%)  route 2.654ns (39.974%))
  Logic Levels:           1  (OBUF=1)
  Clock Uncertainty:      0.025ns  ((TSJ^2 + TIJ^2)^1/2 + DJ) / 2 + PE
    Total System Jitter     (TSJ):    0.050ns
    Total Input Jitter      (TIJ):    0.000ns
    Discrete Jitter          (DJ):    0.000ns
    Phase Error              (PE):    0.000ns

    Location             Delay type                Incr(ns)  Path(ns)    Netlist Resource(s)
  -------------------------------------------------------------------    -------------------
                         (clock sys_clk rise edge)    0.000     0.000 r  
    W5                                                0.000     0.000 r  CLK100MHZ (IN)
                         net (fo=0)                   0.000     0.000    CLK100MHZ
    W5                   IBUF (Prop_ibuf_I_O)         1.458     1.458 r  CLK100MHZ_IBUF_inst/O
                         net (fo=1, routed)           1.967     3.425    CLK100MHZ_IBUF
    BUFGCTRL_X0Y1        BUFG (Prop_bufg_I_O)         0.096     3.521 r  CLK100MHZ_IBUF_BUFG_inst/O
                         net (fo=87, routed)          1.615     5.136    u_sccb_init/CLK100MHZ_IBUF_BUFG
    SLICE_X1Y68          FDSE                                         r  u_sccb_init/busy_reg/C
  -------------------------------------------------------------------    -------------------
    SLICE_X1Y68          FDSE (Prop_fdse_C_Q)         0.456     5.592 r  u_sccb_init/busy_reg/Q
                         net (fo=1, routed)           2.654     8.246    led_OBUF[1]
    E19                  OBUF (Prop_obuf_I_O)         3.530    11.776 r  led_OBUF[1]_inst/O
                         net (fo=0)                   0.000    11.776    led[1]
    E19                                                               r  led[1] (OUT)
  -------------------------------------------------------------------    -------------------





Min Delay Paths
--------------------------------------------------------------------------------------
Slack:                    inf
  Source:                 u_sccb_init/sda_drive_low_reg/C
                            (rising edge-triggered cell FDRE clocked by sys_clk  {rise@0.000ns fall@5.000ns period=10.000ns})
  Destination:            cam_siod
                            (output port)
  Path Group:             (none)
  Path Type:              Min at Fast Process Corner
  Data Path Delay:        2.099ns  (logic 0.965ns (45.981%)  route 1.134ns (54.019%))
  Logic Levels:           1  (OBUFT=1)
  Clock Uncertainty:      0.025ns  ((TSJ^2 + TIJ^2)^1/2 + DJ) / 2 + PE
    Total System Jitter     (TSJ):    0.050ns
    Total Input Jitter      (TIJ):    0.000ns
    Discrete Jitter          (DJ):    0.000ns
    Phase Error              (PE):    0.000ns

    Location             Delay type                Incr(ns)  Path(ns)    Netlist Resource(s)
  -------------------------------------------------------------------    -------------------
                         (clock sys_clk rise edge)    0.000     0.000 r  
    W5                                                0.000     0.000 r  CLK100MHZ (IN)
                         net (fo=0)                   0.000     0.000    CLK100MHZ
    W5                   IBUF (Prop_ibuf_I_O)         0.226     0.226 r  CLK100MHZ_IBUF_inst/O
                         net (fo=1, routed)           0.631     0.858    CLK100MHZ_IBUF
    BUFGCTRL_X0Y1        BUFG (Prop_bufg_I_O)         0.026     0.884 r  CLK100MHZ_IBUF_BUFG_inst/O
                         net (fo=87, routed)          0.583     1.466    u_sccb_init/CLK100MHZ_IBUF_BUFG
    SLICE_X1Y71          FDRE                                         r  u_sccb_init/sda_drive_low_reg/C
  -------------------------------------------------------------------    -------------------
    SLICE_X1Y71          FDRE (Prop_fdre_C_Q)         0.141     1.607 r  u_sccb_init/sda_drive_low_reg/Q
                         net (fo=2, routed)           1.134     2.741    cam_siod_IOBUF_inst/T
    A15                  OBUFT (TriStatD_obuft_T_O)
                                                      0.824     3.565 r  cam_siod_IOBUF_inst/OBUFT/O
                         net (fo=1, unset)            0.000     3.565    cam_siod
    A15                                                               r  cam_siod (INOUT)
  -------------------------------------------------------------------    -------------------

Slack:                    inf
  Source:                 u_sccb_init/busy_reg/C
                            (rising edge-triggered cell FDSE clocked by sys_clk  {rise@0.000ns fall@5.000ns period=10.000ns})
  Destination:            led[1]
                            (output port)
  Path Group:             (none)
  Path Type:              Min at Fast Process Corner
  Data Path Delay:        2.110ns  (logic 1.372ns (65.008%)  route 0.738ns (34.992%))
  Logic Levels:           1  (OBUF=1)
  Clock Uncertainty:      0.025ns  ((TSJ^2 + TIJ^2)^1/2 + DJ) / 2 + PE
    Total System Jitter     (TSJ):    0.050ns
    Total Input Jitter      (TIJ):    0.000ns
    Discrete Jitter          (DJ):    0.000ns
    Phase Error              (PE):    0.000ns

    Location             Delay type                Incr(ns)  Path(ns)    Netlist Resource(s)
  -------------------------------------------------------------------    -------------------
                         (clock sys_clk rise edge)    0.000     0.000 r  
    W5                                                0.000     0.000 r  CLK100MHZ (IN)
                         net (fo=0)                   0.000     0.000    CLK100MHZ
    W5                   IBUF (Prop_ibuf_I_O)         0.226     0.226 r  CLK100MHZ_IBUF_inst/O
                         net (fo=1, routed)           0.631     0.858    CLK100MHZ_IBUF
    BUFGCTRL_X0Y1        BUFG (Prop_bufg_I_O)         0.026     0.884 r  CLK100MHZ_IBUF_BUFG_inst/O
                         net (fo=87, routed)          0.586     1.469    u_sccb_init/CLK100MHZ_IBUF_BUFG
    SLICE_X1Y68          FDSE                                         r  u_sccb_init/busy_reg/C
  -------------------------------------------------------------------    -------------------
    SLICE_X1Y68          FDSE (Prop_fdse_C_Q)         0.141     1.610 r  u_sccb_init/busy_reg/Q
                         net (fo=1, routed)           0.738     2.349    led_OBUF[1]
    E19                  OBUF (Prop_obuf_I_O)         1.231     3.579 r  led_OBUF[1]_inst/O
                         net (fo=0)                   0.000     3.579    led[1]
    E19                                                               r  led[1] (OUT)
  -------------------------------------------------------------------    -------------------

Slack:                    inf
  Source:                 u_sccb_init/sioc_reg/C
                            (rising edge-triggered cell FDSE clocked by sys_clk  {rise@0.000ns fall@5.000ns period=10.000ns})
  Destination:            cam_sioc
                            (output port)
  Path Group:             (none)
  Path Type:              Min at Fast Process Corner
  Data Path Delay:        2.356ns  (logic 1.385ns (58.771%)  route 0.972ns (41.229%))
  Logic Levels:           1  (OBUF=1)
  Clock Uncertainty:      0.025ns  ((TSJ^2 + TIJ^2)^1/2 + DJ) / 2 + PE
    Total System Jitter     (TSJ):    0.050ns
    Total Input Jitter      (TIJ):    0.000ns
    Discrete Jitter          (DJ):    0.000ns
    Phase Error              (PE):    0.000ns

    Location             Delay type                Incr(ns)  Path(ns)    Netlist Resource(s)
  -------------------------------------------------------------------    -------------------
                         (clock sys_clk rise edge)    0.000     0.000 r  
    W5                                                0.000     0.000 r  CLK100MHZ (IN)
                         net (fo=0)                   0.000     0.000    CLK100MHZ
    W5                   IBUF (Prop_ibuf_I_O)         0.226     0.226 r  CLK100MHZ_IBUF_inst/O
                         net (fo=1, routed)           0.631     0.858    CLK100MHZ_IBUF
    BUFGCTRL_X0Y1        BUFG (Prop_bufg_I_O)         0.026     0.884 r  CLK100MHZ_IBUF_BUFG_inst/O
                         net (fo=87, routed)          0.583     1.466    u_sccb_init/CLK100MHZ_IBUF_BUFG
    SLICE_X2Y71          FDSE                                         r  u_sccb_init/sioc_reg/C
  -------------------------------------------------------------------    -------------------
    SLICE_X2Y71          FDSE (Prop_fdse_C_Q)         0.164     1.630 r  u_sccb_init/sioc_reg/Q
                         net (fo=1, routed)           0.972     2.602    cam_sioc_OBUF
    A14                  OBUF (Prop_obuf_I_O)         1.221     3.823 r  cam_sioc_OBUF_inst/O
                         net (fo=0)                   0.000     3.823    cam_sioc
    A14                                                               r  cam_sioc (OUT)
  -------------------------------------------------------------------    -------------------

Slack:                    inf
  Source:                 u_sccb_init/done_reg/C
                            (rising edge-triggered cell FDRE clocked by sys_clk  {rise@0.000ns fall@5.000ns period=10.000ns})
  Destination:            led[0]
                            (output port)
  Path Group:             (none)
  Path Type:              Min at Fast Process Corner
  Data Path Delay:        2.710ns  (logic 1.388ns (51.224%)  route 1.322ns (48.776%))
  Logic Levels:           1  (OBUF=1)
  Clock Uncertainty:      0.025ns  ((TSJ^2 + TIJ^2)^1/2 + DJ) / 2 + PE
    Total System Jitter     (TSJ):    0.050ns
    Total Input Jitter      (TIJ):    0.000ns
    Discrete Jitter          (DJ):    0.000ns
    Phase Error              (PE):    0.000ns

    Location             Delay type                Incr(ns)  Path(ns)    Netlist Resource(s)
  -------------------------------------------------------------------    -------------------
                         (clock sys_clk rise edge)    0.000     0.000 r  
    W5                                                0.000     0.000 r  CLK100MHZ (IN)
                         net (fo=0)                   0.000     0.000    CLK100MHZ
    W5                   IBUF (Prop_ibuf_I_O)         0.226     0.226 r  CLK100MHZ_IBUF_inst/O
                         net (fo=1, routed)           0.631     0.858    CLK100MHZ_IBUF
    BUFGCTRL_X0Y1        BUFG (Prop_bufg_I_O)         0.026     0.884 r  CLK100MHZ_IBUF_BUFG_inst/O
                         net (fo=87, routed)          0.586     1.469    u_sccb_init/CLK100MHZ_IBUF_BUFG
    SLICE_X1Y68          FDRE                                         r  u_sccb_init/done_reg/C
  -------------------------------------------------------------------    -------------------
    SLICE_X1Y68          FDRE (Prop_fdre_C_Q)         0.128     1.597 r  u_sccb_init/done_reg/Q
                         net (fo=1, routed)           1.322     2.919    led_OBUF[0]
    U16                  OBUF (Prop_obuf_I_O)         1.260     4.179 r  led_OBUF[0]_inst/O
                         net (fo=0)                   0.000     4.179    led[0]
    U16                                                               r  led[0] (OUT)
  -------------------------------------------------------------------    -------------------

Slack:                    inf
  Source:                 u_sccb_init/ack_error_reg/C
                            (rising edge-triggered cell FDRE clocked by sys_clk  {rise@0.000ns fall@5.000ns period=10.000ns})
  Destination:            led[5]
                            (output port)
  Path Group:             (none)
  Path Type:              Min at Fast Process Corner
  Data Path Delay:        2.729ns  (logic 1.357ns (49.716%)  route 1.372ns (50.284%))
  Logic Levels:           1  (OBUF=1)
  Clock Uncertainty:      0.025ns  ((TSJ^2 + TIJ^2)^1/2 + DJ) / 2 + PE
    Total System Jitter     (TSJ):    0.050ns
    Total Input Jitter      (TIJ):    0.000ns
    Discrete Jitter          (DJ):    0.000ns
    Phase Error              (PE):    0.000ns

    Location             Delay type                Incr(ns)  Path(ns)    Netlist Resource(s)
  -------------------------------------------------------------------    -------------------
                         (clock sys_clk rise edge)    0.000     0.000 r  
    W5                                                0.000     0.000 r  CLK100MHZ (IN)
                         net (fo=0)                   0.000     0.000    CLK100MHZ
    W5                   IBUF (Prop_ibuf_I_O)         0.226     0.226 r  CLK100MHZ_IBUF_inst/O
                         net (fo=1, routed)           0.631     0.858    CLK100MHZ_IBUF
    BUFGCTRL_X0Y1        BUFG (Prop_bufg_I_O)         0.026     0.884 r  CLK100MHZ_IBUF_BUFG_inst/O
                         net (fo=87, routed)          0.583     1.466    u_sccb_init/CLK100MHZ_IBUF_BUFG
    SLICE_X0Y71          FDRE                                         r  u_sccb_init/ack_error_reg/C
  -------------------------------------------------------------------    -------------------
    SLICE_X0Y71          FDRE (Prop_fdre_C_Q)         0.141     1.607 r  u_sccb_init/ack_error_reg/Q
                         net (fo=1, routed)           1.372     2.979    led_OBUF[5]
    U15                  OBUF (Prop_obuf_I_O)         1.216     4.195 r  led_OBUF[5]_inst/O
                         net (fo=0)                   0.000     4.195    led[5]
    U15                                                               r  led[5] (OUT)
  -------------------------------------------------------------------    -------------------





--------------------------------------------------------------------------------------
Path Group:  (none)
From Clock:  
  To Clock:  cam_pclk_clk

Max Delay           869 Endpoints
Min Delay           869 Endpoints
--------------------------------------------------------------------------------------


Max Delay Paths
--------------------------------------------------------------------------------------
Slack:                    inf
  Source:                 cam_data[3]
                            (input port)
  Destination:            u_capture/full_wr_data_reg[2]/D
                            (rising edge-triggered cell FDRE clocked by cam_pclk_clk  {rise@0.000ns fall@20.000ns period=40.000ns})
  Path Group:             (none)
  Path Type:              Setup (Max at Slow Process Corner)
  Data Path Delay:        10.720ns  (logic 3.477ns (32.435%)  route 7.243ns (67.565%))
  Logic Levels:           8  (CARRY4=1 IBUF=1 LUT2=1 LUT3=1 LUT5=1 LUT6=3)
  Clock Path Skew:        5.065ns (DCD - SCD + CPR)
    Destination Clock Delay (DCD):    5.065ns
    Source Clock Delay      (SCD):    0.000ns
    Clock Pessimism Removal (CPR):    0.000ns
  Clock Uncertainty:      0.025ns  ((TSJ^2 + TIJ^2)^1/2 + DJ) / 2 + PE
    Total System Jitter     (TSJ):    0.050ns
    Total Input Jitter      (TIJ):    0.000ns
    Discrete Jitter          (DJ):    0.000ns
    Phase Error              (PE):    0.000ns

    Location             Delay type                Incr(ns)  Path(ns)    Netlist Resource(s)
  -------------------------------------------------------------------    -------------------
    M18                                               0.000     0.000 r  cam_data[3] (IN)
                         net (fo=0)                   0.000     0.000    cam_data[3]
    M18                  IBUF (Prop_ibuf_I_O)         1.453     1.453 r  cam_data_IBUF[3]_inst/O
                         net (fo=9, routed)           3.306     4.759    u_capture/cam_data_IBUF[3]
    SLICE_X39Y57         LUT3 (Prop_lut3_I0_O)        0.152     4.911 f  u_capture/gray_acc__0_carry_i_6/O
                         net (fo=2, routed)           0.887     5.798    u_capture/gray_acc__0_carry_i_6_n_0
    SLICE_X38Y57         LUT6 (Prop_lut6_I5_O)        0.326     6.124 r  u_capture/gray_acc__0_carry__0_i_10__0/O
                         net (fo=2, routed)           0.822     6.946    u_capture/gray_acc__0_carry__0_i_10__0_n_0
    SLICE_X38Y58         LUT6 (Prop_lut6_I5_O)        0.124     7.070 f  u_capture/gray_acc__0_carry__0_i_9__0/O
                         net (fo=2, routed)           0.713     7.783    u_capture/gray_acc__0_carry__0_i_9__0_n_0
    SLICE_X39Y58         LUT2 (Prop_lut2_I1_O)        0.150     7.933 r  u_capture/gray_acc__0_carry__0_i_2/O
                         net (fo=2, routed)           0.820     8.753    u_capture/gray_acc__0_carry__0_i_2_n_0
    SLICE_X40Y58         LUT6 (Prop_lut6_I0_O)        0.326     9.079 r  u_capture/gray_acc__0_carry__0_i_6/O
                         net (fo=1, routed)           0.000     9.079    u_capture/gray_acc__0_carry__0_i_6_n_0
    SLICE_X40Y58         CARRY4 (Prop_carry4_S[1]_O[3])
                                                      0.640     9.719 r  u_capture/gray_acc__0_carry__0/O[3]
                         net (fo=1, routed)           0.695    10.414    u_capture/gray_acc[7]
    SLICE_X41Y58         LUT5 (Prop_lut5_I3_O)        0.306    10.720 r  u_capture/full_wr_data[2]_i_1/O
                         net (fo=1, routed)           0.000    10.720    u_capture/full_wr_data[2]_i_1_n_0
    SLICE_X41Y58         FDRE                                         r  u_capture/full_wr_data_reg[2]/D
  -------------------------------------------------------------------    -------------------

                         (clock cam_pclk_clk rise edge)
                                                      0.000     0.000 r  
    A16                                               0.000     0.000 r  cam_pclk (IN)
                         net (fo=0)                   0.000     0.000    cam_pclk
    A16                  IBUF (Prop_ibuf_I_O)         1.387     1.387 r  cam_pclk_IBUF_inst/O
                         net (fo=1, routed)           2.155     3.542    led_OBUF[4]
    BUFGCTRL_X0Y16       BUFG (Prop_bufg_I_O)         0.091     3.633 r  led_OBUF_BUFG[4]_inst/O
                         net (fo=145, routed)         1.433     5.065    u_capture/led_OBUF[2]
    SLICE_X41Y58         FDRE                                         r  u_capture/full_wr_data_reg[2]/C

Slack:                    inf
  Source:                 cam_data[3]
                            (input port)
  Destination:            u_capture/full_wr_data_reg[1]/D
                            (rising edge-triggered cell FDRE clocked by cam_pclk_clk  {rise@0.000ns fall@20.000ns period=40.000ns})
  Path Group:             (none)
  Path Type:              Setup (Max at Slow Process Corner)
  Data Path Delay:        10.462ns  (logic 3.413ns (32.622%)  route 7.049ns (67.378%))
  Logic Levels:           8  (CARRY4=1 IBUF=1 LUT2=1 LUT3=1 LUT5=1 LUT6=3)
  Clock Path Skew:        5.065ns (DCD - SCD + CPR)
    Destination Clock Delay (DCD):    5.065ns
    Source Clock Delay      (SCD):    0.000ns
    Clock Pessimism Removal (CPR):    0.000ns
  Clock Uncertainty:      0.025ns  ((TSJ^2 + TIJ^2)^1/2 + DJ) / 2 + PE
    Total System Jitter     (TSJ):    0.050ns
    Total Input Jitter      (TIJ):    0.000ns
    Discrete Jitter          (DJ):    0.000ns
    Phase Error              (PE):    0.000ns

    Location             Delay type                Incr(ns)  Path(ns)    Netlist Resource(s)
  -------------------------------------------------------------------    -------------------
    M18                                               0.000     0.000 r  cam_data[3] (IN)
                         net (fo=0)                   0.000     0.000    cam_data[3]
    M18                  IBUF (Prop_ibuf_I_O)         1.453     1.453 r  cam_data_IBUF[3]_inst/O
                         net (fo=9, routed)           3.306     4.759    u_capture/cam_data_IBUF[3]
    SLICE_X39Y57         LUT3 (Prop_lut3_I0_O)        0.152     4.911 f  u_capture/gray_acc__0_carry_i_6/O
                         net (fo=2, routed)           0.887     5.798    u_capture/gray_acc__0_carry_i_6_n_0
    SLICE_X38Y57         LUT6 (Prop_lut6_I5_O)        0.326     6.124 r  u_capture/gray_acc__0_carry__0_i_10__0/O
                         net (fo=2, routed)           0.822     6.946    u_capture/gray_acc__0_carry__0_i_10__0_n_0
    SLICE_X38Y58         LUT6 (Prop_lut6_I5_O)        0.124     7.070 f  u_capture/gray_acc__0_carry__0_i_9__0/O
                         net (fo=2, routed)           0.713     7.783    u_capture/gray_acc__0_carry__0_i_9__0_n_0
    SLICE_X39Y58         LUT2 (Prop_lut2_I1_O)        0.150     7.933 r  u_capture/gray_acc__0_carry__0_i_2/O
                         net (fo=2, routed)           0.820     8.753    u_capture/gray_acc__0_carry__0_i_2_n_0
    SLICE_X40Y58         LUT6 (Prop_lut6_I0_O)        0.326     9.079 r  u_capture/gray_acc__0_carry__0_i_6/O
                         net (fo=1, routed)           0.000     9.079    u_capture/gray_acc__0_carry__0_i_6_n_0
    SLICE_X40Y58         CARRY4 (Prop_carry4_S[1]_O[2])
                                                      0.580     9.659 r  u_capture/gray_acc__0_carry__0/O[2]
                         net (fo=1, routed)           0.501    10.160    u_capture/gray_acc[6]
    SLICE_X41Y58         LUT5 (Prop_lut5_I3_O)        0.302    10.462 r  u_capture/full_wr_data[1]_i_1/O
                         net (fo=1, routed)           0.000    10.462    u_capture/full_wr_data[1]_i_1_n_0
    SLICE_X41Y58         FDRE                                         r  u_capture/full_wr_data_reg[1]/D
  -------------------------------------------------------------------    -------------------

                         (clock cam_pclk_clk rise edge)
                                                      0.000     0.000 r  
    A16                                               0.000     0.000 r  cam_pclk (IN)
                         net (fo=0)                   0.000     0.000    cam_pclk
    A16                  IBUF (Prop_ibuf_I_O)         1.387     1.387 r  cam_pclk_IBUF_inst/O
                         net (fo=1, routed)           2.155     3.542    led_OBUF[4]
    BUFGCTRL_X0Y16       BUFG (Prop_bufg_I_O)         0.091     3.633 r  led_OBUF_BUFG[4]_inst/O
                         net (fo=145, routed)         1.433     5.065    u_capture/led_OBUF[2]
    SLICE_X41Y58         FDRE                                         r  u_capture/full_wr_data_reg[1]/C

Slack:                    inf
  Source:                 cam_data[7]
                            (input port)
  Destination:            u_capture/full_wr_data_reg[0]/D
                            (rising edge-triggered cell FDRE clocked by cam_pclk_clk  {rise@0.000ns fall@20.000ns period=40.000ns})
  Path Group:             (none)
  Path Type:              Setup (Max at Slow Process Corner)
  Data Path Delay:        10.252ns  (logic 2.192ns (21.384%)  route 8.060ns (78.616%))
  Logic Levels:           7  (IBUF=1 LUT3=1 LUT5=3 LUT6=2)
  Clock Path Skew:        5.065ns (DCD - SCD + CPR)
    Destination Clock Delay (DCD):    5.065ns
    Source Clock Delay      (SCD):    0.000ns
    Clock Pessimism Removal (CPR):    0.000ns
  Clock Uncertainty:      0.025ns  ((TSJ^2 + TIJ^2)^1/2 + DJ) / 2 + PE
    Total System Jitter     (TSJ):    0.050ns
    Total Input Jitter      (TIJ):    0.000ns
    Discrete Jitter          (DJ):    0.000ns
    Phase Error              (PE):    0.000ns

    Location             Delay type                Incr(ns)  Path(ns)    Netlist Resource(s)
  -------------------------------------------------------------------    -------------------
    B16                                               0.000     0.000 r  cam_data[7] (IN)
                         net (fo=0)                   0.000     0.000    cam_data[7]
    B16                  IBUF (Prop_ibuf_I_O)         1.448     1.448 r  cam_data_IBUF[7]_inst/O
                         net (fo=8, routed)           4.489     5.937    u_capture/cam_data_IBUF[7]
    SLICE_X38Y57         LUT3 (Prop_lut3_I2_O)        0.124     6.061 r  u_capture/full_wr_data[2]_i_13/O
                         net (fo=2, routed)           1.038     7.099    u_capture/full_wr_data[2]_i_13_n_0
    SLICE_X39Y56         LUT5 (Prop_lut5_I3_O)        0.124     7.223 r  u_capture/full_wr_data[2]_i_16/O
                         net (fo=2, routed)           0.264     7.487    u_capture/full_wr_data[2]_i_16_n_0
    SLICE_X39Y56         LUT5 (Prop_lut5_I0_O)        0.124     7.611 f  u_capture/full_wr_data[2]_i_17/O
                         net (fo=1, routed)           0.638     8.249    u_capture/full_wr_data[2]_i_17_n_0
    SLICE_X39Y57         LUT6 (Prop_lut6_I0_O)        0.124     8.373 f  u_capture/full_wr_data[2]_i_11/O
                         net (fo=1, routed)           0.807     9.180    u_capture/full_wr_data[2]_i_11_n_0
    SLICE_X41Y57         LUT6 (Prop_lut6_I5_O)        0.124     9.304 f  u_capture/full_wr_data[2]_i_3/O
                         net (fo=3, routed)           0.824    10.128    u_capture/full_wr_data[2]_i_3_n_0
    SLICE_X41Y58         LUT5 (Prop_lut5_I4_O)        0.124    10.252 r  u_capture/full_wr_data[0]_i_1/O
                         net (fo=1, routed)           0.000    10.252    u_capture/full_wr_data[0]_i_1_n_0
    SLICE_X41Y58         FDRE                                         r  u_capture/full_wr_data_reg[0]/D
  -------------------------------------------------------------------    -------------------

                         (clock cam_pclk_clk rise edge)
                                                      0.000     0.000 r  
    A16                                               0.000     0.000 r  cam_pclk (IN)
                         net (fo=0)                   0.000     0.000    cam_pclk
    A16                  IBUF (Prop_ibuf_I_O)         1.387     1.387 r  cam_pclk_IBUF_inst/O
                         net (fo=1, routed)           2.155     3.542    led_OBUF[4]
    BUFGCTRL_X0Y16       BUFG (Prop_bufg_I_O)         0.091     3.633 r  led_OBUF_BUFG[4]_inst/O
                         net (fo=145, routed)         1.433     5.065    u_capture/led_OBUF[2]
    SLICE_X41Y58         FDRE                                         r  u_capture/full_wr_data_reg[0]/C

Slack:                    inf
  Source:                 cam_vsync
                            (input port)
  Destination:            u_capture/base_wr_data_reg[1]/CE
                            (rising edge-triggered cell FDRE clocked by cam_pclk_clk  {rise@0.000ns fall@20.000ns period=40.000ns})
  Path Group:             (none)
  Path Type:              Setup (Max at Slow Process Corner)
  Data Path Delay:        9.752ns  (logic 1.948ns (19.975%)  route 7.804ns (80.025%))
  Logic Levels:           3  (IBUF=1 LUT3=1 LUT4=1)
  Clock Path Skew:        5.065ns (DCD - SCD + CPR)
    Destination Clock Delay (DCD):    5.065ns
    Source Clock Delay      (SCD):    0.000ns
    Clock Pessimism Removal (CPR):    0.000ns
  Clock Uncertainty:      0.025ns  ((TSJ^2 + TIJ^2)^1/2 + DJ) / 2 + PE
    Total System Jitter     (TSJ):    0.050ns
    Total Input Jitter      (TIJ):    0.000ns
    Discrete Jitter          (DJ):    0.000ns
    Phase Error              (PE):    0.000ns

    Location             Delay type                Incr(ns)  Path(ns)    Netlist Resource(s)
  -------------------------------------------------------------------    -------------------
    B15                                               0.000     0.000 f  cam_vsync (IN)
                         net (fo=0)                   0.000     0.000    cam_vsync
    B15                  IBUF (Prop_ibuf_I_O)         1.470     1.470 f  cam_vsync_IBUF_inst/O
                         net (fo=11, routed)          4.875     6.345    u_capture/led_OBUF[0]
    SLICE_X46Y56         LUT4 (Prop_lut4_I2_O)        0.150     6.495 r  u_capture/full_wr_addr[18]_i_1/O
                         net (fo=26, routed)          1.029     7.524    u_capture/full_wr_addr[18]_i_1_n_0
    SLICE_X51Y56         LUT3 (Prop_lut3_I0_O)        0.328     7.852 r  u_capture/base_wr_addr[16]_i_1/O
                         net (fo=29, routed)          1.900     9.752    u_capture/base_wr_addr[16]_i_1_n_0
    SLICE_X28Y57         FDRE                                         r  u_capture/base_wr_data_reg[1]/CE
  -------------------------------------------------------------------    -------------------

                         (clock cam_pclk_clk rise edge)
                                                      0.000     0.000 r  
    A16                                               0.000     0.000 r  cam_pclk (IN)
                         net (fo=0)                   0.000     0.000    cam_pclk
    A16                  IBUF (Prop_ibuf_I_O)         1.387     1.387 r  cam_pclk_IBUF_inst/O
                         net (fo=1, routed)           2.155     3.542    led_OBUF[4]
    BUFGCTRL_X0Y16       BUFG (Prop_bufg_I_O)         0.091     3.633 r  led_OBUF_BUFG[4]_inst/O
                         net (fo=145, routed)         1.433     5.065    u_capture/led_OBUF[2]
    SLICE_X28Y57         FDRE                                         r  u_capture/base_wr_data_reg[1]/C

Slack:                    inf
  Source:                 cam_vsync
                            (input port)
  Destination:            u_capture/base_wr_data_reg[4]/CE
                            (rising edge-triggered cell FDRE clocked by cam_pclk_clk  {rise@0.000ns fall@20.000ns period=40.000ns})
  Path Group:             (none)
  Path Type:              Setup (Max at Slow Process Corner)
  Data Path Delay:        9.752ns  (logic 1.948ns (19.975%)  route 7.804ns (80.025%))
  Logic Levels:           3  (IBUF=1 LUT3=1 LUT4=1)
  Clock Path Skew:        5.065ns (DCD - SCD + CPR)
    Destination Clock Delay (DCD):    5.065ns
    Source Clock Delay      (SCD):    0.000ns
    Clock Pessimism Removal (CPR):    0.000ns
  Clock Uncertainty:      0.025ns  ((TSJ^2 + TIJ^2)^1/2 + DJ) / 2 + PE
    Total System Jitter     (TSJ):    0.050ns
    Total Input Jitter      (TIJ):    0.000ns
    Discrete Jitter          (DJ):    0.000ns
    Phase Error              (PE):    0.000ns

    Location             Delay type                Incr(ns)  Path(ns)    Netlist Resource(s)
  -------------------------------------------------------------------    -------------------
    B15                                               0.000     0.000 f  cam_vsync (IN)
                         net (fo=0)                   0.000     0.000    cam_vsync
    B15                  IBUF (Prop_ibuf_I_O)         1.470     1.470 f  cam_vsync_IBUF_inst/O
                         net (fo=11, routed)          4.875     6.345    u_capture/led_OBUF[0]
    SLICE_X46Y56         LUT4 (Prop_lut4_I2_O)        0.150     6.495 r  u_capture/full_wr_addr[18]_i_1/O
                         net (fo=26, routed)          1.029     7.524    u_capture/full_wr_addr[18]_i_1_n_0
    SLICE_X51Y56         LUT3 (Prop_lut3_I0_O)        0.328     7.852 r  u_capture/base_wr_addr[16]_i_1/O
                         net (fo=29, routed)          1.900     9.752    u_capture/base_wr_addr[16]_i_1_n_0
    SLICE_X28Y57         FDRE                                         r  u_capture/base_wr_data_reg[4]/CE
  -------------------------------------------------------------------    -------------------

                         (clock cam_pclk_clk rise edge)
                                                      0.000     0.000 r  
    A16                                               0.000     0.000 r  cam_pclk (IN)
                         net (fo=0)                   0.000     0.000    cam_pclk
    A16                  IBUF (Prop_ibuf_I_O)         1.387     1.387 r  cam_pclk_IBUF_inst/O
                         net (fo=1, routed)           2.155     3.542    led_OBUF[4]
    BUFGCTRL_X0Y16       BUFG (Prop_bufg_I_O)         0.091     3.633 r  led_OBUF_BUFG[4]_inst/O
                         net (fo=145, routed)         1.433     5.065    u_capture/led_OBUF[2]
    SLICE_X28Y57         FDRE                                         r  u_capture/base_wr_data_reg[4]/C

Slack:                    inf
  Source:                 cam_vsync
                            (input port)
  Destination:            u_capture/base_wr_data_reg[10]/CE
                            (rising edge-triggered cell FDRE clocked by cam_pclk_clk  {rise@0.000ns fall@20.000ns period=40.000ns})
  Path Group:             (none)
  Path Type:              Setup (Max at Slow Process Corner)
  Data Path Delay:        9.251ns  (logic 1.948ns (21.058%)  route 7.303ns (78.942%))
  Logic Levels:           3  (IBUF=1 LUT3=1 LUT4=1)
  Clock Path Skew:        5.066ns (DCD - SCD + CPR)
    Destination Clock Delay (DCD):    5.066ns
    Source Clock Delay      (SCD):    0.000ns
    Clock Pessimism Removal (CPR):    0.000ns
  Clock Uncertainty:      0.025ns  ((TSJ^2 + TIJ^2)^1/2 + DJ) / 2 + PE
    Total System Jitter     (TSJ):    0.050ns
    Total Input Jitter      (TIJ):    0.000ns
    Discrete Jitter          (DJ):    0.000ns
    Phase Error              (PE):    0.000ns

    Location             Delay type                Incr(ns)  Path(ns)    Netlist Resource(s)
  -------------------------------------------------------------------    -------------------
    B15                                               0.000     0.000 f  cam_vsync (IN)
                         net (fo=0)                   0.000     0.000    cam_vsync
    B15                  IBUF (Prop_ibuf_I_O)         1.470     1.470 f  cam_vsync_IBUF_inst/O
                         net (fo=11, routed)          4.875     6.345    u_capture/led_OBUF[0]
    SLICE_X46Y56         LUT4 (Prop_lut4_I2_O)        0.150     6.495 r  u_capture/full_wr_addr[18]_i_1/O
                         net (fo=26, routed)          1.029     7.524    u_capture/full_wr_addr[18]_i_1_n_0
    SLICE_X51Y56         LUT3 (Prop_lut3_I0_O)        0.328     7.852 r  u_capture/base_wr_addr[16]_i_1/O
                         net (fo=29, routed)          1.398     9.251    u_capture/base_wr_addr[16]_i_1_n_0
    SLICE_X40Y56         FDRE                                         r  u_capture/base_wr_data_reg[10]/CE
  -------------------------------------------------------------------    -------------------

                         (clock cam_pclk_clk rise edge)
                                                      0.000     0.000 r  
    A16                                               0.000     0.000 r  cam_pclk (IN)
                         net (fo=0)                   0.000     0.000    cam_pclk
    A16                  IBUF (Prop_ibuf_I_O)         1.387     1.387 r  cam_pclk_IBUF_inst/O
                         net (fo=1, routed)           2.155     3.542    led_OBUF[4]
    BUFGCTRL_X0Y16       BUFG (Prop_bufg_I_O)         0.091     3.633 r  led_OBUF_BUFG[4]_inst/O
                         net (fo=145, routed)         1.434     5.066    u_capture/led_OBUF[2]
    SLICE_X40Y56         FDRE                                         r  u_capture/base_wr_data_reg[10]/C

Slack:                    inf
  Source:                 cam_vsync
                            (input port)
  Destination:            u_capture/base_wr_data_reg[7]/CE
                            (rising edge-triggered cell FDRE clocked by cam_pclk_clk  {rise@0.000ns fall@20.000ns period=40.000ns})
  Path Group:             (none)
  Path Type:              Setup (Max at Slow Process Corner)
  Data Path Delay:        9.251ns  (logic 1.948ns (21.058%)  route 7.303ns (78.942%))
  Logic Levels:           3  (IBUF=1 LUT3=1 LUT4=1)
  Clock Path Skew:        5.066ns (DCD - SCD + CPR)
    Destination Clock Delay (DCD):    5.066ns
    Source Clock Delay      (SCD):    0.000ns
    Clock Pessimism Removal (CPR):    0.000ns
  Clock Uncertainty:      0.025ns  ((TSJ^2 + TIJ^2)^1/2 + DJ) / 2 + PE
    Total System Jitter     (TSJ):    0.050ns
    Total Input Jitter      (TIJ):    0.000ns
    Discrete Jitter          (DJ):    0.000ns
    Phase Error              (PE):    0.000ns

    Location             Delay type                Incr(ns)  Path(ns)    Netlist Resource(s)
  -------------------------------------------------------------------    -------------------
    B15                                               0.000     0.000 f  cam_vsync (IN)
                         net (fo=0)                   0.000     0.000    cam_vsync
    B15                  IBUF (Prop_ibuf_I_O)         1.470     1.470 f  cam_vsync_IBUF_inst/O
                         net (fo=11, routed)          4.875     6.345    u_capture/led_OBUF[0]
    SLICE_X46Y56         LUT4 (Prop_lut4_I2_O)        0.150     6.495 r  u_capture/full_wr_addr[18]_i_1/O
                         net (fo=26, routed)          1.029     7.524    u_capture/full_wr_addr[18]_i_1_n_0
    SLICE_X51Y56         LUT3 (Prop_lut3_I0_O)        0.328     7.852 r  u_capture/base_wr_addr[16]_i_1/O
                         net (fo=29, routed)          1.398     9.251    u_capture/base_wr_addr[16]_i_1_n_0
    SLICE_X40Y56         FDRE                                         r  u_capture/base_wr_data_reg[7]/CE
  -------------------------------------------------------------------    -------------------

                         (clock cam_pclk_clk rise edge)
                                                      0.000     0.000 r  
    A16                                               0.000     0.000 r  cam_pclk (IN)
                         net (fo=0)                   0.000     0.000    cam_pclk
    A16                  IBUF (Prop_ibuf_I_O)         1.387     1.387 r  cam_pclk_IBUF_inst/O
                         net (fo=1, routed)           2.155     3.542    led_OBUF[4]
    BUFGCTRL_X0Y16       BUFG (Prop_bufg_I_O)         0.091     3.633 r  led_OBUF_BUFG[4]_inst/O
                         net (fo=145, routed)         1.434     5.066    u_capture/led_OBUF[2]
    SLICE_X40Y56         FDRE                                         r  u_capture/base_wr_data_reg[7]/C

Slack:                    inf
  Source:                 cam_vsync
                            (input port)
  Destination:            u_capture/base_wr_data_reg[8]/CE
                            (rising edge-triggered cell FDRE clocked by cam_pclk_clk  {rise@0.000ns fall@20.000ns period=40.000ns})
  Path Group:             (none)
  Path Type:              Setup (Max at Slow Process Corner)
  Data Path Delay:        9.157ns  (logic 1.948ns (21.272%)  route 7.209ns (78.728%))
  Logic Levels:           3  (IBUF=1 LUT3=1 LUT4=1)
  Clock Path Skew:        5.065ns (DCD - SCD + CPR)
    Destination Clock Delay (DCD):    5.065ns
    Source Clock Delay      (SCD):    0.000ns
    Clock Pessimism Removal (CPR):    0.000ns
  Clock Uncertainty:      0.025ns  ((TSJ^2 + TIJ^2)^1/2 + DJ) / 2 + PE
    Total System Jitter     (TSJ):    0.050ns
    Total Input Jitter      (TIJ):    0.000ns
    Discrete Jitter          (DJ):    0.000ns
    Phase Error              (PE):    0.000ns

    Location             Delay type                Incr(ns)  Path(ns)    Netlist Resource(s)
  -------------------------------------------------------------------    -------------------
    B15                                               0.000     0.000 f  cam_vsync (IN)
                         net (fo=0)                   0.000     0.000    cam_vsync
    B15                  IBUF (Prop_ibuf_I_O)         1.470     1.470 f  cam_vsync_IBUF_inst/O
                         net (fo=11, routed)          4.875     6.345    u_capture/led_OBUF[0]
    SLICE_X46Y56         LUT4 (Prop_lut4_I2_O)        0.150     6.495 r  u_capture/full_wr_addr[18]_i_1/O
                         net (fo=26, routed)          1.029     7.524    u_capture/full_wr_addr[18]_i_1_n_0
    SLICE_X51Y56         LUT3 (Prop_lut3_I0_O)        0.328     7.852 r  u_capture/base_wr_addr[16]_i_1/O
                         net (fo=29, routed)          1.305     9.157    u_capture/base_wr_addr[16]_i_1_n_0
    SLICE_X42Y57         FDRE                                         r  u_capture/base_wr_data_reg[8]/CE
  -------------------------------------------------------------------    -------------------

                         (clock cam_pclk_clk rise edge)
                                                      0.000     0.000 r  
    A16                                               0.000     0.000 r  cam_pclk (IN)
                         net (fo=0)                   0.000     0.000    cam_pclk
    A16                  IBUF (Prop_ibuf_I_O)         1.387     1.387 r  cam_pclk_IBUF_inst/O
                         net (fo=1, routed)           2.155     3.542    led_OBUF[4]
    BUFGCTRL_X0Y16       BUFG (Prop_bufg_I_O)         0.091     3.633 r  led_OBUF_BUFG[4]_inst/O
                         net (fo=145, routed)         1.433     5.065    u_capture/led_OBUF[2]
    SLICE_X42Y57         FDRE                                         r  u_capture/base_wr_data_reg[8]/C

Slack:                    inf
  Source:                 cam_vsync
                            (input port)
  Destination:            u_capture/base_wr_data_reg[3]/CE
                            (rising edge-triggered cell FDRE clocked by cam_pclk_clk  {rise@0.000ns fall@20.000ns period=40.000ns})
  Path Group:             (none)
  Path Type:              Setup (Max at Slow Process Corner)
  Data Path Delay:        9.112ns  (logic 1.948ns (21.377%)  route 7.164ns (78.623%))
  Logic Levels:           3  (IBUF=1 LUT3=1 LUT4=1)
  Clock Path Skew:        5.066ns (DCD - SCD + CPR)
    Destination Clock Delay (DCD):    5.066ns
    Source Clock Delay      (SCD):    0.000ns
    Clock Pessimism Removal (CPR):    0.000ns
  Clock Uncertainty:      0.025ns  ((TSJ^2 + TIJ^2)^1/2 + DJ) / 2 + PE
    Total System Jitter     (TSJ):    0.050ns
    Total Input Jitter      (TIJ):    0.000ns
    Discrete Jitter          (DJ):    0.000ns
    Phase Error              (PE):    0.000ns

    Location             Delay type                Incr(ns)  Path(ns)    Netlist Resource(s)
  -------------------------------------------------------------------    -------------------
    B15                                               0.000     0.000 f  cam_vsync (IN)
                         net (fo=0)                   0.000     0.000    cam_vsync
    B15                  IBUF (Prop_ibuf_I_O)         1.470     1.470 f  cam_vsync_IBUF_inst/O
                         net (fo=11, routed)          4.875     6.345    u_capture/led_OBUF[0]
    SLICE_X46Y56         LUT4 (Prop_lut4_I2_O)        0.150     6.495 r  u_capture/full_wr_addr[18]_i_1/O
                         net (fo=26, routed)          1.029     7.524    u_capture/full_wr_addr[18]_i_1_n_0
    SLICE_X51Y56         LUT3 (Prop_lut3_I0_O)        0.328     7.852 r  u_capture/base_wr_addr[16]_i_1/O
                         net (fo=29, routed)          1.260     9.112    u_capture/base_wr_addr[16]_i_1_n_0
    SLICE_X40Y55         FDRE                                         r  u_capture/base_wr_data_reg[3]/CE
  -------------------------------------------------------------------    -------------------

                         (clock cam_pclk_clk rise edge)
                                                      0.000     0.000 r  
    A16                                               0.000     0.000 r  cam_pclk (IN)
                         net (fo=0)                   0.000     0.000    cam_pclk
    A16                  IBUF (Prop_ibuf_I_O)         1.387     1.387 r  cam_pclk_IBUF_inst/O
                         net (fo=1, routed)           2.155     3.542    led_OBUF[4]
    BUFGCTRL_X0Y16       BUFG (Prop_bufg_I_O)         0.091     3.633 r  led_OBUF_BUFG[4]_inst/O
                         net (fo=145, routed)         1.434     5.066    u_capture/led_OBUF[2]
    SLICE_X40Y55         FDRE                                         r  u_capture/base_wr_data_reg[3]/C

Slack:                    inf
  Source:                 cam_vsync
                            (input port)
  Destination:            u_capture/base_wr_data_reg[6]/CE
                            (rising edge-triggered cell FDRE clocked by cam_pclk_clk  {rise@0.000ns fall@20.000ns period=40.000ns})
  Path Group:             (none)
  Path Type:              Setup (Max at Slow Process Corner)
  Data Path Delay:        9.112ns  (logic 1.948ns (21.377%)  route 7.164ns (78.623%))
  Logic Levels:           3  (IBUF=1 LUT3=1 LUT4=1)
  Clock Path Skew:        5.066ns (DCD - SCD + CPR)
    Destination Clock Delay (DCD):    5.066ns
    Source Clock Delay      (SCD):    0.000ns
    Clock Pessimism Removal (CPR):    0.000ns
  Clock Uncertainty:      0.025ns  ((TSJ^2 + TIJ^2)^1/2 + DJ) / 2 + PE
    Total System Jitter     (TSJ):    0.050ns
    Total Input Jitter      (TIJ):    0.000ns
    Discrete Jitter          (DJ):    0.000ns
    Phase Error              (PE):    0.000ns

    Location             Delay type                Incr(ns)  Path(ns)    Netlist Resource(s)
  -------------------------------------------------------------------    -------------------
    B15                                               0.000     0.000 f  cam_vsync (IN)
                         net (fo=0)                   0.000     0.000    cam_vsync
    B15                  IBUF (Prop_ibuf_I_O)         1.470     1.470 f  cam_vsync_IBUF_inst/O
                         net (fo=11, routed)          4.875     6.345    u_capture/led_OBUF[0]
    SLICE_X46Y56         LUT4 (Prop_lut4_I2_O)        0.150     6.495 r  u_capture/full_wr_addr[18]_i_1/O
                         net (fo=26, routed)          1.029     7.524    u_capture/full_wr_addr[18]_i_1_n_0
    SLICE_X51Y56         LUT3 (Prop_lut3_I0_O)        0.328     7.852 r  u_capture/base_wr_addr[16]_i_1/O
                         net (fo=29, routed)          1.260     9.112    u_capture/base_wr_addr[16]_i_1_n_0
    SLICE_X41Y55         FDRE                                         r  u_capture/base_wr_data_reg[6]/CE
  -------------------------------------------------------------------    -------------------

                         (clock cam_pclk_clk rise edge)
                                                      0.000     0.000 r  
    A16                                               0.000     0.000 r  cam_pclk (IN)
                         net (fo=0)                   0.000     0.000    cam_pclk
    A16                  IBUF (Prop_ibuf_I_O)         1.387     1.387 r  cam_pclk_IBUF_inst/O
                         net (fo=1, routed)           2.155     3.542    led_OBUF[4]
    BUFGCTRL_X0Y16       BUFG (Prop_bufg_I_O)         0.091     3.633 r  led_OBUF_BUFG[4]_inst/O
                         net (fo=145, routed)         1.434     5.066    u_capture/led_OBUF[2]
    SLICE_X41Y55         FDRE                                         r  u_capture/base_wr_data_reg[6]/C





Min Delay Paths
--------------------------------------------------------------------------------------
Slack:                    inf
  Source:                 cam_data[4]
                            (input port)
  Destination:            u_capture/base_wr_data_reg[3]/D
                            (rising edge-triggered cell FDRE clocked by cam_pclk_clk  {rise@0.000ns fall@20.000ns period=40.000ns})
  Path Group:             (none)
  Path Type:              Hold (Min at Fast Process Corner)
  Data Path Delay:        1.367ns  (logic 0.244ns (17.839%)  route 1.124ns (82.161%))
  Logic Levels:           1  (IBUF=1)
  Clock Path Skew:        2.135ns (DCD - SCD - CPR)
    Destination Clock Delay (DCD):    2.135ns
    Source Clock Delay      (SCD):    0.000ns
    Clock Pessimism Removal (CPR):    -0.000ns

    Location             Delay type                Incr(ns)  Path(ns)    Netlist Resource(s)
  -------------------------------------------------------------------    -------------------
    L17                                               0.000     0.000 r  cam_data[4] (IN)
                         net (fo=0)                   0.000     0.000    cam_data[4]
    L17                  IBUF (Prop_ibuf_I_O)         0.244     0.244 r  cam_data_IBUF[4]_inst/O
                         net (fo=12, routed)          1.124     1.367    u_capture/cam_data_IBUF[4]
    SLICE_X40Y55         FDRE                                         r  u_capture/base_wr_data_reg[3]/D
  -------------------------------------------------------------------    -------------------

                         (clock cam_pclk_clk rise edge)
                                                      0.000     0.000 r  
    A16                                               0.000     0.000 r  cam_pclk (IN)
                         net (fo=0)                   0.000     0.000    cam_pclk
    A16                  IBUF (Prop_ibuf_I_O)         0.413     0.413 r  cam_pclk_IBUF_inst/O
                         net (fo=1, routed)           0.865     1.277    led_OBUF[4]
    BUFGCTRL_X0Y16       BUFG (Prop_bufg_I_O)         0.029     1.306 r  led_OBUF_BUFG[4]_inst/O
                         net (fo=145, routed)         0.829     2.135    u_capture/led_OBUF[2]
    SLICE_X40Y55         FDRE                                         r  u_capture/base_wr_data_reg[3]/C

Slack:                    inf
  Source:                 sw[14]
                            (input port)
  Destination:            u_framebuffer/u_bank1/mem_reg_1_2/ADDRARDADDR[3]
                            (rising edge-triggered cell RAMB36E1 clocked by cam_pclk_clk  {rise@0.000ns fall@20.000ns period=40.000ns})
  Path Group:             (none)
  Path Type:              Hold (Min at Fast Process Corner)
  Data Path Delay:        1.428ns  (logic 0.266ns (18.648%)  route 1.162ns (81.352%))
  Logic Levels:           2  (IBUF=1 LUT3=1)
  Clock Path Skew:        2.179ns (DCD - SCD - CPR)
    Destination Clock Delay (DCD):    2.179ns
    Source Clock Delay      (SCD):    0.000ns
    Clock Pessimism Removal (CPR):    -0.000ns

    Location             Delay type                Incr(ns)  Path(ns)    Netlist Resource(s)
  -------------------------------------------------------------------    -------------------
    T1                                                0.000     0.000 r  sw[14] (IN)
                         net (fo=0)                   0.000     0.000    sw[14]
    T1                   IBUF (Prop_ibuf_I_O)         0.223     0.223 r  sw_IBUF[14]_inst/O
                         net (fo=153, routed)         0.833     1.057    u_capture/led_OBUF[3]
    SLICE_X51Y55         LUT3 (Prop_lut3_I1_O)        0.043     1.100 r  u_capture/mem_reg_0_0_i_12__1/O
                         net (fo=9, routed)           0.328     1.428    u_framebuffer/u_bank1/ADDRARDADDR[3]
    RAMB36_X1Y11         RAMB36E1                                     r  u_framebuffer/u_bank1/mem_reg_1_2/ADDRARDADDR[3]
  -------------------------------------------------------------------    -------------------

                         (clock cam_pclk_clk rise edge)
                                                      0.000     0.000 r  
    A16                                               0.000     0.000 r  cam_pclk (IN)
                         net (fo=0)                   0.000     0.000    cam_pclk
    A16                  IBUF (Prop_ibuf_I_O)         0.413     0.413 r  cam_pclk_IBUF_inst/O
                         net (fo=1, routed)           0.865     1.277    led_OBUF[4]
    BUFGCTRL_X0Y16       BUFG (Prop_bufg_I_O)         0.029     1.306 r  led_OBUF_BUFG[4]_inst/O
                         net (fo=145, routed)         0.873     2.179    u_framebuffer/u_bank1/led_OBUF[0]
    RAMB36_X1Y11         RAMB36E1                                     r  u_framebuffer/u_bank1/mem_reg_1_2/CLKARDCLK

Slack:                    inf
  Source:                 sw[14]
                            (input port)
  Destination:            u_framebuffer/u_bank3/mem_reg_1_0__0/ADDRARDADDR[2]
                            (rising edge-triggered cell RAMB36E1 clocked by cam_pclk_clk  {rise@0.000ns fall@20.000ns period=40.000ns})
  Path Group:             (none)
  Path Type:              Hold (Min at Fast Process Corner)
  Data Path Delay:        1.433ns  (logic 0.268ns (18.719%)  route 1.165ns (81.281%))
  Logic Levels:           2  (IBUF=1 LUT3=1)
  Clock Path Skew:        2.175ns (DCD - SCD - CPR)
    Destination Clock Delay (DCD):    2.175ns
    Source Clock Delay      (SCD):    0.000ns
    Clock Pessimism Removal (CPR):    -0.000ns

    Location             Delay type                Incr(ns)  Path(ns)    Netlist Resource(s)
  -------------------------------------------------------------------    -------------------
    T1                                                0.000     0.000 r  sw[14] (IN)
                         net (fo=0)                   0.000     0.000    sw[14]
    T1                   IBUF (Prop_ibuf_I_O)         0.223     0.223 r  sw_IBUF[14]_inst/O
                         net (fo=153, routed)         0.856     1.079    u_capture/led_OBUF[3]
    SLICE_X50Y57         LUT3 (Prop_lut3_I1_O)        0.045     1.124 r  u_capture/mem_reg_0_0_i_13/O
                         net (fo=9, routed)           0.309     1.433    u_framebuffer/u_bank3/ADDRARDADDR[2]
    RAMB36_X1Y12         RAMB36E1                                     r  u_framebuffer/u_bank3/mem_reg_1_0__0/ADDRARDADDR[2]
  -------------------------------------------------------------------    -------------------

                         (clock cam_pclk_clk rise edge)
                                                      0.000     0.000 r  
    A16                                               0.000     0.000 r  cam_pclk (IN)
                         net (fo=0)                   0.000     0.000    cam_pclk
    A16                  IBUF (Prop_ibuf_I_O)         0.413     0.413 r  cam_pclk_IBUF_inst/O
                         net (fo=1, routed)           0.865     1.277    led_OBUF[4]
    BUFGCTRL_X0Y16       BUFG (Prop_bufg_I_O)         0.029     1.306 r  led_OBUF_BUFG[4]_inst/O
                         net (fo=145, routed)         0.869     2.175    u_framebuffer/u_bank3/led_OBUF[0]
    RAMB36_X1Y12         RAMB36E1                                     r  u_framebuffer/u_bank3/mem_reg_1_0__0/CLKARDCLK

Slack:                    inf
  Source:                 sw[14]
                            (input port)
  Destination:            u_framebuffer/u_bank1/mem_reg_1_2/ADDRARDADDR[10]
                            (rising edge-triggered cell RAMB36E1 clocked by cam_pclk_clk  {rise@0.000ns fall@20.000ns period=40.000ns})
  Path Group:             (none)
  Path Type:              Hold (Min at Fast Process Corner)
  Data Path Delay:        1.440ns  (logic 0.269ns (18.702%)  route 1.171ns (81.298%))
  Logic Levels:           2  (IBUF=1 LUT3=1)
  Clock Path Skew:        2.179ns (DCD - SCD - CPR)
    Destination Clock Delay (DCD):    2.179ns
    Source Clock Delay      (SCD):    0.000ns
    Clock Pessimism Removal (CPR):    -0.000ns

    Location             Delay type                Incr(ns)  Path(ns)    Netlist Resource(s)
  -------------------------------------------------------------------    -------------------
    T1                                                0.000     0.000 r  sw[14] (IN)
                         net (fo=0)                   0.000     0.000    sw[14]
    T1                   IBUF (Prop_ibuf_I_O)         0.223     0.223 r  sw_IBUF[14]_inst/O
                         net (fo=153, routed)         0.934     1.157    u_capture/led_OBUF[3]
    SLICE_X49Y55         LUT3 (Prop_lut3_I1_O)        0.046     1.203 r  u_capture/mem_reg_0_0_i_5__1/O
                         net (fo=9, routed)           0.236     1.440    u_framebuffer/u_bank1/ADDRARDADDR[10]
    RAMB36_X1Y11         RAMB36E1                                     r  u_framebuffer/u_bank1/mem_reg_1_2/ADDRARDADDR[10]
  -------------------------------------------------------------------    -------------------

                         (clock cam_pclk_clk rise edge)
                                                      0.000     0.000 r  
    A16                                               0.000     0.000 r  cam_pclk (IN)
                         net (fo=0)                   0.000     0.000    cam_pclk
    A16                  IBUF (Prop_ibuf_I_O)         0.413     0.413 r  cam_pclk_IBUF_inst/O
                         net (fo=1, routed)           0.865     1.277    led_OBUF[4]
    BUFGCTRL_X0Y16       BUFG (Prop_bufg_I_O)         0.029     1.306 r  led_OBUF_BUFG[4]_inst/O
                         net (fo=145, routed)         0.873     2.179    u_framebuffer/u_bank1/led_OBUF[0]
    RAMB36_X1Y11         RAMB36E1                                     r  u_framebuffer/u_bank1/mem_reg_1_2/CLKARDCLK

Slack:                    inf
  Source:                 cam_data[2]
                            (input port)
  Destination:            u_capture/base_wr_data_reg[1]/D
                            (rising edge-triggered cell FDRE clocked by cam_pclk_clk  {rise@0.000ns fall@20.000ns period=40.000ns})
  Path Group:             (none)
  Path Type:              Hold (Min at Fast Process Corner)
  Data Path Delay:        1.446ns  (logic 0.232ns (16.060%)  route 1.213ns (83.940%))
  Logic Levels:           1  (IBUF=1)
  Clock Path Skew:        2.134ns (DCD - SCD - CPR)
    Destination Clock Delay (DCD):    2.134ns
    Source Clock Delay      (SCD):    0.000ns
    Clock Pessimism Removal (CPR):    -0.000ns

    Location             Delay type                Incr(ns)  Path(ns)    Netlist Resource(s)
  -------------------------------------------------------------------    -------------------
    M19                                               0.000     0.000 r  cam_data[2] (IN)
                         net (fo=0)                   0.000     0.000    cam_data[2]
    M19                  IBUF (Prop_ibuf_I_O)         0.232     0.232 r  cam_data_IBUF[2]_inst/O
                         net (fo=9, routed)           1.213     1.446    u_capture/cam_data_IBUF[2]
    SLICE_X28Y57         FDRE                                         r  u_capture/base_wr_data_reg[1]/D
  -------------------------------------------------------------------    -------------------

                         (clock cam_pclk_clk rise edge)
                                                      0.000     0.000 r  
    A16                                               0.000     0.000 r  cam_pclk (IN)
                         net (fo=0)                   0.000     0.000    cam_pclk
    A16                  IBUF (Prop_ibuf_I_O)         0.413     0.413 r  cam_pclk_IBUF_inst/O
                         net (fo=1, routed)           0.865     1.277    led_OBUF[4]
    BUFGCTRL_X0Y16       BUFG (Prop_bufg_I_O)         0.029     1.306 r  led_OBUF_BUFG[4]_inst/O
                         net (fo=145, routed)         0.828     2.134    u_capture/led_OBUF[2]
    SLICE_X28Y57         FDRE                                         r  u_capture/base_wr_data_reg[1]/C

Slack:                    inf
  Source:                 sw[14]
                            (input port)
  Destination:            u_framebuffer/u_bank1/mem_reg_1_1/ADDRARDADDR[3]
                            (rising edge-triggered cell RAMB36E1 clocked by cam_pclk_clk  {rise@0.000ns fall@20.000ns period=40.000ns})
  Path Group:             (none)
  Path Type:              Hold (Min at Fast Process Corner)
  Data Path Delay:        1.453ns  (logic 0.266ns (18.323%)  route 1.187ns (81.677%))
  Logic Levels:           2  (IBUF=1 LUT3=1)
  Clock Path Skew:        2.180ns (DCD - SCD - CPR)
    Destination Clock Delay (DCD):    2.180ns
    Source Clock Delay      (SCD):    0.000ns
    Clock Pessimism Removal (CPR):    -0.000ns

    Location             Delay type                Incr(ns)  Path(ns)    Netlist Resource(s)
  -------------------------------------------------------------------    -------------------
    T1                                                0.000     0.000 r  sw[14] (IN)
                         net (fo=0)                   0.000     0.000    sw[14]
    T1                   IBUF (Prop_ibuf_I_O)         0.223     0.223 r  sw_IBUF[14]_inst/O
                         net (fo=153, routed)         0.833     1.057    u_capture/led_OBUF[3]
    SLICE_X51Y55         LUT3 (Prop_lut3_I1_O)        0.043     1.100 r  u_capture/mem_reg_0_0_i_12__1/O
                         net (fo=9, routed)           0.354     1.453    u_framebuffer/u_bank1/ADDRARDADDR[3]
    RAMB36_X2Y11         RAMB36E1                                     r  u_framebuffer/u_bank1/mem_reg_1_1/ADDRARDADDR[3]
  -------------------------------------------------------------------    -------------------

                         (clock cam_pclk_clk rise edge)
                                                      0.000     0.000 r  
    A16                                               0.000     0.000 r  cam_pclk (IN)
                         net (fo=0)                   0.000     0.000    cam_pclk
    A16                  IBUF (Prop_ibuf_I_O)         0.413     0.413 r  cam_pclk_IBUF_inst/O
                         net (fo=1, routed)           0.865     1.277    led_OBUF[4]
    BUFGCTRL_X0Y16       BUFG (Prop_bufg_I_O)         0.029     1.306 r  led_OBUF_BUFG[4]_inst/O
                         net (fo=145, routed)         0.874     2.180    u_framebuffer/u_bank1/led_OBUF[0]
    RAMB36_X2Y11         RAMB36E1                                     r  u_framebuffer/u_bank1/mem_reg_1_1/CLKARDCLK

Slack:                    inf
  Source:                 cam_data[0]
                            (input port)
  Destination:            u_capture/pixel_hi_reg[0]/D
                            (rising edge-triggered cell FDRE clocked by cam_pclk_clk  {rise@0.000ns fall@20.000ns period=40.000ns})
  Path Group:             (none)
  Path Type:              Hold (Min at Fast Process Corner)
  Data Path Delay:        1.461ns  (logic 0.210ns (14.377%)  route 1.251ns (85.623%))
  Logic Levels:           1  (IBUF=1)
  Clock Path Skew:        2.133ns (DCD - SCD - CPR)
    Destination Clock Delay (DCD):    2.133ns
    Source Clock Delay      (SCD):    0.000ns
    Clock Pessimism Removal (CPR):    -0.000ns

    Location             Delay type                Incr(ns)  Path(ns)    Netlist Resource(s)
  -------------------------------------------------------------------    -------------------
    P17                                               0.000     0.000 r  cam_data[0] (IN)
                         net (fo=0)                   0.000     0.000    cam_data[0]
    P17                  IBUF (Prop_ibuf_I_O)         0.210     0.210 r  cam_data_IBUF[0]_inst/O
                         net (fo=3, routed)           1.251     1.461    u_capture/cam_data_IBUF[0]
    SLICE_X37Y57         FDRE                                         r  u_capture/pixel_hi_reg[0]/D
  -------------------------------------------------------------------    -------------------

                         (clock cam_pclk_clk rise edge)
                                                      0.000     0.000 r  
    A16                                               0.000     0.000 r  cam_pclk (IN)
                         net (fo=0)                   0.000     0.000    cam_pclk
    A16                  IBUF (Prop_ibuf_I_O)         0.413     0.413 r  cam_pclk_IBUF_inst/O
                         net (fo=1, routed)           0.865     1.277    led_OBUF[4]
    BUFGCTRL_X0Y16       BUFG (Prop_bufg_I_O)         0.029     1.306 r  led_OBUF_BUFG[4]_inst/O
                         net (fo=145, routed)         0.826     2.133    u_capture/led_OBUF[2]
    SLICE_X37Y57         FDRE                                         r  u_capture/pixel_hi_reg[0]/C

Slack:                    inf
  Source:                 cam_data[5]
                            (input port)
  Destination:            u_capture/pixel_hi_reg[5]/D
                            (rising edge-triggered cell FDRE clocked by cam_pclk_clk  {rise@0.000ns fall@20.000ns period=40.000ns})
  Path Group:             (none)
  Path Type:              Hold (Min at Fast Process Corner)
  Data Path Delay:        1.476ns  (logic 0.250ns (16.926%)  route 1.226ns (83.074%))
  Logic Levels:           1  (IBUF=1)
  Clock Path Skew:        2.134ns (DCD - SCD - CPR)
    Destination Clock Delay (DCD):    2.134ns
    Source Clock Delay      (SCD):    0.000ns
    Clock Pessimism Removal (CPR):    -0.000ns

    Location             Delay type                Incr(ns)  Path(ns)    Netlist Resource(s)
  -------------------------------------------------------------------    -------------------
    K17                                               0.000     0.000 r  cam_data[5] (IN)
                         net (fo=0)                   0.000     0.000    cam_data[5]
    K17                  IBUF (Prop_ibuf_I_O)         0.250     0.250 r  cam_data_IBUF[5]_inst/O
                         net (fo=1, routed)           1.226     1.476    u_capture/cam_data_IBUF[5]
    SLICE_X37Y56         FDRE                                         r  u_capture/pixel_hi_reg[5]/D
  -------------------------------------------------------------------    -------------------

                         (clock cam_pclk_clk rise edge)
                                                      0.000     0.000 r  
    A16                                               0.000     0.000 r  cam_pclk (IN)
                         net (fo=0)                   0.000     0.000    cam_pclk
    A16                  IBUF (Prop_ibuf_I_O)         0.413     0.413 r  cam_pclk_IBUF_inst/O
                         net (fo=1, routed)           0.865     1.277    led_OBUF[4]
    BUFGCTRL_X0Y16       BUFG (Prop_bufg_I_O)         0.029     1.306 r  led_OBUF_BUFG[4]_inst/O
                         net (fo=145, routed)         0.827     2.134    u_capture/led_OBUF[2]
    SLICE_X37Y56         FDRE                                         r  u_capture/pixel_hi_reg[5]/C

Slack:                    inf
  Source:                 sw[14]
                            (input port)
  Destination:            u_framebuffer/u_bank1/mem_reg_1_2/ADDRARDADDR[4]
                            (rising edge-triggered cell RAMB36E1 clocked by cam_pclk_clk  {rise@0.000ns fall@20.000ns period=40.000ns})
  Path Group:             (none)
  Path Type:              Hold (Min at Fast Process Corner)
  Data Path Delay:        1.487ns  (logic 0.267ns (17.981%)  route 1.219ns (82.019%))
  Logic Levels:           2  (IBUF=1 LUT3=1)
  Clock Path Skew:        2.179ns (DCD - SCD - CPR)
    Destination Clock Delay (DCD):    2.179ns
    Source Clock Delay      (SCD):    0.000ns
    Clock Pessimism Removal (CPR):    -0.000ns

    Location             Delay type                Incr(ns)  Path(ns)    Netlist Resource(s)
  -------------------------------------------------------------------    -------------------
    T1                                                0.000     0.000 r  sw[14] (IN)
                         net (fo=0)                   0.000     0.000    sw[14]
    T1                   IBUF (Prop_ibuf_I_O)         0.223     0.223 r  sw_IBUF[14]_inst/O
                         net (fo=153, routed)         0.964     1.187    u_capture/led_OBUF[3]
    SLICE_X50Y57         LUT3 (Prop_lut3_I1_O)        0.044     1.231 r  u_capture/mem_reg_0_0_i_11__1/O
                         net (fo=9, routed)           0.255     1.487    u_framebuffer/u_bank1/ADDRARDADDR[4]
    RAMB36_X1Y11         RAMB36E1                                     r  u_framebuffer/u_bank1/mem_reg_1_2/ADDRARDADDR[4]
  -------------------------------------------------------------------    -------------------

                         (clock cam_pclk_clk rise edge)
                                                      0.000     0.000 r  
    A16                                               0.000     0.000 r  cam_pclk (IN)
                         net (fo=0)                   0.000     0.000    cam_pclk
    A16                  IBUF (Prop_ibuf_I_O)         0.413     0.413 r  cam_pclk_IBUF_inst/O
                         net (fo=1, routed)           0.865     1.277    led_OBUF[4]
    BUFGCTRL_X0Y16       BUFG (Prop_bufg_I_O)         0.029     1.306 r  led_OBUF_BUFG[4]_inst/O
                         net (fo=145, routed)         0.873     2.179    u_framebuffer/u_bank1/led_OBUF[0]
    RAMB36_X1Y11         RAMB36E1                                     r  u_framebuffer/u_bank1/mem_reg_1_2/CLKARDCLK

Slack:                    inf
  Source:                 cam_data[3]
                            (input port)
  Destination:            u_capture/pixel_hi_reg[3]/D
                            (rising edge-triggered cell FDRE clocked by cam_pclk_clk  {rise@0.000ns fall@20.000ns period=40.000ns})
  Path Group:             (none)
  Path Type:              Hold (Min at Fast Process Corner)
  Data Path Delay:        1.493ns  (logic 0.221ns (14.813%)  route 1.272ns (85.187%))
  Logic Levels:           1  (IBUF=1)
  Clock Path Skew:        2.133ns (DCD - SCD - CPR)
    Destination Clock Delay (DCD):    2.133ns
    Source Clock Delay      (SCD):    0.000ns
    Clock Pessimism Removal (CPR):    -0.000ns

    Location             Delay type                Incr(ns)  Path(ns)    Netlist Resource(s)
  -------------------------------------------------------------------    -------------------
    M18                                               0.000     0.000 r  cam_data[3] (IN)
                         net (fo=0)                   0.000     0.000    cam_data[3]
    M18                  IBUF (Prop_ibuf_I_O)         0.221     0.221 r  cam_data_IBUF[3]_inst/O
                         net (fo=9, routed)           1.272     1.493    u_capture/cam_data_IBUF[3]
    SLICE_X37Y57         FDRE                                         r  u_capture/pixel_hi_reg[3]/D
  -------------------------------------------------------------------    -------------------

                         (clock cam_pclk_clk rise edge)
                                                      0.000     0.000 r  
    A16                                               0.000     0.000 r  cam_pclk (IN)
                         net (fo=0)                   0.000     0.000    cam_pclk
    A16                  IBUF (Prop_ibuf_I_O)         0.413     0.413 r  cam_pclk_IBUF_inst/O
                         net (fo=1, routed)           0.865     1.277    led_OBUF[4]
    BUFGCTRL_X0Y16       BUFG (Prop_bufg_I_O)         0.029     1.306 r  led_OBUF_BUFG[4]_inst/O
                         net (fo=145, routed)         0.826     2.133    u_capture/led_OBUF[2]
    SLICE_X37Y57         FDRE                                         r  u_capture/pixel_hi_reg[3]/C





--------------------------------------------------------------------------------------
Path Group:  (none)
From Clock:  
  To Clock:  clk25_unbuf

Max Delay           685 Endpoints
Min Delay           685 Endpoints
--------------------------------------------------------------------------------------


Max Delay Paths
--------------------------------------------------------------------------------------
Slack:                    inf
  Source:                 btnC
                            (input port)
  Destination:            base_fb_rd_addr_reg[13]/R
                            (rising edge-triggered cell FDRE clocked by clk25_unbuf  {rise@0.000ns fall@20.000ns period=40.000ns})
  Path Group:             (none)
  Path Type:              Setup (Max at Slow Process Corner)
  Data Path Delay:        10.417ns  (logic 1.813ns (17.408%)  route 8.603ns (82.592%))
  Logic Levels:           4  (IBUF=1 LUT2=1 LUT4=1 LUT6=1)
  Clock Path Skew:        4.779ns (DCD - SCD + CPR)
    Destination Clock Delay (DCD):    4.779ns
    Source Clock Delay      (SCD):    0.000ns
    Clock Pessimism Removal (CPR):    0.000ns
  Clock Uncertainty:      0.186ns  ((TSJ^2 + DJ^2)^1/2) / 2 + PE
    Total System Jitter     (TSJ):    0.050ns
    Discrete Jitter          (DJ):    0.168ns
    Phase Error              (PE):    0.099ns

    Location             Delay type                Incr(ns)  Path(ns)    Netlist Resource(s)
  -------------------------------------------------------------------    -------------------
    U18                                               0.000     0.000 r  btnC (IN)
                         net (fo=0)                   0.000     0.000    btnC
    U18                  IBUF (Prop_ibuf_I_O)         1.441     1.441 r  btnC_IBUF_inst/O
                         net (fo=2, routed)           2.343     3.784    u_clock_gen/u_mmcm_2
    SLICE_X53Y11         LUT2 (Prop_lut2_I0_O)        0.124     3.908 r  u_clock_gen/byte_idx[1]_i_1/O
                         net (fo=168, routed)         4.427     8.335    u_vga_timing/rst
    SLICE_X41Y53         LUT4 (Prop_lut4_I0_O)        0.124     8.459 r  u_vga_timing/full_fb_rd_addr[18]_i_6/O
                         net (fo=1, routed)           0.572     9.031    u_vga_timing/full_fb_rd_addr[18]_i_6_n_0
    SLICE_X42Y53         LUT6 (Prop_lut6_I3_O)        0.124     9.155 r  u_vga_timing/full_fb_rd_addr[18]_i_1/O
                         net (fo=31, routed)          1.261    10.417    base_fb_rd_addr[0]
    SLICE_X45Y56         FDRE                                         r  base_fb_rd_addr_reg[13]/R
  -------------------------------------------------------------------    -------------------

                         (clock clk25_unbuf rise edge)
                                                      0.000     0.000 r  
    W5                                                0.000     0.000 r  CLK100MHZ (IN)
                         net (fo=0)                   0.000     0.000    CLK100MHZ
    W5                   IBUF (Prop_ibuf_I_O)         1.388     1.388 r  CLK100MHZ_IBUF_inst/O
                         net (fo=1, routed)           1.862     3.250    CLK100MHZ_IBUF
    BUFGCTRL_X0Y1        BUFG (Prop_bufg_I_O)         0.091     3.341 r  CLK100MHZ_IBUF_BUFG_inst/O
                         net (fo=87, routed)          1.457     4.798    u_clock_gen/CLK100MHZ_IBUF_BUFG
    MMCME2_ADV_X1Y0      MMCME2_ADV (Prop_mmcme2_adv_CLKIN1_CLKOUT0)
                                                     -3.129     1.669 r  u_clock_gen/u_mmcm/CLKOUT0
                         net (fo=1, routed)           1.581     3.250    u_clock_gen/clk25_unbuf
    BUFGCTRL_X0Y0        BUFG (Prop_bufg_I_O)         0.091     3.341 r  u_clock_gen/u_clk25_buf/O
                         net (fo=119, routed)         1.438     4.779    cam_xclk_OBUF
    SLICE_X45Y56         FDRE                                         r  base_fb_rd_addr_reg[13]/C

Slack:                    inf
  Source:                 btnC
                            (input port)
  Destination:            base_fb_rd_addr_reg[14]/R
                            (rising edge-triggered cell FDRE clocked by clk25_unbuf  {rise@0.000ns fall@20.000ns period=40.000ns})
  Path Group:             (none)
  Path Type:              Setup (Max at Slow Process Corner)
  Data Path Delay:        10.417ns  (logic 1.813ns (17.408%)  route 8.603ns (82.592%))
  Logic Levels:           4  (IBUF=1 LUT2=1 LUT4=1 LUT6=1)
  Clock Path Skew:        4.779ns (DCD - SCD + CPR)
    Destination Clock Delay (DCD):    4.779ns
    Source Clock Delay      (SCD):    0.000ns
    Clock Pessimism Removal (CPR):    0.000ns
  Clock Uncertainty:      0.186ns  ((TSJ^2 + DJ^2)^1/2) / 2 + PE
    Total System Jitter     (TSJ):    0.050ns
    Discrete Jitter          (DJ):    0.168ns
    Phase Error              (PE):    0.099ns

    Location             Delay type                Incr(ns)  Path(ns)    Netlist Resource(s)
  -------------------------------------------------------------------    -------------------
    U18                                               0.000     0.000 r  btnC (IN)
                         net (fo=0)                   0.000     0.000    btnC
    U18                  IBUF (Prop_ibuf_I_O)         1.441     1.441 r  btnC_IBUF_inst/O
                         net (fo=2, routed)           2.343     3.784    u_clock_gen/u_mmcm_2
    SLICE_X53Y11         LUT2 (Prop_lut2_I0_O)        0.124     3.908 r  u_clock_gen/byte_idx[1]_i_1/O
                         net (fo=168, routed)         4.427     8.335    u_vga_timing/rst
    SLICE_X41Y53         LUT4 (Prop_lut4_I0_O)        0.124     8.459 r  u_vga_timing/full_fb_rd_addr[18]_i_6/O
                         net (fo=1, routed)           0.572     9.031    u_vga_timing/full_fb_rd_addr[18]_i_6_n_0
    SLICE_X42Y53         LUT6 (Prop_lut6_I3_O)        0.124     9.155 r  u_vga_timing/full_fb_rd_addr[18]_i_1/O
                         net (fo=31, routed)          1.261    10.417    base_fb_rd_addr[0]
    SLICE_X45Y56         FDRE                                         r  base_fb_rd_addr_reg[14]/R
  -------------------------------------------------------------------    -------------------

                         (clock clk25_unbuf rise edge)
                                                      0.000     0.000 r  
    W5                                                0.000     0.000 r  CLK100MHZ (IN)
                         net (fo=0)                   0.000     0.000    CLK100MHZ
    W5                   IBUF (Prop_ibuf_I_O)         1.388     1.388 r  CLK100MHZ_IBUF_inst/O
                         net (fo=1, routed)           1.862     3.250    CLK100MHZ_IBUF
    BUFGCTRL_X0Y1        BUFG (Prop_bufg_I_O)         0.091     3.341 r  CLK100MHZ_IBUF_BUFG_inst/O
                         net (fo=87, routed)          1.457     4.798    u_clock_gen/CLK100MHZ_IBUF_BUFG
    MMCME2_ADV_X1Y0      MMCME2_ADV (Prop_mmcme2_adv_CLKIN1_CLKOUT0)
                                                     -3.129     1.669 r  u_clock_gen/u_mmcm/CLKOUT0
                         net (fo=1, routed)           1.581     3.250    u_clock_gen/clk25_unbuf
    BUFGCTRL_X0Y0        BUFG (Prop_bufg_I_O)         0.091     3.341 r  u_clock_gen/u_clk25_buf/O
                         net (fo=119, routed)         1.438     4.779    cam_xclk_OBUF
    SLICE_X45Y56         FDRE                                         r  base_fb_rd_addr_reg[14]/C

Slack:                    inf
  Source:                 btnC
                            (input port)
  Destination:            base_fb_rd_addr_reg[15]/R
                            (rising edge-triggered cell FDRE clocked by clk25_unbuf  {rise@0.000ns fall@20.000ns period=40.000ns})
  Path Group:             (none)
  Path Type:              Setup (Max at Slow Process Corner)
  Data Path Delay:        10.417ns  (logic 1.813ns (17.408%)  route 8.603ns (82.592%))
  Logic Levels:           4  (IBUF=1 LUT2=1 LUT4=1 LUT6=1)
  Clock Path Skew:        4.779ns (DCD - SCD + CPR)
    Destination Clock Delay (DCD):    4.779ns
    Source Clock Delay      (SCD):    0.000ns
    Clock Pessimism Removal (CPR):    0.000ns
  Clock Uncertainty:      0.186ns  ((TSJ^2 + DJ^2)^1/2) / 2 + PE
    Total System Jitter     (TSJ):    0.050ns
    Discrete Jitter          (DJ):    0.168ns
    Phase Error              (PE):    0.099ns

    Location             Delay type                Incr(ns)  Path(ns)    Netlist Resource(s)
  -------------------------------------------------------------------    -------------------
    U18                                               0.000     0.000 r  btnC (IN)
                         net (fo=0)                   0.000     0.000    btnC
    U18                  IBUF (Prop_ibuf_I_O)         1.441     1.441 r  btnC_IBUF_inst/O
                         net (fo=2, routed)           2.343     3.784    u_clock_gen/u_mmcm_2
    SLICE_X53Y11         LUT2 (Prop_lut2_I0_O)        0.124     3.908 r  u_clock_gen/byte_idx[1]_i_1/O
                         net (fo=168, routed)         4.427     8.335    u_vga_timing/rst
    SLICE_X41Y53         LUT4 (Prop_lut4_I0_O)        0.124     8.459 r  u_vga_timing/full_fb_rd_addr[18]_i_6/O
                         net (fo=1, routed)           0.572     9.031    u_vga_timing/full_fb_rd_addr[18]_i_6_n_0
    SLICE_X42Y53         LUT6 (Prop_lut6_I3_O)        0.124     9.155 r  u_vga_timing/full_fb_rd_addr[18]_i_1/O
                         net (fo=31, routed)          1.261    10.417    base_fb_rd_addr[0]
    SLICE_X45Y56         FDRE                                         r  base_fb_rd_addr_reg[15]/R
  -------------------------------------------------------------------    -------------------

                         (clock clk25_unbuf rise edge)
                                                      0.000     0.000 r  
    W5                                                0.000     0.000 r  CLK100MHZ (IN)
                         net (fo=0)                   0.000     0.000    CLK100MHZ
    W5                   IBUF (Prop_ibuf_I_O)         1.388     1.388 r  CLK100MHZ_IBUF_inst/O
                         net (fo=1, routed)           1.862     3.250    CLK100MHZ_IBUF
    BUFGCTRL_X0Y1        BUFG (Prop_bufg_I_O)         0.091     3.341 r  CLK100MHZ_IBUF_BUFG_inst/O
                         net (fo=87, routed)          1.457     4.798    u_clock_gen/CLK100MHZ_IBUF_BUFG
    MMCME2_ADV_X1Y0      MMCME2_ADV (Prop_mmcme2_adv_CLKIN1_CLKOUT0)
                                                     -3.129     1.669 r  u_clock_gen/u_mmcm/CLKOUT0
                         net (fo=1, routed)           1.581     3.250    u_clock_gen/clk25_unbuf
    BUFGCTRL_X0Y0        BUFG (Prop_bufg_I_O)         0.091     3.341 r  u_clock_gen/u_clk25_buf/O
                         net (fo=119, routed)         1.438     4.779    cam_xclk_OBUF
    SLICE_X45Y56         FDRE                                         r  base_fb_rd_addr_reg[15]/C

Slack:                    inf
  Source:                 btnC
                            (input port)
  Destination:            base_fb_rd_addr_reg[16]/R
                            (rising edge-triggered cell FDRE clocked by clk25_unbuf  {rise@0.000ns fall@20.000ns period=40.000ns})
  Path Group:             (none)
  Path Type:              Setup (Max at Slow Process Corner)
  Data Path Delay:        10.417ns  (logic 1.813ns (17.408%)  route 8.603ns (82.592%))
  Logic Levels:           4  (IBUF=1 LUT2=1 LUT4=1 LUT6=1)
  Clock Path Skew:        4.779ns (DCD - SCD + CPR)
    Destination Clock Delay (DCD):    4.779ns
    Source Clock Delay      (SCD):    0.000ns
    Clock Pessimism Removal (CPR):    0.000ns
  Clock Uncertainty:      0.186ns  ((TSJ^2 + DJ^2)^1/2) / 2 + PE
    Total System Jitter     (TSJ):    0.050ns
    Discrete Jitter          (DJ):    0.168ns
    Phase Error              (PE):    0.099ns

    Location             Delay type                Incr(ns)  Path(ns)    Netlist Resource(s)
  -------------------------------------------------------------------    -------------------
    U18                                               0.000     0.000 r  btnC (IN)
                         net (fo=0)                   0.000     0.000    btnC
    U18                  IBUF (Prop_ibuf_I_O)         1.441     1.441 r  btnC_IBUF_inst/O
                         net (fo=2, routed)           2.343     3.784    u_clock_gen/u_mmcm_2
    SLICE_X53Y11         LUT2 (Prop_lut2_I0_O)        0.124     3.908 r  u_clock_gen/byte_idx[1]_i_1/O
                         net (fo=168, routed)         4.427     8.335    u_vga_timing/rst
    SLICE_X41Y53         LUT4 (Prop_lut4_I0_O)        0.124     8.459 r  u_vga_timing/full_fb_rd_addr[18]_i_6/O
                         net (fo=1, routed)           0.572     9.031    u_vga_timing/full_fb_rd_addr[18]_i_6_n_0
    SLICE_X42Y53         LUT6 (Prop_lut6_I3_O)        0.124     9.155 r  u_vga_timing/full_fb_rd_addr[18]_i_1/O
                         net (fo=31, routed)          1.261    10.417    base_fb_rd_addr[0]
    SLICE_X45Y56         FDRE                                         r  base_fb_rd_addr_reg[16]/R
  -------------------------------------------------------------------    -------------------

                         (clock clk25_unbuf rise edge)
                                                      0.000     0.000 r  
    W5                                                0.000     0.000 r  CLK100MHZ (IN)
                         net (fo=0)                   0.000     0.000    CLK100MHZ
    W5                   IBUF (Prop_ibuf_I_O)         1.388     1.388 r  CLK100MHZ_IBUF_inst/O
                         net (fo=1, routed)           1.862     3.250    CLK100MHZ_IBUF
    BUFGCTRL_X0Y1        BUFG (Prop_bufg_I_O)         0.091     3.341 r  CLK100MHZ_IBUF_BUFG_inst/O
                         net (fo=87, routed)          1.457     4.798    u_clock_gen/CLK100MHZ_IBUF_BUFG
    MMCME2_ADV_X1Y0      MMCME2_ADV (Prop_mmcme2_adv_CLKIN1_CLKOUT0)
                                                     -3.129     1.669 r  u_clock_gen/u_mmcm/CLKOUT0
                         net (fo=1, routed)           1.581     3.250    u_clock_gen/clk25_unbuf
    BUFGCTRL_X0Y0        BUFG (Prop_bufg_I_O)         0.091     3.341 r  u_clock_gen/u_clk25_buf/O
                         net (fo=119, routed)         1.438     4.779    cam_xclk_OBUF
    SLICE_X45Y56         FDRE                                         r  base_fb_rd_addr_reg[16]/C

Slack:                    inf
  Source:                 btnC
                            (input port)
  Destination:            base_fb_rd_addr_reg[10]/R
                            (rising edge-triggered cell FDRE clocked by clk25_unbuf  {rise@0.000ns fall@20.000ns period=40.000ns})
  Path Group:             (none)
  Path Type:              Setup (Max at Slow Process Corner)
  Data Path Delay:        10.278ns  (logic 1.813ns (17.642%)  route 8.465ns (82.358%))
  Logic Levels:           4  (IBUF=1 LUT2=1 LUT4=1 LUT6=1)
  Clock Path Skew:        4.779ns (DCD - SCD + CPR)
    Destination Clock Delay (DCD):    4.779ns
    Source Clock Delay      (SCD):    0.000ns
    Clock Pessimism Removal (CPR):    0.000ns
  Clock Uncertainty:      0.186ns  ((TSJ^2 + DJ^2)^1/2) / 2 + PE
    Total System Jitter     (TSJ):    0.050ns
    Discrete Jitter          (DJ):    0.168ns
    Phase Error              (PE):    0.099ns

    Location             Delay type                Incr(ns)  Path(ns)    Netlist Resource(s)
  -------------------------------------------------------------------    -------------------
    U18                                               0.000     0.000 r  btnC (IN)
                         net (fo=0)                   0.000     0.000    btnC
    U18                  IBUF (Prop_ibuf_I_O)         1.441     1.441 r  btnC_IBUF_inst/O
                         net (fo=2, routed)           2.343     3.784    u_clock_gen/u_mmcm_2
    SLICE_X53Y11         LUT2 (Prop_lut2_I0_O)        0.124     3.908 r  u_clock_gen/byte_idx[1]_i_1/O
                         net (fo=168, routed)         4.427     8.335    u_vga_timing/rst
    SLICE_X41Y53         LUT4 (Prop_lut4_I0_O)        0.124     8.459 r  u_vga_timing/full_fb_rd_addr[18]_i_6/O
                         net (fo=1, routed)           0.572     9.031    u_vga_timing/full_fb_rd_addr[18]_i_6_n_0
    SLICE_X42Y53         LUT6 (Prop_lut6_I3_O)        0.124     9.155 r  u_vga_timing/full_fb_rd_addr[18]_i_1/O
                         net (fo=31, routed)          1.123    10.278    base_fb_rd_addr[0]
    SLICE_X45Y55         FDRE                                         r  base_fb_rd_addr_reg[10]/R
  -------------------------------------------------------------------    -------------------

                         (clock clk25_unbuf rise edge)
                                                      0.000     0.000 r  
    W5                                                0.000     0.000 r  CLK100MHZ (IN)
                         net (fo=0)                   0.000     0.000    CLK100MHZ
    W5                   IBUF (Prop_ibuf_I_O)         1.388     1.388 r  CLK100MHZ_IBUF_inst/O
                         net (fo=1, routed)           1.862     3.250    CLK100MHZ_IBUF
    BUFGCTRL_X0Y1        BUFG (Prop_bufg_I_O)         0.091     3.341 r  CLK100MHZ_IBUF_BUFG_inst/O
                         net (fo=87, routed)          1.457     4.798    u_clock_gen/CLK100MHZ_IBUF_BUFG
    MMCME2_ADV_X1Y0      MMCME2_ADV (Prop_mmcme2_adv_CLKIN1_CLKOUT0)
                                                     -3.129     1.669 r  u_clock_gen/u_mmcm/CLKOUT0
                         net (fo=1, routed)           1.581     3.250    u_clock_gen/clk25_unbuf
    BUFGCTRL_X0Y0        BUFG (Prop_bufg_I_O)         0.091     3.341 r  u_clock_gen/u_clk25_buf/O
                         net (fo=119, routed)         1.438     4.779    cam_xclk_OBUF
    SLICE_X45Y55         FDRE                                         r  base_fb_rd_addr_reg[10]/C

Slack:                    inf
  Source:                 btnC
                            (input port)
  Destination:            base_fb_rd_addr_reg[11]/R
                            (rising edge-triggered cell FDRE clocked by clk25_unbuf  {rise@0.000ns fall@20.000ns period=40.000ns})
  Path Group:             (none)
  Path Type:              Setup (Max at Slow Process Corner)
  Data Path Delay:        10.278ns  (logic 1.813ns (17.642%)  route 8.465ns (82.358%))
  Logic Levels:           4  (IBUF=1 LUT2=1 LUT4=1 LUT6=1)
  Clock Path Skew:        4.779ns (DCD - SCD + CPR)
    Destination Clock Delay (DCD):    4.779ns
    Source Clock Delay      (SCD):    0.000ns
    Clock Pessimism Removal (CPR):    0.000ns
  Clock Uncertainty:      0.186ns  ((TSJ^2 + DJ^2)^1/2) / 2 + PE
    Total System Jitter     (TSJ):    0.050ns
    Discrete Jitter          (DJ):    0.168ns
    Phase Error              (PE):    0.099ns

    Location             Delay type                Incr(ns)  Path(ns)    Netlist Resource(s)
  -------------------------------------------------------------------    -------------------
    U18                                               0.000     0.000 r  btnC (IN)
                         net (fo=0)                   0.000     0.000    btnC
    U18                  IBUF (Prop_ibuf_I_O)         1.441     1.441 r  btnC_IBUF_inst/O
                         net (fo=2, routed)           2.343     3.784    u_clock_gen/u_mmcm_2
    SLICE_X53Y11         LUT2 (Prop_lut2_I0_O)        0.124     3.908 r  u_clock_gen/byte_idx[1]_i_1/O
                         net (fo=168, routed)         4.427     8.335    u_vga_timing/rst
    SLICE_X41Y53         LUT4 (Prop_lut4_I0_O)        0.124     8.459 r  u_vga_timing/full_fb_rd_addr[18]_i_6/O
                         net (fo=1, routed)           0.572     9.031    u_vga_timing/full_fb_rd_addr[18]_i_6_n_0
    SLICE_X42Y53         LUT6 (Prop_lut6_I3_O)        0.124     9.155 r  u_vga_timing/full_fb_rd_addr[18]_i_1/O
                         net (fo=31, routed)          1.123    10.278    base_fb_rd_addr[0]
    SLICE_X45Y55         FDRE                                         r  base_fb_rd_addr_reg[11]/R
  -------------------------------------------------------------------    -------------------

                         (clock clk25_unbuf rise edge)
                                                      0.000     0.000 r  
    W5                                                0.000     0.000 r  CLK100MHZ (IN)
                         net (fo=0)                   0.000     0.000    CLK100MHZ
    W5                   IBUF (Prop_ibuf_I_O)         1.388     1.388 r  CLK100MHZ_IBUF_inst/O
                         net (fo=1, routed)           1.862     3.250    CLK100MHZ_IBUF
    BUFGCTRL_X0Y1        BUFG (Prop_bufg_I_O)         0.091     3.341 r  CLK100MHZ_IBUF_BUFG_inst/O
                         net (fo=87, routed)          1.457     4.798    u_clock_gen/CLK100MHZ_IBUF_BUFG
    MMCME2_ADV_X1Y0      MMCME2_ADV (Prop_mmcme2_adv_CLKIN1_CLKOUT0)
                                                     -3.129     1.669 r  u_clock_gen/u_mmcm/CLKOUT0
                         net (fo=1, routed)           1.581     3.250    u_clock_gen/clk25_unbuf
    BUFGCTRL_X0Y0        BUFG (Prop_bufg_I_O)         0.091     3.341 r  u_clock_gen/u_clk25_buf/O
                         net (fo=119, routed)         1.438     4.779    cam_xclk_OBUF
    SLICE_X45Y55         FDRE                                         r  base_fb_rd_addr_reg[11]/C

Slack:                    inf
  Source:                 btnC
                            (input port)
  Destination:            base_fb_rd_addr_reg[12]/R
                            (rising edge-triggered cell FDRE clocked by clk25_unbuf  {rise@0.000ns fall@20.000ns period=40.000ns})
  Path Group:             (none)
  Path Type:              Setup (Max at Slow Process Corner)
  Data Path Delay:        10.278ns  (logic 1.813ns (17.642%)  route 8.465ns (82.358%))
  Logic Levels:           4  (IBUF=1 LUT2=1 LUT4=1 LUT6=1)
  Clock Path Skew:        4.779ns (DCD - SCD + CPR)
    Destination Clock Delay (DCD):    4.779ns
    Source Clock Delay      (SCD):    0.000ns
    Clock Pessimism Removal (CPR):    0.000ns
  Clock Uncertainty:      0.186ns  ((TSJ^2 + DJ^2)^1/2) / 2 + PE
    Total System Jitter     (TSJ):    0.050ns
    Discrete Jitter          (DJ):    0.168ns
    Phase Error              (PE):    0.099ns

    Location             Delay type                Incr(ns)  Path(ns)    Netlist Resource(s)
  -------------------------------------------------------------------    -------------------
    U18                                               0.000     0.000 r  btnC (IN)
                         net (fo=0)                   0.000     0.000    btnC
    U18                  IBUF (Prop_ibuf_I_O)         1.441     1.441 r  btnC_IBUF_inst/O
                         net (fo=2, routed)           2.343     3.784    u_clock_gen/u_mmcm_2
    SLICE_X53Y11         LUT2 (Prop_lut2_I0_O)        0.124     3.908 r  u_clock_gen/byte_idx[1]_i_1/O
                         net (fo=168, routed)         4.427     8.335    u_vga_timing/rst
    SLICE_X41Y53         LUT4 (Prop_lut4_I0_O)        0.124     8.459 r  u_vga_timing/full_fb_rd_addr[18]_i_6/O
                         net (fo=1, routed)           0.572     9.031    u_vga_timing/full_fb_rd_addr[18]_i_6_n_0
    SLICE_X42Y53         LUT6 (Prop_lut6_I3_O)        0.124     9.155 r  u_vga_timing/full_fb_rd_addr[18]_i_1/O
                         net (fo=31, routed)          1.123    10.278    base_fb_rd_addr[0]
    SLICE_X45Y55         FDRE                                         r  base_fb_rd_addr_reg[12]/R
  -------------------------------------------------------------------    -------------------

                         (clock clk25_unbuf rise edge)
                                                      0.000     0.000 r  
    W5                                                0.000     0.000 r  CLK100MHZ (IN)
                         net (fo=0)                   0.000     0.000    CLK100MHZ
    W5                   IBUF (Prop_ibuf_I_O)         1.388     1.388 r  CLK100MHZ_IBUF_inst/O
                         net (fo=1, routed)           1.862     3.250    CLK100MHZ_IBUF
    BUFGCTRL_X0Y1        BUFG (Prop_bufg_I_O)         0.091     3.341 r  CLK100MHZ_IBUF_BUFG_inst/O
                         net (fo=87, routed)          1.457     4.798    u_clock_gen/CLK100MHZ_IBUF_BUFG
    MMCME2_ADV_X1Y0      MMCME2_ADV (Prop_mmcme2_adv_CLKIN1_CLKOUT0)
                                                     -3.129     1.669 r  u_clock_gen/u_mmcm/CLKOUT0
                         net (fo=1, routed)           1.581     3.250    u_clock_gen/clk25_unbuf
    BUFGCTRL_X0Y0        BUFG (Prop_bufg_I_O)         0.091     3.341 r  u_clock_gen/u_clk25_buf/O
                         net (fo=119, routed)         1.438     4.779    cam_xclk_OBUF
    SLICE_X45Y55         FDRE                                         r  base_fb_rd_addr_reg[12]/C

Slack:                    inf
  Source:                 btnC
                            (input port)
  Destination:            base_fb_rd_addr_reg[9]/R
                            (rising edge-triggered cell FDRE clocked by clk25_unbuf  {rise@0.000ns fall@20.000ns period=40.000ns})
  Path Group:             (none)
  Path Type:              Setup (Max at Slow Process Corner)
  Data Path Delay:        10.278ns  (logic 1.813ns (17.642%)  route 8.465ns (82.358%))
  Logic Levels:           4  (IBUF=1 LUT2=1 LUT4=1 LUT6=1)
  Clock Path Skew:        4.779ns (DCD - SCD + CPR)
    Destination Clock Delay (DCD):    4.779ns
    Source Clock Delay      (SCD):    0.000ns
    Clock Pessimism Removal (CPR):    0.000ns
  Clock Uncertainty:      0.186ns  ((TSJ^2 + DJ^2)^1/2) / 2 + PE
    Total System Jitter     (TSJ):    0.050ns
    Discrete Jitter          (DJ):    0.168ns
    Phase Error              (PE):    0.099ns

    Location             Delay type                Incr(ns)  Path(ns)    Netlist Resource(s)
  -------------------------------------------------------------------    -------------------
    U18                                               0.000     0.000 r  btnC (IN)
                         net (fo=0)                   0.000     0.000    btnC
    U18                  IBUF (Prop_ibuf_I_O)         1.441     1.441 r  btnC_IBUF_inst/O
                         net (fo=2, routed)           2.343     3.784    u_clock_gen/u_mmcm_2
    SLICE_X53Y11         LUT2 (Prop_lut2_I0_O)        0.124     3.908 r  u_clock_gen/byte_idx[1]_i_1/O
                         net (fo=168, routed)         4.427     8.335    u_vga_timing/rst
    SLICE_X41Y53         LUT4 (Prop_lut4_I0_O)        0.124     8.459 r  u_vga_timing/full_fb_rd_addr[18]_i_6/O
                         net (fo=1, routed)           0.572     9.031    u_vga_timing/full_fb_rd_addr[18]_i_6_n_0
    SLICE_X42Y53         LUT6 (Prop_lut6_I3_O)        0.124     9.155 r  u_vga_timing/full_fb_rd_addr[18]_i_1/O
                         net (fo=31, routed)          1.123    10.278    base_fb_rd_addr[0]
    SLICE_X45Y55         FDRE                                         r  base_fb_rd_addr_reg[9]/R
  -------------------------------------------------------------------    -------------------

                         (clock clk25_unbuf rise edge)
                                                      0.000     0.000 r  
    W5                                                0.000     0.000 r  CLK100MHZ (IN)
                         net (fo=0)                   0.000     0.000    CLK100MHZ
    W5                   IBUF (Prop_ibuf_I_O)         1.388     1.388 r  CLK100MHZ_IBUF_inst/O
                         net (fo=1, routed)           1.862     3.250    CLK100MHZ_IBUF
    BUFGCTRL_X0Y1        BUFG (Prop_bufg_I_O)         0.091     3.341 r  CLK100MHZ_IBUF_BUFG_inst/O
                         net (fo=87, routed)          1.457     4.798    u_clock_gen/CLK100MHZ_IBUF_BUFG
    MMCME2_ADV_X1Y0      MMCME2_ADV (Prop_mmcme2_adv_CLKIN1_CLKOUT0)
                                                     -3.129     1.669 r  u_clock_gen/u_mmcm/CLKOUT0
                         net (fo=1, routed)           1.581     3.250    u_clock_gen/clk25_unbuf
    BUFGCTRL_X0Y0        BUFG (Prop_bufg_I_O)         0.091     3.341 r  u_clock_gen/u_clk25_buf/O
                         net (fo=119, routed)         1.438     4.779    cam_xclk_OBUF
    SLICE_X45Y55         FDRE                                         r  base_fb_rd_addr_reg[9]/C

Slack:                    inf
  Source:                 btnC
                            (input port)
  Destination:            full_fb_rd_addr_reg[6]/R
                            (rising edge-triggered cell FDRE clocked by clk25_unbuf  {rise@0.000ns fall@20.000ns period=40.000ns})
  Path Group:             (none)
  Path Type:              Setup (Max at Slow Process Corner)
  Data Path Delay:        10.259ns  (logic 1.813ns (17.674%)  route 8.446ns (82.326%))
  Logic Levels:           4  (IBUF=1 LUT2=1 LUT4=1 LUT6=1)
  Clock Path Skew:        4.780ns (DCD - SCD + CPR)
    Destination Clock Delay (DCD):    4.780ns
    Source Clock Delay      (SCD):    0.000ns
    Clock Pessimism Removal (CPR):    0.000ns
  Clock Uncertainty:      0.186ns  ((TSJ^2 + DJ^2)^1/2) / 2 + PE
    Total System Jitter     (TSJ):    0.050ns
    Discrete Jitter          (DJ):    0.168ns
    Phase Error              (PE):    0.099ns

    Location             Delay type                Incr(ns)  Path(ns)    Netlist Resource(s)
  -------------------------------------------------------------------    -------------------
    U18                                               0.000     0.000 r  btnC (IN)
                         net (fo=0)                   0.000     0.000    btnC
    U18                  IBUF (Prop_ibuf_I_O)         1.441     1.441 r  btnC_IBUF_inst/O
                         net (fo=2, routed)           2.343     3.784    u_clock_gen/u_mmcm_2
    SLICE_X53Y11         LUT2 (Prop_lut2_I0_O)        0.124     3.908 r  u_clock_gen/byte_idx[1]_i_1/O
                         net (fo=168, routed)         4.427     8.335    u_vga_timing/rst
    SLICE_X41Y53         LUT4 (Prop_lut4_I0_O)        0.124     8.459 r  u_vga_timing/full_fb_rd_addr[18]_i_6/O
                         net (fo=1, routed)           0.572     9.031    u_vga_timing/full_fb_rd_addr[18]_i_6_n_0
    SLICE_X42Y53         LUT6 (Prop_lut6_I3_O)        0.124     9.155 r  u_vga_timing/full_fb_rd_addr[18]_i_1/O
                         net (fo=31, routed)          1.104    10.259    base_fb_rd_addr[0]
    SLICE_X44Y51         FDRE                                         r  full_fb_rd_addr_reg[6]/R
  -------------------------------------------------------------------    -------------------

                         (clock clk25_unbuf rise edge)
                                                      0.000     0.000 r  
    W5                                                0.000     0.000 r  CLK100MHZ (IN)
                         net (fo=0)                   0.000     0.000    CLK100MHZ
    W5                   IBUF (Prop_ibuf_I_O)         1.388     1.388 r  CLK100MHZ_IBUF_inst/O
                         net (fo=1, routed)           1.862     3.250    CLK100MHZ_IBUF
    BUFGCTRL_X0Y1        BUFG (Prop_bufg_I_O)         0.091     3.341 r  CLK100MHZ_IBUF_BUFG_inst/O
                         net (fo=87, routed)          1.457     4.798    u_clock_gen/CLK100MHZ_IBUF_BUFG
    MMCME2_ADV_X1Y0      MMCME2_ADV (Prop_mmcme2_adv_CLKIN1_CLKOUT0)
                                                     -3.129     1.669 r  u_clock_gen/u_mmcm/CLKOUT0
                         net (fo=1, routed)           1.581     3.250    u_clock_gen/clk25_unbuf
    BUFGCTRL_X0Y0        BUFG (Prop_bufg_I_O)         0.091     3.341 r  u_clock_gen/u_clk25_buf/O
                         net (fo=119, routed)         1.439     4.780    cam_xclk_OBUF
    SLICE_X44Y51         FDRE                                         r  full_fb_rd_addr_reg[6]/C

Slack:                    inf
  Source:                 btnC
                            (input port)
  Destination:            full_fb_rd_addr_reg[7]/R
                            (rising edge-triggered cell FDRE clocked by clk25_unbuf  {rise@0.000ns fall@20.000ns period=40.000ns})
  Path Group:             (none)
  Path Type:              Setup (Max at Slow Process Corner)
  Data Path Delay:        10.259ns  (logic 1.813ns (17.674%)  route 8.446ns (82.326%))
  Logic Levels:           4  (IBUF=1 LUT2=1 LUT4=1 LUT6=1)
  Clock Path Skew:        4.780ns (DCD - SCD + CPR)
    Destination Clock Delay (DCD):    4.780ns
    Source Clock Delay      (SCD):    0.000ns
    Clock Pessimism Removal (CPR):    0.000ns
  Clock Uncertainty:      0.186ns  ((TSJ^2 + DJ^2)^1/2) / 2 + PE
    Total System Jitter     (TSJ):    0.050ns
    Discrete Jitter          (DJ):    0.168ns
    Phase Error              (PE):    0.099ns

    Location             Delay type                Incr(ns)  Path(ns)    Netlist Resource(s)
  -------------------------------------------------------------------    -------------------
    U18                                               0.000     0.000 r  btnC (IN)
                         net (fo=0)                   0.000     0.000    btnC
    U18                  IBUF (Prop_ibuf_I_O)         1.441     1.441 r  btnC_IBUF_inst/O
                         net (fo=2, routed)           2.343     3.784    u_clock_gen/u_mmcm_2
    SLICE_X53Y11         LUT2 (Prop_lut2_I0_O)        0.124     3.908 r  u_clock_gen/byte_idx[1]_i_1/O
                         net (fo=168, routed)         4.427     8.335    u_vga_timing/rst
    SLICE_X41Y53         LUT4 (Prop_lut4_I0_O)        0.124     8.459 r  u_vga_timing/full_fb_rd_addr[18]_i_6/O
                         net (fo=1, routed)           0.572     9.031    u_vga_timing/full_fb_rd_addr[18]_i_6_n_0
    SLICE_X42Y53         LUT6 (Prop_lut6_I3_O)        0.124     9.155 r  u_vga_timing/full_fb_rd_addr[18]_i_1/O
                         net (fo=31, routed)          1.104    10.259    base_fb_rd_addr[0]
    SLICE_X44Y51         FDRE                                         r  full_fb_rd_addr_reg[7]/R
  -------------------------------------------------------------------    -------------------

                         (clock clk25_unbuf rise edge)
                                                      0.000     0.000 r  
    W5                                                0.000     0.000 r  CLK100MHZ (IN)
                         net (fo=0)                   0.000     0.000    CLK100MHZ
    W5                   IBUF (Prop_ibuf_I_O)         1.388     1.388 r  CLK100MHZ_IBUF_inst/O
                         net (fo=1, routed)           1.862     3.250    CLK100MHZ_IBUF
    BUFGCTRL_X0Y1        BUFG (Prop_bufg_I_O)         0.091     3.341 r  CLK100MHZ_IBUF_BUFG_inst/O
                         net (fo=87, routed)          1.457     4.798    u_clock_gen/CLK100MHZ_IBUF_BUFG
    MMCME2_ADV_X1Y0      MMCME2_ADV (Prop_mmcme2_adv_CLKIN1_CLKOUT0)
                                                     -3.129     1.669 r  u_clock_gen/u_mmcm/CLKOUT0
                         net (fo=1, routed)           1.581     3.250    u_clock_gen/clk25_unbuf
    BUFGCTRL_X0Y0        BUFG (Prop_bufg_I_O)         0.091     3.341 r  u_clock_gen/u_clk25_buf/O
                         net (fo=119, routed)         1.439     4.780    cam_xclk_OBUF
    SLICE_X44Y51         FDRE                                         r  full_fb_rd_addr_reg[7]/C





Min Delay Paths
--------------------------------------------------------------------------------------
Slack:                    inf
  Source:                 sw[15]
                            (input port)
  Destination:            debug_mode_d_reg/D
                            (rising edge-triggered cell FDRE clocked by clk25_unbuf  {rise@0.000ns fall@20.000ns period=40.000ns})
  Path Group:             (none)
  Path Type:              Hold (Min at Fast Process Corner)
  Data Path Delay:        1.196ns  (logic 0.224ns (18.750%)  route 0.972ns (81.250%))
  Logic Levels:           1  (IBUF=1)
  Clock Path Skew:        1.958ns (DCD - SCD - CPR)
    Destination Clock Delay (DCD):    1.958ns
    Source Clock Delay      (SCD):    0.000ns
    Clock Pessimism Removal (CPR):    -0.000ns

    Location             Delay type                Incr(ns)  Path(ns)    Netlist Resource(s)
  -------------------------------------------------------------------    -------------------
    R2                                                0.000     0.000 r  sw[15] (IN)
                         net (fo=0)                   0.000     0.000    sw[15]
    R2                   IBUF (Prop_ibuf_I_O)         0.224     0.224 r  sw_IBUF[15]_inst/O
                         net (fo=2, routed)           0.972     1.196    led_OBUF[7]
    SLICE_X30Y50         FDRE                                         r  debug_mode_d_reg/D
  -------------------------------------------------------------------    -------------------

                         (clock clk25_unbuf rise edge)
                                                      0.000     0.000 r  
    W5                                                0.000     0.000 r  CLK100MHZ (IN)
                         net (fo=0)                   0.000     0.000    CLK100MHZ
    W5                   IBUF (Prop_ibuf_I_O)         0.414     0.414 r  CLK100MHZ_IBUF_inst/O
                         net (fo=1, routed)           0.685     1.099    CLK100MHZ_IBUF
    BUFGCTRL_X0Y1        BUFG (Prop_bufg_I_O)         0.029     1.128 r  CLK100MHZ_IBUF_BUFG_inst/O
                         net (fo=87, routed)          0.817     1.944    u_clock_gen/CLK100MHZ_IBUF_BUFG
    MMCME2_ADV_X1Y0      MMCME2_ADV (Prop_mmcme2_adv_CLKIN1_CLKOUT0)
                                                     -1.375     0.569 r  u_clock_gen/u_mmcm/CLKOUT0
                         net (fo=1, routed)           0.530     1.099    u_clock_gen/clk25_unbuf
    BUFGCTRL_X0Y0        BUFG (Prop_bufg_I_O)         0.029     1.128 r  u_clock_gen/u_clk25_buf/O
                         net (fo=119, routed)         0.830     1.958    cam_xclk_OBUF
    SLICE_X30Y50         FDRE                                         r  debug_mode_d_reg/C

Slack:                    inf
  Source:                 sw[1]
                            (input port)
  Destination:            mode_d_reg[1]/D
                            (rising edge-triggered cell FDRE clocked by clk25_unbuf  {rise@0.000ns fall@20.000ns period=40.000ns})
  Path Group:             (none)
  Path Type:              Hold (Min at Fast Process Corner)
  Data Path Delay:        1.439ns  (logic 0.229ns (15.933%)  route 1.210ns (84.067%))
  Logic Levels:           1  (IBUF=1)
  Clock Path Skew:        1.960ns (DCD - SCD - CPR)
    Destination Clock Delay (DCD):    1.960ns
    Source Clock Delay      (SCD):    0.000ns
    Clock Pessimism Removal (CPR):    -0.000ns

    Location             Delay type                Incr(ns)  Path(ns)    Netlist Resource(s)
  -------------------------------------------------------------------    -------------------
    V16                                               0.000     0.000 r  sw[1] (IN)
                         net (fo=0)                   0.000     0.000    sw[1]
    V16                  IBUF (Prop_ibuf_I_O)         0.229     0.229 r  sw_IBUF[1]_inst/O
                         net (fo=1, routed)           1.210     1.439    sw_IBUF[1]
    SLICE_X30Y48         FDRE                                         r  mode_d_reg[1]/D
  -------------------------------------------------------------------    -------------------

                         (clock clk25_unbuf rise edge)
                                                      0.000     0.000 r  
    W5                                                0.000     0.000 r  CLK100MHZ (IN)
                         net (fo=0)                   0.000     0.000    CLK100MHZ
    W5                   IBUF (Prop_ibuf_I_O)         0.414     0.414 r  CLK100MHZ_IBUF_inst/O
                         net (fo=1, routed)           0.685     1.099    CLK100MHZ_IBUF
    BUFGCTRL_X0Y1        BUFG (Prop_bufg_I_O)         0.029     1.128 r  CLK100MHZ_IBUF_BUFG_inst/O
                         net (fo=87, routed)          0.817     1.944    u_clock_gen/CLK100MHZ_IBUF_BUFG
    MMCME2_ADV_X1Y0      MMCME2_ADV (Prop_mmcme2_adv_CLKIN1_CLKOUT0)
                                                     -1.375     0.569 r  u_clock_gen/u_mmcm/CLKOUT0
                         net (fo=1, routed)           0.530     1.099    u_clock_gen/clk25_unbuf
    BUFGCTRL_X0Y0        BUFG (Prop_bufg_I_O)         0.029     1.128 r  u_clock_gen/u_clk25_buf/O
                         net (fo=119, routed)         0.833     1.960    cam_xclk_OBUF
    SLICE_X30Y48         FDRE                                         r  mode_d_reg[1]/C

Slack:                    inf
  Source:                 sw[14]
                            (input port)
  Destination:            u_framebuffer/u_bank1/mem_reg_1_2/ADDRBWRADDR[2]
                            (rising edge-triggered cell RAMB36E1 clocked by clk25_unbuf  {rise@0.000ns fall@20.000ns period=40.000ns})
  Path Group:             (none)
  Path Type:              Hold (Min at Fast Process Corner)
  Data Path Delay:        1.459ns  (logic 0.268ns (18.390%)  route 1.191ns (81.610%))
  Logic Levels:           2  (IBUF=1 LUT3=1)
  Clock Path Skew:        2.004ns (DCD - SCD - CPR)
    Destination Clock Delay (DCD):    2.004ns
    Source Clock Delay      (SCD):    0.000ns
    Clock Pessimism Removal (CPR):    -0.000ns

    Location             Delay type                Incr(ns)  Path(ns)    Netlist Resource(s)
  -------------------------------------------------------------------    -------------------
    T1                                                0.000     0.000 r  sw[14] (IN)
                         net (fo=0)                   0.000     0.000    sw[14]
    T1                   IBUF (Prop_ibuf_I_O)         0.223     0.223 r  sw_IBUF[14]_inst/O
                         net (fo=153, routed)         0.906     1.130    u_framebuffer/u_bank1/led_OBUF[1]
    SLICE_X48Y53         LUT3 (Prop_lut3_I1_O)        0.045     1.175 r  u_framebuffer/u_bank1/mem_reg_0_0_i_28__1/O
                         net (fo=9, routed)           0.284     1.459    u_framebuffer/u_bank1/mem_reg_0_0_i_28__1_n_0
    RAMB36_X1Y11         RAMB36E1                                     r  u_framebuffer/u_bank1/mem_reg_1_2/ADDRBWRADDR[2]
  -------------------------------------------------------------------    -------------------

                         (clock clk25_unbuf rise edge)
                                                      0.000     0.000 r  
    W5                                                0.000     0.000 r  CLK100MHZ (IN)
                         net (fo=0)                   0.000     0.000    CLK100MHZ
    W5                   IBUF (Prop_ibuf_I_O)         0.414     0.414 r  CLK100MHZ_IBUF_inst/O
                         net (fo=1, routed)           0.685     1.099    CLK100MHZ_IBUF
    BUFGCTRL_X0Y1        BUFG (Prop_bufg_I_O)         0.029     1.128 r  CLK100MHZ_IBUF_BUFG_inst/O
                         net (fo=87, routed)          0.817     1.944    u_clock_gen/CLK100MHZ_IBUF_BUFG
    MMCME2_ADV_X1Y0      MMCME2_ADV (Prop_mmcme2_adv_CLKIN1_CLKOUT0)
                                                     -1.375     0.569 r  u_clock_gen/u_mmcm/CLKOUT0
                         net (fo=1, routed)           0.530     1.099    u_clock_gen/clk25_unbuf
    BUFGCTRL_X0Y0        BUFG (Prop_bufg_I_O)         0.029     1.128 r  u_clock_gen/u_clk25_buf/O
                         net (fo=119, routed)         0.876     2.004    u_framebuffer/u_bank1/clk25
    RAMB36_X1Y11         RAMB36E1                                     r  u_framebuffer/u_bank1/mem_reg_1_2/CLKBWRCLK

Slack:                    inf
  Source:                 sw[14]
                            (input port)
  Destination:            u_framebuffer/u_bank0/mem_reg_mux_sel_b_pos_0__1/D
                            (rising edge-triggered cell FDRE clocked by clk25_unbuf  {rise@0.000ns fall@20.000ns period=40.000ns})
  Path Group:             (none)
  Path Type:              Hold (Min at Fast Process Corner)
  Data Path Delay:        1.472ns  (logic 0.268ns (18.223%)  route 1.204ns (81.777%))
  Logic Levels:           2  (IBUF=1 LUT3=1)
  Clock Path Skew:        1.958ns (DCD - SCD - CPR)
    Destination Clock Delay (DCD):    1.958ns
    Source Clock Delay      (SCD):    0.000ns
    Clock Pessimism Removal (CPR):    -0.000ns

    Location             Delay type                Incr(ns)  Path(ns)    Netlist Resource(s)
  -------------------------------------------------------------------    -------------------
    T1                                                0.000     0.000 r  sw[14] (IN)
                         net (fo=0)                   0.000     0.000    sw[14]
    T1                   IBUF (Prop_ibuf_I_O)         0.223     0.223 r  sw_IBUF[14]_inst/O
                         net (fo=153, routed)         1.204     1.427    u_framebuffer/u_bank0/led_OBUF[1]
    SLICE_X42Y56         LUT3 (Prop_lut3_I1_O)        0.045     1.472 r  u_framebuffer/u_bank0/mem_mux_sel_b_pos_0__1_i_1/O
                         net (fo=1, routed)           0.000     1.472    u_framebuffer/u_bank0/bank_rd_addr[16]
    SLICE_X42Y56         FDRE                                         r  u_framebuffer/u_bank0/mem_reg_mux_sel_b_pos_0__1/D
  -------------------------------------------------------------------    -------------------

                         (clock clk25_unbuf rise edge)
                                                      0.000     0.000 r  
    W5                                                0.000     0.000 r  CLK100MHZ (IN)
                         net (fo=0)                   0.000     0.000    CLK100MHZ
    W5                   IBUF (Prop_ibuf_I_O)         0.414     0.414 r  CLK100MHZ_IBUF_inst/O
                         net (fo=1, routed)           0.685     1.099    CLK100MHZ_IBUF
    BUFGCTRL_X0Y1        BUFG (Prop_bufg_I_O)         0.029     1.128 r  CLK100MHZ_IBUF_BUFG_inst/O
                         net (fo=87, routed)          0.817     1.944    u_clock_gen/CLK100MHZ_IBUF_BUFG
    MMCME2_ADV_X1Y0      MMCME2_ADV (Prop_mmcme2_adv_CLKIN1_CLKOUT0)
                                                     -1.375     0.569 r  u_clock_gen/u_mmcm/CLKOUT0
                         net (fo=1, routed)           0.530     1.099    u_clock_gen/clk25_unbuf
    BUFGCTRL_X0Y0        BUFG (Prop_bufg_I_O)         0.029     1.128 r  u_clock_gen/u_clk25_buf/O
                         net (fo=119, routed)         0.831     1.958    u_framebuffer/u_bank0/clk25
    SLICE_X42Y56         FDRE                                         r  u_framebuffer/u_bank0/mem_reg_mux_sel_b_pos_0__1/C

Slack:                    inf
  Source:                 sw[0]
                            (input port)
  Destination:            mode_d_reg[0]/D
                            (rising edge-triggered cell FDRE clocked by clk25_unbuf  {rise@0.000ns fall@20.000ns period=40.000ns})
  Path Group:             (none)
  Path Type:              Hold (Min at Fast Process Corner)
  Data Path Delay:        1.516ns  (logic 0.221ns (14.578%)  route 1.295ns (85.422%))
  Logic Levels:           1  (IBUF=1)
  Clock Path Skew:        1.957ns (DCD - SCD - CPR)
    Destination Clock Delay (DCD):    1.957ns
    Source Clock Delay      (SCD):    0.000ns
    Clock Pessimism Removal (CPR):    -0.000ns

    Location             Delay type                Incr(ns)  Path(ns)    Netlist Resource(s)
  -------------------------------------------------------------------    -------------------
    V17                                               0.000     0.000 r  sw[0] (IN)
                         net (fo=0)                   0.000     0.000    sw[0]
    V17                  IBUF (Prop_ibuf_I_O)         0.221     0.221 r  sw_IBUF[0]_inst/O
                         net (fo=1, routed)           1.295     1.516    sw_IBUF[0]
    SLICE_X30Y53         FDRE                                         r  mode_d_reg[0]/D
  -------------------------------------------------------------------    -------------------

                         (clock clk25_unbuf rise edge)
                                                      0.000     0.000 r  
    W5                                                0.000     0.000 r  CLK100MHZ (IN)
                         net (fo=0)                   0.000     0.000    CLK100MHZ
    W5                   IBUF (Prop_ibuf_I_O)         0.414     0.414 r  CLK100MHZ_IBUF_inst/O
                         net (fo=1, routed)           0.685     1.099    CLK100MHZ_IBUF
    BUFGCTRL_X0Y1        BUFG (Prop_bufg_I_O)         0.029     1.128 r  CLK100MHZ_IBUF_BUFG_inst/O
                         net (fo=87, routed)          0.817     1.944    u_clock_gen/CLK100MHZ_IBUF_BUFG
    MMCME2_ADV_X1Y0      MMCME2_ADV (Prop_mmcme2_adv_CLKIN1_CLKOUT0)
                                                     -1.375     0.569 r  u_clock_gen/u_mmcm/CLKOUT0
                         net (fo=1, routed)           0.530     1.099    u_clock_gen/clk25_unbuf
    BUFGCTRL_X0Y0        BUFG (Prop_bufg_I_O)         0.029     1.128 r  u_clock_gen/u_clk25_buf/O
                         net (fo=119, routed)         0.829     1.957    cam_xclk_OBUF
    SLICE_X30Y53         FDRE                                         r  mode_d_reg[0]/C

Slack:                    inf
  Source:                 sw[14]
                            (input port)
  Destination:            u_framebuffer/u_bank1/mem_reg_1_2/ADDRBWRADDR[1]
                            (rising edge-triggered cell RAMB36E1 clocked by clk25_unbuf  {rise@0.000ns fall@20.000ns period=40.000ns})
  Path Group:             (none)
  Path Type:              Hold (Min at Fast Process Corner)
  Data Path Delay:        1.520ns  (logic 0.269ns (17.719%)  route 1.250ns (82.281%))
  Logic Levels:           2  (IBUF=1 LUT3=1)
  Clock Path Skew:        2.004ns (DCD - SCD - CPR)
    Destination Clock Delay (DCD):    2.004ns
    Source Clock Delay      (SCD):    0.000ns
    Clock Pessimism Removal (CPR):    -0.000ns

    Location             Delay type                Incr(ns)  Path(ns)    Netlist Resource(s)
  -------------------------------------------------------------------    -------------------
    T1                                                0.000     0.000 r  sw[14] (IN)
                         net (fo=0)                   0.000     0.000    sw[14]
    T1                   IBUF (Prop_ibuf_I_O)         0.223     0.223 r  sw_IBUF[14]_inst/O
                         net (fo=153, routed)         1.019     1.242    u_framebuffer/u_bank1/led_OBUF[1]
    SLICE_X48Y54         LUT3 (Prop_lut3_I1_O)        0.046     1.288 r  u_framebuffer/u_bank1/mem_reg_0_0_i_29__1/O
                         net (fo=9, routed)           0.231     1.520    u_framebuffer/u_bank1/mem_reg_0_0_i_29__1_n_0
    RAMB36_X1Y11         RAMB36E1                                     r  u_framebuffer/u_bank1/mem_reg_1_2/ADDRBWRADDR[1]
  -------------------------------------------------------------------    -------------------

                         (clock clk25_unbuf rise edge)
                                                      0.000     0.000 r  
    W5                                                0.000     0.000 r  CLK100MHZ (IN)
                         net (fo=0)                   0.000     0.000    CLK100MHZ
    W5                   IBUF (Prop_ibuf_I_O)         0.414     0.414 r  CLK100MHZ_IBUF_inst/O
                         net (fo=1, routed)           0.685     1.099    CLK100MHZ_IBUF
    BUFGCTRL_X0Y1        BUFG (Prop_bufg_I_O)         0.029     1.128 r  CLK100MHZ_IBUF_BUFG_inst/O
                         net (fo=87, routed)          0.817     1.944    u_clock_gen/CLK100MHZ_IBUF_BUFG
    MMCME2_ADV_X1Y0      MMCME2_ADV (Prop_mmcme2_adv_CLKIN1_CLKOUT0)
                                                     -1.375     0.569 r  u_clock_gen/u_mmcm/CLKOUT0
                         net (fo=1, routed)           0.530     1.099    u_clock_gen/clk25_unbuf
    BUFGCTRL_X0Y0        BUFG (Prop_bufg_I_O)         0.029     1.128 r  u_clock_gen/u_clk25_buf/O
                         net (fo=119, routed)         0.876     2.004    u_framebuffer/u_bank1/clk25
    RAMB36_X1Y11         RAMB36E1                                     r  u_framebuffer/u_bank1/mem_reg_1_2/CLKBWRCLK

Slack:                    inf
  Source:                 sw[14]
                            (input port)
  Destination:            resolution_mode_d_reg/D
                            (rising edge-triggered cell FDRE clocked by clk25_unbuf  {rise@0.000ns fall@20.000ns period=40.000ns})
  Path Group:             (none)
  Path Type:              Hold (Min at Fast Process Corner)
  Data Path Delay:        1.529ns  (logic 0.223ns (14.607%)  route 1.305ns (85.393%))
  Logic Levels:           1  (IBUF=1)
  Clock Path Skew:        1.958ns (DCD - SCD - CPR)
    Destination Clock Delay (DCD):    1.958ns
    Source Clock Delay      (SCD):    0.000ns
    Clock Pessimism Removal (CPR):    -0.000ns

    Location             Delay type                Incr(ns)  Path(ns)    Netlist Resource(s)
  -------------------------------------------------------------------    -------------------
    T1                                                0.000     0.000 r  sw[14] (IN)
                         net (fo=0)                   0.000     0.000    sw[14]
    T1                   IBUF (Prop_ibuf_I_O)         0.223     0.223 r  sw_IBUF[14]_inst/O
                         net (fo=153, routed)         1.305     1.529    led_OBUF[6]
    SLICE_X40Y54         FDRE                                         r  resolution_mode_d_reg/D
  -------------------------------------------------------------------    -------------------

                         (clock clk25_unbuf rise edge)
                                                      0.000     0.000 r  
    W5                                                0.000     0.000 r  CLK100MHZ (IN)
                         net (fo=0)                   0.000     0.000    CLK100MHZ
    W5                   IBUF (Prop_ibuf_I_O)         0.414     0.414 r  CLK100MHZ_IBUF_inst/O
                         net (fo=1, routed)           0.685     1.099    CLK100MHZ_IBUF
    BUFGCTRL_X0Y1        BUFG (Prop_bufg_I_O)         0.029     1.128 r  CLK100MHZ_IBUF_BUFG_inst/O
                         net (fo=87, routed)          0.817     1.944    u_clock_gen/CLK100MHZ_IBUF_BUFG
    MMCME2_ADV_X1Y0      MMCME2_ADV (Prop_mmcme2_adv_CLKIN1_CLKOUT0)
                                                     -1.375     0.569 r  u_clock_gen/u_mmcm/CLKOUT0
                         net (fo=1, routed)           0.530     1.099    u_clock_gen/clk25_unbuf
    BUFGCTRL_X0Y0        BUFG (Prop_bufg_I_O)         0.029     1.128 r  u_clock_gen/u_clk25_buf/O
                         net (fo=119, routed)         0.831     1.958    cam_xclk_OBUF
    SLICE_X40Y54         FDRE                                         r  resolution_mode_d_reg/C

Slack:                    inf
  Source:                 sw[14]
                            (input port)
  Destination:            u_framebuffer/u_bank1/mem_reg_0_2/ADDRBWRADDR[2]
                            (rising edge-triggered cell RAMB36E1 clocked by clk25_unbuf  {rise@0.000ns fall@20.000ns period=40.000ns})
  Path Group:             (none)
  Path Type:              Hold (Min at Fast Process Corner)
  Data Path Delay:        1.565ns  (logic 0.268ns (17.145%)  route 1.297ns (82.855%))
  Logic Levels:           2  (IBUF=1 LUT3=1)
  Clock Path Skew:        2.005ns (DCD - SCD - CPR)
    Destination Clock Delay (DCD):    2.005ns
    Source Clock Delay      (SCD):    0.000ns
    Clock Pessimism Removal (CPR):    -0.000ns

    Location             Delay type                Incr(ns)  Path(ns)    Netlist Resource(s)
  -------------------------------------------------------------------    -------------------
    T1                                                0.000     0.000 r  sw[14] (IN)
                         net (fo=0)                   0.000     0.000    sw[14]
    T1                   IBUF (Prop_ibuf_I_O)         0.223     0.223 r  sw_IBUF[14]_inst/O
                         net (fo=153, routed)         0.906     1.130    u_framebuffer/u_bank1/led_OBUF[1]
    SLICE_X48Y53         LUT3 (Prop_lut3_I1_O)        0.045     1.175 r  u_framebuffer/u_bank1/mem_reg_0_0_i_28__1/O
                         net (fo=9, routed)           0.390     1.565    u_framebuffer/u_bank1/mem_reg_0_0_i_28__1_n_0
    RAMB36_X1Y10         RAMB36E1                                     r  u_framebuffer/u_bank1/mem_reg_0_2/ADDRBWRADDR[2]
  -------------------------------------------------------------------    -------------------

                         (clock clk25_unbuf rise edge)
                                                      0.000     0.000 r  
    W5                                                0.000     0.000 r  CLK100MHZ (IN)
                         net (fo=0)                   0.000     0.000    CLK100MHZ
    W5                   IBUF (Prop_ibuf_I_O)         0.414     0.414 r  CLK100MHZ_IBUF_inst/O
                         net (fo=1, routed)           0.685     1.099    CLK100MHZ_IBUF
    BUFGCTRL_X0Y1        BUFG (Prop_bufg_I_O)         0.029     1.128 r  CLK100MHZ_IBUF_BUFG_inst/O
                         net (fo=87, routed)          0.817     1.944    u_clock_gen/CLK100MHZ_IBUF_BUFG
    MMCME2_ADV_X1Y0      MMCME2_ADV (Prop_mmcme2_adv_CLKIN1_CLKOUT0)
                                                     -1.375     0.569 r  u_clock_gen/u_mmcm/CLKOUT0
                         net (fo=1, routed)           0.530     1.099    u_clock_gen/clk25_unbuf
    BUFGCTRL_X0Y0        BUFG (Prop_bufg_I_O)         0.029     1.128 r  u_clock_gen/u_clk25_buf/O
                         net (fo=119, routed)         0.877     2.005    u_framebuffer/u_bank1/clk25
    RAMB36_X1Y10         RAMB36E1                                     r  u_framebuffer/u_bank1/mem_reg_0_2/CLKBWRCLK

Slack:                    inf
  Source:                 sw[14]
                            (input port)
  Destination:            u_framebuffer/u_bank1/mem_reg_1_1__0/ADDRBWRADDR[4]
                            (rising edge-triggered cell RAMB36E1 clocked by clk25_unbuf  {rise@0.000ns fall@20.000ns period=40.000ns})
  Path Group:             (none)
  Path Type:              Hold (Min at Fast Process Corner)
  Data Path Delay:        1.590ns  (logic 0.268ns (16.871%)  route 1.322ns (83.129%))
  Logic Levels:           2  (IBUF=1 LUT3=1)
  Clock Path Skew:        2.006ns (DCD - SCD - CPR)
    Destination Clock Delay (DCD):    2.006ns
    Source Clock Delay      (SCD):    0.000ns
    Clock Pessimism Removal (CPR):    -0.000ns

    Location             Delay type                Incr(ns)  Path(ns)    Netlist Resource(s)
  -------------------------------------------------------------------    -------------------
    T1                                                0.000     0.000 r  sw[14] (IN)
                         net (fo=0)                   0.000     0.000    sw[14]
    T1                   IBUF (Prop_ibuf_I_O)         0.223     0.223 r  sw_IBUF[14]_inst/O
                         net (fo=153, routed)         0.972     1.195    u_framebuffer/u_bank1/led_OBUF[1]
    SLICE_X46Y53         LUT3 (Prop_lut3_I1_O)        0.045     1.240 r  u_framebuffer/u_bank1/mem_reg_0_0_i_26__1/O
                         net (fo=9, routed)           0.350     1.590    u_framebuffer/u_bank1/mem_reg_0_0_i_26__1_n_0
    RAMB36_X1Y9          RAMB36E1                                     r  u_framebuffer/u_bank1/mem_reg_1_1__0/ADDRBWRADDR[4]
  -------------------------------------------------------------------    -------------------

                         (clock clk25_unbuf rise edge)
                                                      0.000     0.000 r  
    W5                                                0.000     0.000 r  CLK100MHZ (IN)
                         net (fo=0)                   0.000     0.000    CLK100MHZ
    W5                   IBUF (Prop_ibuf_I_O)         0.414     0.414 r  CLK100MHZ_IBUF_inst/O
                         net (fo=1, routed)           0.685     1.099    CLK100MHZ_IBUF
    BUFGCTRL_X0Y1        BUFG (Prop_bufg_I_O)         0.029     1.128 r  CLK100MHZ_IBUF_BUFG_inst/O
                         net (fo=87, routed)          0.817     1.944    u_clock_gen/CLK100MHZ_IBUF_BUFG
    MMCME2_ADV_X1Y0      MMCME2_ADV (Prop_mmcme2_adv_CLKIN1_CLKOUT0)
                                                     -1.375     0.569 r  u_clock_gen/u_mmcm/CLKOUT0
                         net (fo=1, routed)           0.530     1.099    u_clock_gen/clk25_unbuf
    BUFGCTRL_X0Y0        BUFG (Prop_bufg_I_O)         0.029     1.128 r  u_clock_gen/u_clk25_buf/O
                         net (fo=119, routed)         0.878     2.006    u_framebuffer/u_bank1/clk25
    RAMB36_X1Y9          RAMB36E1                                     r  u_framebuffer/u_bank1/mem_reg_1_1__0/CLKBWRCLK

Slack:                    inf
  Source:                 sw[14]
                            (input port)
  Destination:            u_framebuffer/u_bank1/mem_reg_1_1/ADDRBWRADDR[2]
                            (rising edge-triggered cell RAMB36E1 clocked by clk25_unbuf  {rise@0.000ns fall@20.000ns period=40.000ns})
  Path Group:             (none)
  Path Type:              Hold (Min at Fast Process Corner)
  Data Path Delay:        1.593ns  (logic 0.268ns (16.847%)  route 1.324ns (83.153%))
  Logic Levels:           2  (IBUF=1 LUT3=1)
  Clock Path Skew:        2.005ns (DCD - SCD - CPR)
    Destination Clock Delay (DCD):    2.005ns
    Source Clock Delay      (SCD):    0.000ns
    Clock Pessimism Removal (CPR):    -0.000ns

    Location             Delay type                Incr(ns)  Path(ns)    Netlist Resource(s)
  -------------------------------------------------------------------    -------------------
    T1                                                0.000     0.000 r  sw[14] (IN)
                         net (fo=0)                   0.000     0.000    sw[14]
    T1                   IBUF (Prop_ibuf_I_O)         0.223     0.223 r  sw_IBUF[14]_inst/O
                         net (fo=153, routed)         0.906     1.130    u_framebuffer/u_bank1/led_OBUF[1]
    SLICE_X48Y53         LUT3 (Prop_lut3_I1_O)        0.045     1.175 r  u_framebuffer/u_bank1/mem_reg_0_0_i_28__1/O
                         net (fo=9, routed)           0.418     1.593    u_framebuffer/u_bank1/mem_reg_0_0_i_28__1_n_0
    RAMB36_X2Y11         RAMB36E1                                     r  u_framebuffer/u_bank1/mem_reg_1_1/ADDRBWRADDR[2]
  -------------------------------------------------------------------    -------------------

                         (clock clk25_unbuf rise edge)
                                                      0.000     0.000 r  
    W5                                                0.000     0.000 r  CLK100MHZ (IN)
                         net (fo=0)                   0.000     0.000    CLK100MHZ
    W5                   IBUF (Prop_ibuf_I_O)         0.414     0.414 r  CLK100MHZ_IBUF_inst/O
                         net (fo=1, routed)           0.685     1.099    CLK100MHZ_IBUF
    BUFGCTRL_X0Y1        BUFG (Prop_bufg_I_O)         0.029     1.128 r  CLK100MHZ_IBUF_BUFG_inst/O
                         net (fo=87, routed)          0.817     1.944    u_clock_gen/CLK100MHZ_IBUF_BUFG
    MMCME2_ADV_X1Y0      MMCME2_ADV (Prop_mmcme2_adv_CLKIN1_CLKOUT0)
                                                     -1.375     0.569 r  u_clock_gen/u_mmcm/CLKOUT0
                         net (fo=1, routed)           0.530     1.099    u_clock_gen/clk25_unbuf
    BUFGCTRL_X0Y0        BUFG (Prop_bufg_I_O)         0.029     1.128 r  u_clock_gen/u_clk25_buf/O
                         net (fo=119, routed)         0.877     2.005    u_framebuffer/u_bank1/clk25
    RAMB36_X2Y11         RAMB36E1                                     r  u_framebuffer/u_bank1/mem_reg_1_1/CLKBWRCLK





--------------------------------------------------------------------------------------
Path Group:  (none)
From Clock:  
  To Clock:  sys_clk

Max Delay            95 Endpoints
Min Delay            95 Endpoints
--------------------------------------------------------------------------------------


Max Delay Paths
--------------------------------------------------------------------------------------
Slack:                    inf
  Source:                 btnC
                            (input port)
  Destination:            u_sccb_init/lut_idx_reg_rep/ENARDEN
                            (rising edge-triggered cell RAMB18E1 clocked by sys_clk  {rise@0.000ns fall@5.000ns period=10.000ns})
  Path Group:             (none)
  Path Type:              Setup (Max at Slow Process Corner)
  Data Path Delay:        11.395ns  (logic 1.715ns (15.053%)  route 9.680ns (84.947%))
  Logic Levels:           3  (IBUF=1 LUT2=1 LUT5=1)
  Clock Path Skew:        4.808ns (DCD - SCD + CPR)
    Destination Clock Delay (DCD):    4.808ns
    Source Clock Delay      (SCD):    0.000ns
    Clock Pessimism Removal (CPR):    0.000ns
  Clock Uncertainty:      0.025ns  ((TSJ^2 + TIJ^2)^1/2 + DJ) / 2 + PE
    Total System Jitter     (TSJ):    0.050ns
    Total Input Jitter      (TIJ):    0.000ns
    Discrete Jitter          (DJ):    0.000ns
    Phase Error              (PE):    0.000ns

    Location             Delay type                Incr(ns)  Path(ns)    Netlist Resource(s)
  -------------------------------------------------------------------    -------------------
    U18                                               0.000     0.000 r  btnC (IN)
                         net (fo=0)                   0.000     0.000    btnC
    U18                  IBUF (Prop_ibuf_I_O)         1.441     1.441 r  btnC_IBUF_inst/O
                         net (fo=2, routed)           2.343     3.784    u_clock_gen/u_mmcm_2
    SLICE_X53Y11         LUT2 (Prop_lut2_I0_O)        0.124     3.908 r  u_clock_gen/byte_idx[1]_i_1/O
                         net (fo=168, routed)         6.757    10.665    u_sccb_init/rst
    SLICE_X4Y71          LUT5 (Prop_lut5_I4_O)        0.150    10.815 r  u_sccb_init/lut_idx_reg_rep_i_1/O
                         net (fo=1, routed)           0.579    11.395    u_sccb_init/lut_idx_reg_rep_i_1_n_0
    RAMB18_X0Y28         RAMB18E1                                     r  u_sccb_init/lut_idx_reg_rep/ENARDEN
  -------------------------------------------------------------------    -------------------

                         (clock sys_clk rise edge)    0.000     0.000 r  
    W5                                                0.000     0.000 r  CLK100MHZ (IN)
                         net (fo=0)                   0.000     0.000    CLK100MHZ
    W5                   IBUF (Prop_ibuf_I_O)         1.388     1.388 r  CLK100MHZ_IBUF_inst/O
                         net (fo=1, routed)           1.862     3.250    CLK100MHZ_IBUF
    BUFGCTRL_X0Y1        BUFG (Prop_bufg_I_O)         0.091     3.341 r  CLK100MHZ_IBUF_BUFG_inst/O
                         net (fo=87, routed)          1.467     4.808    u_sccb_init/CLK100MHZ_IBUF_BUFG
    RAMB18_X0Y28         RAMB18E1                                     r  u_sccb_init/lut_idx_reg_rep/CLKARDCLK

Slack:                    inf
  Source:                 btnC
                            (input port)
  Destination:            u_sccb_init/lut_idx_reg_rep/ADDRARDADDR[4]
                            (rising edge-triggered cell RAMB18E1 clocked by sys_clk  {rise@0.000ns fall@5.000ns period=10.000ns})
  Path Group:             (none)
  Path Type:              Setup (Max at Slow Process Corner)
  Data Path Delay:        10.536ns  (logic 1.717ns (16.300%)  route 8.819ns (83.700%))
  Logic Levels:           3  (IBUF=1 LUT2=2)
  Clock Path Skew:        4.808ns (DCD - SCD + CPR)
    Destination Clock Delay (DCD):    4.808ns
    Source Clock Delay      (SCD):    0.000ns
    Clock Pessimism Removal (CPR):    0.000ns
  Clock Uncertainty:      0.025ns  ((TSJ^2 + TIJ^2)^1/2 + DJ) / 2 + PE
    Total System Jitter     (TSJ):    0.050ns
    Total Input Jitter      (TIJ):    0.000ns
    Discrete Jitter          (DJ):    0.000ns
    Phase Error              (PE):    0.000ns

    Location             Delay type                Incr(ns)  Path(ns)    Netlist Resource(s)
  -------------------------------------------------------------------    -------------------
    U18                                               0.000     0.000 f  btnC (IN)
                         net (fo=0)                   0.000     0.000    btnC
    U18                  IBUF (Prop_ibuf_I_O)         1.441     1.441 f  btnC_IBUF_inst/O
                         net (fo=2, routed)           2.343     3.784    u_clock_gen/u_mmcm_2
    SLICE_X53Y11         LUT2 (Prop_lut2_I0_O)        0.124     3.908 f  u_clock_gen/byte_idx[1]_i_1/O
                         net (fo=168, routed)         5.739     9.647    u_sccb_init/rst
    SLICE_X8Y70          LUT2 (Prop_lut2_I1_O)        0.152     9.799 r  u_sccb_init/lut_idx_reg_rep_i_8/O
                         net (fo=1, routed)           0.737    10.536    u_sccb_init/lut_idx_reg_rep_i_8_n_0
    RAMB18_X0Y28         RAMB18E1                                     r  u_sccb_init/lut_idx_reg_rep/ADDRARDADDR[4]
  -------------------------------------------------------------------    -------------------

                         (clock sys_clk rise edge)    0.000     0.000 r  
    W5                                                0.000     0.000 r  CLK100MHZ (IN)
                         net (fo=0)                   0.000     0.000    CLK100MHZ
    W5                   IBUF (Prop_ibuf_I_O)         1.388     1.388 r  CLK100MHZ_IBUF_inst/O
                         net (fo=1, routed)           1.862     3.250    CLK100MHZ_IBUF
    BUFGCTRL_X0Y1        BUFG (Prop_bufg_I_O)         0.091     3.341 r  CLK100MHZ_IBUF_BUFG_inst/O
                         net (fo=87, routed)          1.467     4.808    u_sccb_init/CLK100MHZ_IBUF_BUFG
    RAMB18_X0Y28         RAMB18E1                                     r  u_sccb_init/lut_idx_reg_rep/CLKARDCLK

Slack:                    inf
  Source:                 btnC
                            (input port)
  Destination:            u_sccb_init/lut_idx_reg_rep/ADDRARDADDR[5]
                            (rising edge-triggered cell RAMB18E1 clocked by sys_clk  {rise@0.000ns fall@5.000ns period=10.000ns})
  Path Group:             (none)
  Path Type:              Setup (Max at Slow Process Corner)
  Data Path Delay:        10.487ns  (logic 1.689ns (16.109%)  route 8.797ns (83.891%))
  Logic Levels:           3  (IBUF=1 LUT2=1 LUT3=1)
  Clock Path Skew:        4.808ns (DCD - SCD + CPR)
    Destination Clock Delay (DCD):    4.808ns
    Source Clock Delay      (SCD):    0.000ns
    Clock Pessimism Removal (CPR):    0.000ns
  Clock Uncertainty:      0.025ns  ((TSJ^2 + TIJ^2)^1/2 + DJ) / 2 + PE
    Total System Jitter     (TSJ):    0.050ns
    Total Input Jitter      (TIJ):    0.000ns
    Discrete Jitter          (DJ):    0.000ns
    Phase Error              (PE):    0.000ns

    Location             Delay type                Incr(ns)  Path(ns)    Netlist Resource(s)
  -------------------------------------------------------------------    -------------------
    U18                                               0.000     0.000 f  btnC (IN)
                         net (fo=0)                   0.000     0.000    btnC
    U18                  IBUF (Prop_ibuf_I_O)         1.441     1.441 f  btnC_IBUF_inst/O
                         net (fo=2, routed)           2.343     3.784    u_clock_gen/u_mmcm_2
    SLICE_X53Y11         LUT2 (Prop_lut2_I0_O)        0.124     3.908 f  u_clock_gen/byte_idx[1]_i_1/O
                         net (fo=168, routed)         5.739     9.647    u_sccb_init/rst
    SLICE_X8Y70          LUT3 (Prop_lut3_I2_O)        0.124     9.771 r  u_sccb_init/lut_idx_reg_rep_i_7/O
                         net (fo=1, routed)           0.716    10.487    u_sccb_init/lut_idx_reg_rep_i_7_n_0
    RAMB18_X0Y28         RAMB18E1                                     r  u_sccb_init/lut_idx_reg_rep/ADDRARDADDR[5]
  -------------------------------------------------------------------    -------------------

                         (clock sys_clk rise edge)    0.000     0.000 r  
    W5                                                0.000     0.000 r  CLK100MHZ (IN)
                         net (fo=0)                   0.000     0.000    CLK100MHZ
    W5                   IBUF (Prop_ibuf_I_O)         1.388     1.388 r  CLK100MHZ_IBUF_inst/O
                         net (fo=1, routed)           1.862     3.250    CLK100MHZ_IBUF
    BUFGCTRL_X0Y1        BUFG (Prop_bufg_I_O)         0.091     3.341 r  CLK100MHZ_IBUF_BUFG_inst/O
                         net (fo=87, routed)          1.467     4.808    u_sccb_init/CLK100MHZ_IBUF_BUFG
    RAMB18_X0Y28         RAMB18E1                                     r  u_sccb_init/lut_idx_reg_rep/CLKARDCLK

Slack:                    inf
  Source:                 btnC
                            (input port)
  Destination:            u_sccb_init/lut_idx_reg_rep/ADDRARDADDR[8]
                            (rising edge-triggered cell RAMB18E1 clocked by sys_clk  {rise@0.000ns fall@5.000ns period=10.000ns})
  Path Group:             (none)
  Path Type:              Setup (Max at Slow Process Corner)
  Data Path Delay:        10.486ns  (logic 1.689ns (16.111%)  route 8.796ns (83.889%))
  Logic Levels:           3  (IBUF=1 LUT2=1 LUT6=1)
  Clock Path Skew:        4.808ns (DCD - SCD + CPR)
    Destination Clock Delay (DCD):    4.808ns
    Source Clock Delay      (SCD):    0.000ns
    Clock Pessimism Removal (CPR):    0.000ns
  Clock Uncertainty:      0.025ns  ((TSJ^2 + TIJ^2)^1/2 + DJ) / 2 + PE
    Total System Jitter     (TSJ):    0.050ns
    Total Input Jitter      (TIJ):    0.000ns
    Discrete Jitter          (DJ):    0.000ns
    Phase Error              (PE):    0.000ns

    Location             Delay type                Incr(ns)  Path(ns)    Netlist Resource(s)
  -------------------------------------------------------------------    -------------------
    U18                                               0.000     0.000 f  btnC (IN)
                         net (fo=0)                   0.000     0.000    btnC
    U18                  IBUF (Prop_ibuf_I_O)         1.441     1.441 f  btnC_IBUF_inst/O
                         net (fo=2, routed)           2.343     3.784    u_clock_gen/u_mmcm_2
    SLICE_X53Y11         LUT2 (Prop_lut2_I0_O)        0.124     3.908 f  u_clock_gen/byte_idx[1]_i_1/O
                         net (fo=168, routed)         5.734     9.642    u_sccb_init/rst
    SLICE_X8Y70          LUT6 (Prop_lut6_I5_O)        0.124     9.766 r  u_sccb_init/lut_idx_reg_rep_i_4/O
                         net (fo=1, routed)           0.719    10.486    u_sccb_init/lut_idx_reg_rep_i_4_n_0
    RAMB18_X0Y28         RAMB18E1                                     r  u_sccb_init/lut_idx_reg_rep/ADDRARDADDR[8]
  -------------------------------------------------------------------    -------------------

                         (clock sys_clk rise edge)    0.000     0.000 r  
    W5                                                0.000     0.000 r  CLK100MHZ (IN)
                         net (fo=0)                   0.000     0.000    CLK100MHZ
    W5                   IBUF (Prop_ibuf_I_O)         1.388     1.388 r  CLK100MHZ_IBUF_inst/O
                         net (fo=1, routed)           1.862     3.250    CLK100MHZ_IBUF
    BUFGCTRL_X0Y1        BUFG (Prop_bufg_I_O)         0.091     3.341 r  CLK100MHZ_IBUF_BUFG_inst/O
                         net (fo=87, routed)          1.467     4.808    u_sccb_init/CLK100MHZ_IBUF_BUFG
    RAMB18_X0Y28         RAMB18E1                                     r  u_sccb_init/lut_idx_reg_rep/CLKARDCLK

Slack:                    inf
  Source:                 btnC
                            (input port)
  Destination:            u_sccb_init/lut_idx_reg_rep/ADDRARDADDR[9]
                            (rising edge-triggered cell RAMB18E1 clocked by sys_clk  {rise@0.000ns fall@5.000ns period=10.000ns})
  Path Group:             (none)
  Path Type:              Setup (Max at Slow Process Corner)
  Data Path Delay:        10.344ns  (logic 1.717ns (16.601%)  route 8.627ns (83.399%))
  Logic Levels:           3  (IBUF=1 LUT2=2)
  Clock Path Skew:        4.808ns (DCD - SCD + CPR)
    Destination Clock Delay (DCD):    4.808ns
    Source Clock Delay      (SCD):    0.000ns
    Clock Pessimism Removal (CPR):    0.000ns
  Clock Uncertainty:      0.025ns  ((TSJ^2 + TIJ^2)^1/2 + DJ) / 2 + PE
    Total System Jitter     (TSJ):    0.050ns
    Total Input Jitter      (TIJ):    0.000ns
    Discrete Jitter          (DJ):    0.000ns
    Phase Error              (PE):    0.000ns

    Location             Delay type                Incr(ns)  Path(ns)    Netlist Resource(s)
  -------------------------------------------------------------------    -------------------
    U18                                               0.000     0.000 f  btnC (IN)
                         net (fo=0)                   0.000     0.000    btnC
    U18                  IBUF (Prop_ibuf_I_O)         1.441     1.441 f  btnC_IBUF_inst/O
                         net (fo=2, routed)           2.343     3.784    u_clock_gen/u_mmcm_2
    SLICE_X53Y11         LUT2 (Prop_lut2_I0_O)        0.124     3.908 f  u_clock_gen/byte_idx[1]_i_1/O
                         net (fo=168, routed)         5.561     9.469    u_sccb_init/rst
    SLICE_X8Y69          LUT2 (Prop_lut2_I1_O)        0.152     9.621 r  u_sccb_init/lut_idx_reg_rep_i_3/O
                         net (fo=1, routed)           0.723    10.344    u_sccb_init/lut_idx_reg_rep_i_3_n_0
    RAMB18_X0Y28         RAMB18E1                                     r  u_sccb_init/lut_idx_reg_rep/ADDRARDADDR[9]
  -------------------------------------------------------------------    -------------------

                         (clock sys_clk rise edge)    0.000     0.000 r  
    W5                                                0.000     0.000 r  CLK100MHZ (IN)
                         net (fo=0)                   0.000     0.000    CLK100MHZ
    W5                   IBUF (Prop_ibuf_I_O)         1.388     1.388 r  CLK100MHZ_IBUF_inst/O
                         net (fo=1, routed)           1.862     3.250    CLK100MHZ_IBUF
    BUFGCTRL_X0Y1        BUFG (Prop_bufg_I_O)         0.091     3.341 r  CLK100MHZ_IBUF_BUFG_inst/O
                         net (fo=87, routed)          1.467     4.808    u_sccb_init/CLK100MHZ_IBUF_BUFG
    RAMB18_X0Y28         RAMB18E1                                     r  u_sccb_init/lut_idx_reg_rep/CLKARDCLK

Slack:                    inf
  Source:                 btnC
                            (input port)
  Destination:            u_sccb_init/wait_ticks_reg[18]/R
                            (rising edge-triggered cell FDRE clocked by sys_clk  {rise@0.000ns fall@5.000ns period=10.000ns})
  Path Group:             (none)
  Path Type:              Setup (Max at Slow Process Corner)
  Data Path Delay:        10.342ns  (logic 1.565ns (15.136%)  route 8.777ns (84.864%))
  Logic Levels:           2  (IBUF=1 LUT2=1)
  Clock Path Skew:        4.835ns (DCD - SCD + CPR)
    Destination Clock Delay (DCD):    4.835ns
    Source Clock Delay      (SCD):    0.000ns
    Clock Pessimism Removal (CPR):    0.000ns
  Clock Uncertainty:      0.025ns  ((TSJ^2 + TIJ^2)^1/2 + DJ) / 2 + PE
    Total System Jitter     (TSJ):    0.050ns
    Total Input Jitter      (TIJ):    0.000ns
    Discrete Jitter          (DJ):    0.000ns
    Phase Error              (PE):    0.000ns

    Location             Delay type                Incr(ns)  Path(ns)    Netlist Resource(s)
  -------------------------------------------------------------------    -------------------
    U18                                               0.000     0.000 r  btnC (IN)
                         net (fo=0)                   0.000     0.000    btnC
    U18                  IBUF (Prop_ibuf_I_O)         1.441     1.441 r  btnC_IBUF_inst/O
                         net (fo=2, routed)           2.343     3.784    u_clock_gen/u_mmcm_2
    SLICE_X53Y11         LUT2 (Prop_lut2_I0_O)        0.124     3.908 r  u_clock_gen/byte_idx[1]_i_1/O
                         net (fo=168, routed)         6.434    10.342    u_sccb_init/rst
    SLICE_X3Y73          FDRE                                         r  u_sccb_init/wait_ticks_reg[18]/R
  -------------------------------------------------------------------    -------------------

                         (clock sys_clk rise edge)    0.000     0.000 r  
    W5                                                0.000     0.000 r  CLK100MHZ (IN)
                         net (fo=0)                   0.000     0.000    CLK100MHZ
    W5                   IBUF (Prop_ibuf_I_O)         1.388     1.388 r  CLK100MHZ_IBUF_inst/O
                         net (fo=1, routed)           1.862     3.250    CLK100MHZ_IBUF
    BUFGCTRL_X0Y1        BUFG (Prop_bufg_I_O)         0.091     3.341 r  CLK100MHZ_IBUF_BUFG_inst/O
                         net (fo=87, routed)          1.494     4.835    u_sccb_init/CLK100MHZ_IBUF_BUFG
    SLICE_X3Y73          FDRE                                         r  u_sccb_init/wait_ticks_reg[18]/C

Slack:                    inf
  Source:                 btnC
                            (input port)
  Destination:            u_sccb_init/wait_ticks_reg[19]/R
                            (rising edge-triggered cell FDRE clocked by sys_clk  {rise@0.000ns fall@5.000ns period=10.000ns})
  Path Group:             (none)
  Path Type:              Setup (Max at Slow Process Corner)
  Data Path Delay:        10.342ns  (logic 1.565ns (15.136%)  route 8.777ns (84.864%))
  Logic Levels:           2  (IBUF=1 LUT2=1)
  Clock Path Skew:        4.835ns (DCD - SCD + CPR)
    Destination Clock Delay (DCD):    4.835ns
    Source Clock Delay      (SCD):    0.000ns
    Clock Pessimism Removal (CPR):    0.000ns
  Clock Uncertainty:      0.025ns  ((TSJ^2 + TIJ^2)^1/2 + DJ) / 2 + PE
    Total System Jitter     (TSJ):    0.050ns
    Total Input Jitter      (TIJ):    0.000ns
    Discrete Jitter          (DJ):    0.000ns
    Phase Error              (PE):    0.000ns

    Location             Delay type                Incr(ns)  Path(ns)    Netlist Resource(s)
  -------------------------------------------------------------------    -------------------
    U18                                               0.000     0.000 r  btnC (IN)
                         net (fo=0)                   0.000     0.000    btnC
    U18                  IBUF (Prop_ibuf_I_O)         1.441     1.441 r  btnC_IBUF_inst/O
                         net (fo=2, routed)           2.343     3.784    u_clock_gen/u_mmcm_2
    SLICE_X53Y11         LUT2 (Prop_lut2_I0_O)        0.124     3.908 r  u_clock_gen/byte_idx[1]_i_1/O
                         net (fo=168, routed)         6.434    10.342    u_sccb_init/rst
    SLICE_X3Y73          FDRE                                         r  u_sccb_init/wait_ticks_reg[19]/R
  -------------------------------------------------------------------    -------------------

                         (clock sys_clk rise edge)    0.000     0.000 r  
    W5                                                0.000     0.000 r  CLK100MHZ (IN)
                         net (fo=0)                   0.000     0.000    CLK100MHZ
    W5                   IBUF (Prop_ibuf_I_O)         1.388     1.388 r  CLK100MHZ_IBUF_inst/O
                         net (fo=1, routed)           1.862     3.250    CLK100MHZ_IBUF
    BUFGCTRL_X0Y1        BUFG (Prop_bufg_I_O)         0.091     3.341 r  CLK100MHZ_IBUF_BUFG_inst/O
                         net (fo=87, routed)          1.494     4.835    u_sccb_init/CLK100MHZ_IBUF_BUFG
    SLICE_X3Y73          FDRE                                         r  u_sccb_init/wait_ticks_reg[19]/C

Slack:                    inf
  Source:                 btnC
                            (input port)
  Destination:            u_sccb_init/wait_ticks_reg[20]/R
                            (rising edge-triggered cell FDRE clocked by sys_clk  {rise@0.000ns fall@5.000ns period=10.000ns})
  Path Group:             (none)
  Path Type:              Setup (Max at Slow Process Corner)
  Data Path Delay:        10.342ns  (logic 1.565ns (15.136%)  route 8.777ns (84.864%))
  Logic Levels:           2  (IBUF=1 LUT2=1)
  Clock Path Skew:        4.835ns (DCD - SCD + CPR)
    Destination Clock Delay (DCD):    4.835ns
    Source Clock Delay      (SCD):    0.000ns
    Clock Pessimism Removal (CPR):    0.000ns
  Clock Uncertainty:      0.025ns  ((TSJ^2 + TIJ^2)^1/2 + DJ) / 2 + PE
    Total System Jitter     (TSJ):    0.050ns
    Total Input Jitter      (TIJ):    0.000ns
    Discrete Jitter          (DJ):    0.000ns
    Phase Error              (PE):    0.000ns

    Location             Delay type                Incr(ns)  Path(ns)    Netlist Resource(s)
  -------------------------------------------------------------------    -------------------
    U18                                               0.000     0.000 r  btnC (IN)
                         net (fo=0)                   0.000     0.000    btnC
    U18                  IBUF (Prop_ibuf_I_O)         1.441     1.441 r  btnC_IBUF_inst/O
                         net (fo=2, routed)           2.343     3.784    u_clock_gen/u_mmcm_2
    SLICE_X53Y11         LUT2 (Prop_lut2_I0_O)        0.124     3.908 r  u_clock_gen/byte_idx[1]_i_1/O
                         net (fo=168, routed)         6.434    10.342    u_sccb_init/rst
    SLICE_X3Y73          FDRE                                         r  u_sccb_init/wait_ticks_reg[20]/R
  -------------------------------------------------------------------    -------------------

                         (clock sys_clk rise edge)    0.000     0.000 r  
    W5                                                0.000     0.000 r  CLK100MHZ (IN)
                         net (fo=0)                   0.000     0.000    CLK100MHZ
    W5                   IBUF (Prop_ibuf_I_O)         1.388     1.388 r  CLK100MHZ_IBUF_inst/O
                         net (fo=1, routed)           1.862     3.250    CLK100MHZ_IBUF
    BUFGCTRL_X0Y1        BUFG (Prop_bufg_I_O)         0.091     3.341 r  CLK100MHZ_IBUF_BUFG_inst/O
                         net (fo=87, routed)          1.494     4.835    u_sccb_init/CLK100MHZ_IBUF_BUFG
    SLICE_X3Y73          FDRE                                         r  u_sccb_init/wait_ticks_reg[20]/C

Slack:                    inf
  Source:                 btnC
                            (input port)
  Destination:            u_sccb_init/wait_ticks_reg[21]/R
                            (rising edge-triggered cell FDRE clocked by sys_clk  {rise@0.000ns fall@5.000ns period=10.000ns})
  Path Group:             (none)
  Path Type:              Setup (Max at Slow Process Corner)
  Data Path Delay:        10.342ns  (logic 1.565ns (15.136%)  route 8.777ns (84.864%))
  Logic Levels:           2  (IBUF=1 LUT2=1)
  Clock Path Skew:        4.835ns (DCD - SCD + CPR)
    Destination Clock Delay (DCD):    4.835ns
    Source Clock Delay      (SCD):    0.000ns
    Clock Pessimism Removal (CPR):    0.000ns
  Clock Uncertainty:      0.025ns  ((TSJ^2 + TIJ^2)^1/2 + DJ) / 2 + PE
    Total System Jitter     (TSJ):    0.050ns
    Total Input Jitter      (TIJ):    0.000ns
    Discrete Jitter          (DJ):    0.000ns
    Phase Error              (PE):    0.000ns

    Location             Delay type                Incr(ns)  Path(ns)    Netlist Resource(s)
  -------------------------------------------------------------------    -------------------
    U18                                               0.000     0.000 r  btnC (IN)
                         net (fo=0)                   0.000     0.000    btnC
    U18                  IBUF (Prop_ibuf_I_O)         1.441     1.441 r  btnC_IBUF_inst/O
                         net (fo=2, routed)           2.343     3.784    u_clock_gen/u_mmcm_2
    SLICE_X53Y11         LUT2 (Prop_lut2_I0_O)        0.124     3.908 r  u_clock_gen/byte_idx[1]_i_1/O
                         net (fo=168, routed)         6.434    10.342    u_sccb_init/rst
    SLICE_X3Y73          FDRE                                         r  u_sccb_init/wait_ticks_reg[21]/R
  -------------------------------------------------------------------    -------------------

                         (clock sys_clk rise edge)    0.000     0.000 r  
    W5                                                0.000     0.000 r  CLK100MHZ (IN)
                         net (fo=0)                   0.000     0.000    CLK100MHZ
    W5                   IBUF (Prop_ibuf_I_O)         1.388     1.388 r  CLK100MHZ_IBUF_inst/O
                         net (fo=1, routed)           1.862     3.250    CLK100MHZ_IBUF
    BUFGCTRL_X0Y1        BUFG (Prop_bufg_I_O)         0.091     3.341 r  CLK100MHZ_IBUF_BUFG_inst/O
                         net (fo=87, routed)          1.494     4.835    u_sccb_init/CLK100MHZ_IBUF_BUFG
    SLICE_X3Y73          FDRE                                         r  u_sccb_init/wait_ticks_reg[21]/C

Slack:                    inf
  Source:                 btnC
                            (input port)
  Destination:            u_sccb_init/wait_ticks_reg[22]/R
                            (rising edge-triggered cell FDRE clocked by sys_clk  {rise@0.000ns fall@5.000ns period=10.000ns})
  Path Group:             (none)
  Path Type:              Setup (Max at Slow Process Corner)
  Data Path Delay:        10.342ns  (logic 1.565ns (15.136%)  route 8.777ns (84.864%))
  Logic Levels:           2  (IBUF=1 LUT2=1)
  Clock Path Skew:        4.835ns (DCD - SCD + CPR)
    Destination Clock Delay (DCD):    4.835ns
    Source Clock Delay      (SCD):    0.000ns
    Clock Pessimism Removal (CPR):    0.000ns
  Clock Uncertainty:      0.025ns  ((TSJ^2 + TIJ^2)^1/2 + DJ) / 2 + PE
    Total System Jitter     (TSJ):    0.050ns
    Total Input Jitter      (TIJ):    0.000ns
    Discrete Jitter          (DJ):    0.000ns
    Phase Error              (PE):    0.000ns

    Location             Delay type                Incr(ns)  Path(ns)    Netlist Resource(s)
  -------------------------------------------------------------------    -------------------
    U18                                               0.000     0.000 r  btnC (IN)
                         net (fo=0)                   0.000     0.000    btnC
    U18                  IBUF (Prop_ibuf_I_O)         1.441     1.441 r  btnC_IBUF_inst/O
                         net (fo=2, routed)           2.343     3.784    u_clock_gen/u_mmcm_2
    SLICE_X53Y11         LUT2 (Prop_lut2_I0_O)        0.124     3.908 r  u_clock_gen/byte_idx[1]_i_1/O
                         net (fo=168, routed)         6.434    10.342    u_sccb_init/rst
    SLICE_X3Y73          FDRE                                         r  u_sccb_init/wait_ticks_reg[22]/R
  -------------------------------------------------------------------    -------------------

                         (clock sys_clk rise edge)    0.000     0.000 r  
    W5                                                0.000     0.000 r  CLK100MHZ (IN)
                         net (fo=0)                   0.000     0.000    CLK100MHZ
    W5                   IBUF (Prop_ibuf_I_O)         1.388     1.388 r  CLK100MHZ_IBUF_inst/O
                         net (fo=1, routed)           1.862     3.250    CLK100MHZ_IBUF
    BUFGCTRL_X0Y1        BUFG (Prop_bufg_I_O)         0.091     3.341 r  CLK100MHZ_IBUF_BUFG_inst/O
                         net (fo=87, routed)          1.494     4.835    u_sccb_init/CLK100MHZ_IBUF_BUFG
    SLICE_X3Y73          FDRE                                         r  u_sccb_init/wait_ticks_reg[22]/C





Min Delay Paths
--------------------------------------------------------------------------------------
Slack:                    inf
  Source:                 cam_siod
                            (input port)
  Destination:            u_sccb_init/ack_error_reg/D
                            (rising edge-triggered cell FDRE clocked by sys_clk  {rise@0.000ns fall@5.000ns period=10.000ns})
  Path Group:             (none)
  Path Type:              Hold (Min at Fast Process Corner)
  Data Path Delay:        1.533ns  (logic 0.216ns (14.118%)  route 1.316ns (85.882%))
  Logic Levels:           1  (IBUF=1)
  Clock Path Skew:        1.979ns (DCD - SCD - CPR)
    Destination Clock Delay (DCD):    1.979ns
    Source Clock Delay      (SCD):    0.000ns
    Clock Pessimism Removal (CPR):    -0.000ns

    Location             Delay type                Incr(ns)  Path(ns)    Netlist Resource(s)
  -------------------------------------------------------------------    -------------------
    A15                                               0.000     0.000 r  cam_siod (INOUT)
                         net (fo=1, unset)            0.000     0.000    cam_siod_IOBUF_inst/IO
    A15                  IBUF (Prop_ibuf_I_O)         0.216     0.216 r  cam_siod_IOBUF_inst/IBUF/O
                         net (fo=2, routed)           1.316     1.533    u_sccb_init/cam_siod_IBUF
    SLICE_X0Y71          FDRE                                         r  u_sccb_init/ack_error_reg/D
  -------------------------------------------------------------------    -------------------

                         (clock sys_clk rise edge)    0.000     0.000 r  
    W5                                                0.000     0.000 r  CLK100MHZ (IN)
                         net (fo=0)                   0.000     0.000    CLK100MHZ
    W5                   IBUF (Prop_ibuf_I_O)         0.414     0.414 r  CLK100MHZ_IBUF_inst/O
                         net (fo=1, routed)           0.685     1.099    CLK100MHZ_IBUF
    BUFGCTRL_X0Y1        BUFG (Prop_bufg_I_O)         0.029     1.128 r  CLK100MHZ_IBUF_BUFG_inst/O
                         net (fo=87, routed)          0.851     1.979    u_sccb_init/CLK100MHZ_IBUF_BUFG
    SLICE_X0Y71          FDRE                                         r  u_sccb_init/ack_error_reg/C

Slack:                    inf
  Source:                 cam_siod
                            (input port)
  Destination:            u_sccb_init/ack_error_reg/CE
                            (rising edge-triggered cell FDRE clocked by sys_clk  {rise@0.000ns fall@5.000ns period=10.000ns})
  Path Group:             (none)
  Path Type:              Hold (Min at Fast Process Corner)
  Data Path Delay:        1.854ns  (logic 0.261ns (14.097%)  route 1.593ns (85.903%))
  Logic Levels:           2  (IBUF=1 LUT6=1)
  Clock Path Skew:        1.979ns (DCD - SCD - CPR)
    Destination Clock Delay (DCD):    1.979ns
    Source Clock Delay      (SCD):    0.000ns
    Clock Pessimism Removal (CPR):    -0.000ns

    Location             Delay type                Incr(ns)  Path(ns)    Netlist Resource(s)
  -------------------------------------------------------------------    -------------------
    A15                                               0.000     0.000 r  cam_siod (INOUT)
                         net (fo=1, unset)            0.000     0.000    cam_siod_IOBUF_inst/IO
    A15                  IBUF (Prop_ibuf_I_O)         0.216     0.216 r  cam_siod_IOBUF_inst/IBUF/O
                         net (fo=2, routed)           1.476     1.693    u_sccb_init/cam_siod_IBUF
    SLICE_X1Y71          LUT6 (Prop_lut6_I1_O)        0.045     1.738 r  u_sccb_init/ack_error_i_1/O
                         net (fo=1, routed)           0.116     1.854    u_sccb_init/ack_error0_out
    SLICE_X0Y71          FDRE                                         r  u_sccb_init/ack_error_reg/CE
  -------------------------------------------------------------------    -------------------

                         (clock sys_clk rise edge)    0.000     0.000 r  
    W5                                                0.000     0.000 r  CLK100MHZ (IN)
                         net (fo=0)                   0.000     0.000    CLK100MHZ
    W5                   IBUF (Prop_ibuf_I_O)         0.414     0.414 r  CLK100MHZ_IBUF_inst/O
                         net (fo=1, routed)           0.685     1.099    CLK100MHZ_IBUF
    BUFGCTRL_X0Y1        BUFG (Prop_bufg_I_O)         0.029     1.128 r  CLK100MHZ_IBUF_BUFG_inst/O
                         net (fo=87, routed)          0.851     1.979    u_sccb_init/CLK100MHZ_IBUF_BUFG
    SLICE_X0Y71          FDRE                                         r  u_sccb_init/ack_error_reg/C

Slack:                    inf
  Source:                 u_clock_gen/u_mmcm/LOCKED
                            (internal pin)
  Destination:            u_sccb_init/clk_div_reg[0]/R
                            (rising edge-triggered cell FDRE clocked by sys_clk  {rise@0.000ns fall@5.000ns period=10.000ns})
  Path Group:             (none)
  Path Type:              Hold (Min at Fast Process Corner)
  Data Path Delay:        2.832ns  (logic 0.091ns (3.214%)  route 2.741ns (96.786%))
  Logic Levels:           2  (LUT2=2)
  Clock Uncertainty:      0.025ns  ((TSJ^2 + TIJ^2)^1/2 + DJ) / 2 + PE
    Total System Jitter     (TSJ):    0.050ns
    Total Input Jitter      (TIJ):    0.000ns
    Discrete Jitter          (DJ):    0.000ns
    Phase Error              (PE):    0.000ns

    Location             Delay type                Incr(ns)  Path(ns)    Netlist Resource(s)
  -------------------------------------------------------------------    -------------------
    MMCME2_ADV_X1Y0      MMCME2_ADV                   0.000     0.000 f  u_clock_gen/u_mmcm/LOCKED
                         net (fo=1, routed)           0.723     0.723    u_clock_gen/clk25_locked
    SLICE_X53Y11         LUT2 (Prop_lut2_I1_O)        0.045     0.768 r  u_clock_gen/byte_idx[1]_i_1/O
                         net (fo=168, routed)         1.821     2.589    u_clock_gen/rst
    SLICE_X30Y55         LUT2 (Prop_lut2_I0_O)        0.046     2.635 r  u_clock_gen/clk_div[0]_i_1/O
                         net (fo=16, routed)          0.197     2.832    u_sccb_init/clk_div_reg[0]_0
    SLICE_X29Y55         FDRE                                         r  u_sccb_init/clk_div_reg[0]/R
  -------------------------------------------------------------------    -------------------

                         (clock sys_clk rise edge)    0.000     0.000 r  
    W5                                                0.000     0.000 r  CLK100MHZ (IN)
                         net (fo=0)                   0.000     0.000    CLK100MHZ
    W5                   IBUF (Prop_ibuf_I_O)         0.414     0.414 r  CLK100MHZ_IBUF_inst/O
                         net (fo=1, routed)           0.685     1.099    CLK100MHZ_IBUF
    BUFGCTRL_X0Y1        BUFG (Prop_bufg_I_O)         0.029     1.128 r  CLK100MHZ_IBUF_BUFG_inst/O
                         net (fo=87, routed)          0.831     1.958    u_sccb_init/CLK100MHZ_IBUF_BUFG
    SLICE_X29Y55         FDRE                                         r  u_sccb_init/clk_div_reg[0]/C

Slack:                    inf
  Source:                 u_clock_gen/u_mmcm/LOCKED
                            (internal pin)
  Destination:            u_sccb_init/clk_div_reg[1]/R
                            (rising edge-triggered cell FDRE clocked by sys_clk  {rise@0.000ns fall@5.000ns period=10.000ns})
  Path Group:             (none)
  Path Type:              Hold (Min at Fast Process Corner)
  Data Path Delay:        2.832ns  (logic 0.091ns (3.214%)  route 2.741ns (96.786%))
  Logic Levels:           2  (LUT2=2)
  Clock Uncertainty:      0.025ns  ((TSJ^2 + TIJ^2)^1/2 + DJ) / 2 + PE
    Total System Jitter     (TSJ):    0.050ns
    Total Input Jitter      (TIJ):    0.000ns
    Discrete Jitter          (DJ):    0.000ns
    Phase Error              (PE):    0.000ns

    Location             Delay type                Incr(ns)  Path(ns)    Netlist Resource(s)
  -------------------------------------------------------------------    -------------------
    MMCME2_ADV_X1Y0      MMCME2_ADV                   0.000     0.000 f  u_clock_gen/u_mmcm/LOCKED
                         net (fo=1, routed)           0.723     0.723    u_clock_gen/clk25_locked
    SLICE_X53Y11         LUT2 (Prop_lut2_I1_O)        0.045     0.768 r  u_clock_gen/byte_idx[1]_i_1/O
                         net (fo=168, routed)         1.821     2.589    u_clock_gen/rst
    SLICE_X30Y55         LUT2 (Prop_lut2_I0_O)        0.046     2.635 r  u_clock_gen/clk_div[0]_i_1/O
                         net (fo=16, routed)          0.197     2.832    u_sccb_init/clk_div_reg[0]_0
    SLICE_X29Y55         FDRE                                         r  u_sccb_init/clk_div_reg[1]/R
  -------------------------------------------------------------------    -------------------

                         (clock sys_clk rise edge)    0.000     0.000 r  
    W5                                                0.000     0.000 r  CLK100MHZ (IN)
                         net (fo=0)                   0.000     0.000    CLK100MHZ
    W5                   IBUF (Prop_ibuf_I_O)         0.414     0.414 r  CLK100MHZ_IBUF_inst/O
                         net (fo=1, routed)           0.685     1.099    CLK100MHZ_IBUF
    BUFGCTRL_X0Y1        BUFG (Prop_bufg_I_O)         0.029     1.128 r  CLK100MHZ_IBUF_BUFG_inst/O
                         net (fo=87, routed)          0.831     1.958    u_sccb_init/CLK100MHZ_IBUF_BUFG
    SLICE_X29Y55         FDRE                                         r  u_sccb_init/clk_div_reg[1]/C

Slack:                    inf
  Source:                 u_clock_gen/u_mmcm/LOCKED
                            (internal pin)
  Destination:            u_sccb_init/clk_div_reg[2]/R
                            (rising edge-triggered cell FDRE clocked by sys_clk  {rise@0.000ns fall@5.000ns period=10.000ns})
  Path Group:             (none)
  Path Type:              Hold (Min at Fast Process Corner)
  Data Path Delay:        2.832ns  (logic 0.091ns (3.214%)  route 2.741ns (96.786%))
  Logic Levels:           2  (LUT2=2)
  Clock Uncertainty:      0.025ns  ((TSJ^2 + TIJ^2)^1/2 + DJ) / 2 + PE
    Total System Jitter     (TSJ):    0.050ns
    Total Input Jitter      (TIJ):    0.000ns
    Discrete Jitter          (DJ):    0.000ns
    Phase Error              (PE):    0.000ns

    Location             Delay type                Incr(ns)  Path(ns)    Netlist Resource(s)
  -------------------------------------------------------------------    -------------------
    MMCME2_ADV_X1Y0      MMCME2_ADV                   0.000     0.000 f  u_clock_gen/u_mmcm/LOCKED
                         net (fo=1, routed)           0.723     0.723    u_clock_gen/clk25_locked
    SLICE_X53Y11         LUT2 (Prop_lut2_I1_O)        0.045     0.768 r  u_clock_gen/byte_idx[1]_i_1/O
                         net (fo=168, routed)         1.821     2.589    u_clock_gen/rst
    SLICE_X30Y55         LUT2 (Prop_lut2_I0_O)        0.046     2.635 r  u_clock_gen/clk_div[0]_i_1/O
                         net (fo=16, routed)          0.197     2.832    u_sccb_init/clk_div_reg[0]_0
    SLICE_X29Y55         FDRE                                         r  u_sccb_init/clk_div_reg[2]/R
  -------------------------------------------------------------------    -------------------

                         (clock sys_clk rise edge)    0.000     0.000 r  
    W5                                                0.000     0.000 r  CLK100MHZ (IN)
                         net (fo=0)                   0.000     0.000    CLK100MHZ
    W5                   IBUF (Prop_ibuf_I_O)         0.414     0.414 r  CLK100MHZ_IBUF_inst/O
                         net (fo=1, routed)           0.685     1.099    CLK100MHZ_IBUF
    BUFGCTRL_X0Y1        BUFG (Prop_bufg_I_O)         0.029     1.128 r  CLK100MHZ_IBUF_BUFG_inst/O
                         net (fo=87, routed)          0.831     1.958    u_sccb_init/CLK100MHZ_IBUF_BUFG
    SLICE_X29Y55         FDRE                                         r  u_sccb_init/clk_div_reg[2]/C

Slack:                    inf
  Source:                 u_clock_gen/u_mmcm/LOCKED
                            (internal pin)
  Destination:            u_sccb_init/clk_div_reg[3]/R
                            (rising edge-triggered cell FDRE clocked by sys_clk  {rise@0.000ns fall@5.000ns period=10.000ns})
  Path Group:             (none)
  Path Type:              Hold (Min at Fast Process Corner)
  Data Path Delay:        2.832ns  (logic 0.091ns (3.214%)  route 2.741ns (96.786%))
  Logic Levels:           2  (LUT2=2)
  Clock Uncertainty:      0.025ns  ((TSJ^2 + TIJ^2)^1/2 + DJ) / 2 + PE
    Total System Jitter     (TSJ):    0.050ns
    Total Input Jitter      (TIJ):    0.000ns
    Discrete Jitter          (DJ):    0.000ns
    Phase Error              (PE):    0.000ns

    Location             Delay type                Incr(ns)  Path(ns)    Netlist Resource(s)
  -------------------------------------------------------------------    -------------------
    MMCME2_ADV_X1Y0      MMCME2_ADV                   0.000     0.000 f  u_clock_gen/u_mmcm/LOCKED
                         net (fo=1, routed)           0.723     0.723    u_clock_gen/clk25_locked
    SLICE_X53Y11         LUT2 (Prop_lut2_I1_O)        0.045     0.768 r  u_clock_gen/byte_idx[1]_i_1/O
                         net (fo=168, routed)         1.821     2.589    u_clock_gen/rst
    SLICE_X30Y55         LUT2 (Prop_lut2_I0_O)        0.046     2.635 r  u_clock_gen/clk_div[0]_i_1/O
                         net (fo=16, routed)          0.197     2.832    u_sccb_init/clk_div_reg[0]_0
    SLICE_X29Y55         FDRE                                         r  u_sccb_init/clk_div_reg[3]/R
  -------------------------------------------------------------------    -------------------

                         (clock sys_clk rise edge)    0.000     0.000 r  
    W5                                                0.000     0.000 r  CLK100MHZ (IN)
                         net (fo=0)                   0.000     0.000    CLK100MHZ
    W5                   IBUF (Prop_ibuf_I_O)         0.414     0.414 r  CLK100MHZ_IBUF_inst/O
                         net (fo=1, routed)           0.685     1.099    CLK100MHZ_IBUF
    BUFGCTRL_X0Y1        BUFG (Prop_bufg_I_O)         0.029     1.128 r  CLK100MHZ_IBUF_BUFG_inst/O
                         net (fo=87, routed)          0.831     1.958    u_sccb_init/CLK100MHZ_IBUF_BUFG
    SLICE_X29Y55         FDRE                                         r  u_sccb_init/clk_div_reg[3]/C

Slack:                    inf
  Source:                 u_clock_gen/u_mmcm/LOCKED
                            (internal pin)
  Destination:            u_sccb_init/clk_div_reg[4]/R
                            (rising edge-triggered cell FDRE clocked by sys_clk  {rise@0.000ns fall@5.000ns period=10.000ns})
  Path Group:             (none)
  Path Type:              Hold (Min at Fast Process Corner)
  Data Path Delay:        2.848ns  (logic 0.091ns (3.196%)  route 2.757ns (96.804%))
  Logic Levels:           2  (LUT2=2)
  Clock Uncertainty:      0.025ns  ((TSJ^2 + TIJ^2)^1/2 + DJ) / 2 + PE
    Total System Jitter     (TSJ):    0.050ns
    Total Input Jitter      (TIJ):    0.000ns
    Discrete Jitter          (DJ):    0.000ns
    Phase Error              (PE):    0.000ns

    Location             Delay type                Incr(ns)  Path(ns)    Netlist Resource(s)
  -------------------------------------------------------------------    -------------------
    MMCME2_ADV_X1Y0      MMCME2_ADV                   0.000     0.000 f  u_clock_gen/u_mmcm/LOCKED
                         net (fo=1, routed)           0.723     0.723    u_clock_gen/clk25_locked
    SLICE_X53Y11         LUT2 (Prop_lut2_I1_O)        0.045     0.768 r  u_clock_gen/byte_idx[1]_i_1/O
                         net (fo=168, routed)         1.821     2.589    u_clock_gen/rst
    SLICE_X30Y55         LUT2 (Prop_lut2_I0_O)        0.046     2.635 r  u_clock_gen/clk_div[0]_i_1/O
                         net (fo=16, routed)          0.213     2.848    u_sccb_init/clk_div_reg[0]_0
    SLICE_X29Y56         FDRE                                         r  u_sccb_init/clk_div_reg[4]/R
  -------------------------------------------------------------------    -------------------

                         (clock sys_clk rise edge)    0.000     0.000 r  
    W5                                                0.000     0.000 r  CLK100MHZ (IN)
                         net (fo=0)                   0.000     0.000    CLK100MHZ
    W5                   IBUF (Prop_ibuf_I_O)         0.414     0.414 r  CLK100MHZ_IBUF_inst/O
                         net (fo=1, routed)           0.685     1.099    CLK100MHZ_IBUF
    BUFGCTRL_X0Y1        BUFG (Prop_bufg_I_O)         0.029     1.128 r  CLK100MHZ_IBUF_BUFG_inst/O
                         net (fo=87, routed)          0.831     1.958    u_sccb_init/CLK100MHZ_IBUF_BUFG
    SLICE_X29Y56         FDRE                                         r  u_sccb_init/clk_div_reg[4]/C

Slack:                    inf
  Source:                 u_clock_gen/u_mmcm/LOCKED
                            (internal pin)
  Destination:            u_sccb_init/clk_div_reg[5]/R
                            (rising edge-triggered cell FDRE clocked by sys_clk  {rise@0.000ns fall@5.000ns period=10.000ns})
  Path Group:             (none)
  Path Type:              Hold (Min at Fast Process Corner)
  Data Path Delay:        2.848ns  (logic 0.091ns (3.196%)  route 2.757ns (96.804%))
  Logic Levels:           2  (LUT2=2)
  Clock Uncertainty:      0.025ns  ((TSJ^2 + TIJ^2)^1/2 + DJ) / 2 + PE
    Total System Jitter     (TSJ):    0.050ns
    Total Input Jitter      (TIJ):    0.000ns
    Discrete Jitter          (DJ):    0.000ns
    Phase Error              (PE):    0.000ns

    Location             Delay type                Incr(ns)  Path(ns)    Netlist Resource(s)
  -------------------------------------------------------------------    -------------------
    MMCME2_ADV_X1Y0      MMCME2_ADV                   0.000     0.000 f  u_clock_gen/u_mmcm/LOCKED
                         net (fo=1, routed)           0.723     0.723    u_clock_gen/clk25_locked
    SLICE_X53Y11         LUT2 (Prop_lut2_I1_O)        0.045     0.768 r  u_clock_gen/byte_idx[1]_i_1/O
                         net (fo=168, routed)         1.821     2.589    u_clock_gen/rst
    SLICE_X30Y55         LUT2 (Prop_lut2_I0_O)        0.046     2.635 r  u_clock_gen/clk_div[0]_i_1/O
                         net (fo=16, routed)          0.213     2.848    u_sccb_init/clk_div_reg[0]_0
    SLICE_X29Y56         FDRE                                         r  u_sccb_init/clk_div_reg[5]/R
  -------------------------------------------------------------------    -------------------

                         (clock sys_clk rise edge)    0.000     0.000 r  
    W5                                                0.000     0.000 r  CLK100MHZ (IN)
                         net (fo=0)                   0.000     0.000    CLK100MHZ
    W5                   IBUF (Prop_ibuf_I_O)         0.414     0.414 r  CLK100MHZ_IBUF_inst/O
                         net (fo=1, routed)           0.685     1.099    CLK100MHZ_IBUF
    BUFGCTRL_X0Y1        BUFG (Prop_bufg_I_O)         0.029     1.128 r  CLK100MHZ_IBUF_BUFG_inst/O
                         net (fo=87, routed)          0.831     1.958    u_sccb_init/CLK100MHZ_IBUF_BUFG
    SLICE_X29Y56         FDRE                                         r  u_sccb_init/clk_div_reg[5]/C

Slack:                    inf
  Source:                 u_clock_gen/u_mmcm/LOCKED
                            (internal pin)
  Destination:            u_sccb_init/clk_div_reg[6]/R
                            (rising edge-triggered cell FDRE clocked by sys_clk  {rise@0.000ns fall@5.000ns period=10.000ns})
  Path Group:             (none)
  Path Type:              Hold (Min at Fast Process Corner)
  Data Path Delay:        2.848ns  (logic 0.091ns (3.196%)  route 2.757ns (96.804%))
  Logic Levels:           2  (LUT2=2)
  Clock Uncertainty:      0.025ns  ((TSJ^2 + TIJ^2)^1/2 + DJ) / 2 + PE
    Total System Jitter     (TSJ):    0.050ns
    Total Input Jitter      (TIJ):    0.000ns
    Discrete Jitter          (DJ):    0.000ns
    Phase Error              (PE):    0.000ns

    Location             Delay type                Incr(ns)  Path(ns)    Netlist Resource(s)
  -------------------------------------------------------------------    -------------------
    MMCME2_ADV_X1Y0      MMCME2_ADV                   0.000     0.000 f  u_clock_gen/u_mmcm/LOCKED
                         net (fo=1, routed)           0.723     0.723    u_clock_gen/clk25_locked
    SLICE_X53Y11         LUT2 (Prop_lut2_I1_O)        0.045     0.768 r  u_clock_gen/byte_idx[1]_i_1/O
                         net (fo=168, routed)         1.821     2.589    u_clock_gen/rst
    SLICE_X30Y55         LUT2 (Prop_lut2_I0_O)        0.046     2.635 r  u_clock_gen/clk_div[0]_i_1/O
                         net (fo=16, routed)          0.213     2.848    u_sccb_init/clk_div_reg[0]_0
    SLICE_X29Y56         FDRE                                         r  u_sccb_init/clk_div_reg[6]/R
  -------------------------------------------------------------------    -------------------

                         (clock sys_clk rise edge)    0.000     0.000 r  
    W5                                                0.000     0.000 r  CLK100MHZ (IN)
                         net (fo=0)                   0.000     0.000    CLK100MHZ
    W5                   IBUF (Prop_ibuf_I_O)         0.414     0.414 r  CLK100MHZ_IBUF_inst/O
                         net (fo=1, routed)           0.685     1.099    CLK100MHZ_IBUF
    BUFGCTRL_X0Y1        BUFG (Prop_bufg_I_O)         0.029     1.128 r  CLK100MHZ_IBUF_BUFG_inst/O
                         net (fo=87, routed)          0.831     1.958    u_sccb_init/CLK100MHZ_IBUF_BUFG
    SLICE_X29Y56         FDRE                                         r  u_sccb_init/clk_div_reg[6]/C

Slack:                    inf
  Source:                 u_clock_gen/u_mmcm/LOCKED
                            (internal pin)
  Destination:            u_sccb_init/clk_div_reg[7]/R
                            (rising edge-triggered cell FDRE clocked by sys_clk  {rise@0.000ns fall@5.000ns period=10.000ns})
  Path Group:             (none)
  Path Type:              Hold (Min at Fast Process Corner)
  Data Path Delay:        2.848ns  (logic 0.091ns (3.196%)  route 2.757ns (96.804%))
  Logic Levels:           2  (LUT2=2)
  Clock Uncertainty:      0.025ns  ((TSJ^2 + TIJ^2)^1/2 + DJ) / 2 + PE
    Total System Jitter     (TSJ):    0.050ns
    Total Input Jitter      (TIJ):    0.000ns
    Discrete Jitter          (DJ):    0.000ns
    Phase Error              (PE):    0.000ns

    Location             Delay type                Incr(ns)  Path(ns)    Netlist Resource(s)
  -------------------------------------------------------------------    -------------------
    MMCME2_ADV_X1Y0      MMCME2_ADV                   0.000     0.000 f  u_clock_gen/u_mmcm/LOCKED
                         net (fo=1, routed)           0.723     0.723    u_clock_gen/clk25_locked
    SLICE_X53Y11         LUT2 (Prop_lut2_I1_O)        0.045     0.768 r  u_clock_gen/byte_idx[1]_i_1/O
                         net (fo=168, routed)         1.821     2.589    u_clock_gen/rst
    SLICE_X30Y55         LUT2 (Prop_lut2_I0_O)        0.046     2.635 r  u_clock_gen/clk_div[0]_i_1/O
                         net (fo=16, routed)          0.213     2.848    u_sccb_init/clk_div_reg[0]_0
    SLICE_X29Y56         FDRE                                         r  u_sccb_init/clk_div_reg[7]/R
  -------------------------------------------------------------------    -------------------

                         (clock sys_clk rise edge)    0.000     0.000 r  
    W5                                                0.000     0.000 r  CLK100MHZ (IN)
                         net (fo=0)                   0.000     0.000    CLK100MHZ
    W5                   IBUF (Prop_ibuf_I_O)         0.414     0.414 r  CLK100MHZ_IBUF_inst/O
                         net (fo=1, routed)           0.685     1.099    CLK100MHZ_IBUF
    BUFGCTRL_X0Y1        BUFG (Prop_bufg_I_O)         0.029     1.128 r  CLK100MHZ_IBUF_BUFG_inst/O
                         net (fo=87, routed)          0.831     1.958    u_sccb_init/CLK100MHZ_IBUF_BUFG
    SLICE_X29Y56         FDRE                                         r  u_sccb_init/clk_div_reg[7]/C





